gate,pin,sweep_type,VDD,CL,Wn,K,Temp,I_D_NMOS,I_D_PMOS,TpHL,TpLH,Tp,R_eq,source
NOR,A,CL,1.0,1e-15,2e-07,2.0,27.0,8.20183601105498e-05,6.297607057721392e-05,1.842989229811168e-11,2.6631491668355218e-11,2.253069198323345e-11,32653.17678729486,single_sweep
NOR,A,CL,1.0,1.325e-14,2e-07,2.0,27.0,0.0001117125184748,6.241425928051278e-05,6.72709198323014e-11,1.1582247178226379e-10,9.15466958072826e-11,10013.31099888243,single_sweep
NOR,A,CL,1.0,2.55e-14,2e-07,2.0,27.0,0.0001121843178739,6.191225772907956e-05,1.1548615481671989e-10,2.0483918048610127e-10,1.601626676514106e-10,9102.737576096086,single_sweep
NOR,A,CL,1.0,3.775e-14,2e-07,2.0,27.0,0.0001124868982878,6.343759906546101e-05,1.6344188526020709e-10,2.841207929556367e-10,2.2378133910792187e-10,8591.278975253745,single_sweep
NOR,A,CL,1.0,5e-14,2e-07,2.0,27.0,0.0001130752044434,6.249467872178211e-05,2.1095079854220938e-10,3.436331556472027e-10,2.7729197709470606e-10,8037.4486114407555,single_sweep
NOR,B,CL,1.0,1e-15,2e-07,2.0,27.0,6.892482971795642e-05,6.413782573085259e-05,1.4915936883347538e-11,2.340415920320345e-11,1.9160048043275492e-11,27768.185569964488,single_sweep
NOR,B,CL,1.0,1.325e-14,2e-07,2.0,27.0,0.0001110823020884,6.280858496514835e-05,6.459021831565661e-11,1.11630923512239e-10,8.811057091394779e-11,9637.470157391064,single_sweep
NOR,B,CL,1.0,2.55e-14,2e-07,2.0,27.0,0.0001124130231993,6.336356312917825e-05,1.124265265704615e-10,1.9890848276131447e-10,1.55667504665888e-10,8847.258008859792,single_sweep
NOR,B,CL,1.0,3.775e-14,2e-07,2.0,27.0,0.0001108957764192,6.320174192551987e-05,1.623503658490867e-10,2.8191548799165977e-10,2.2213292692037322e-10,8527.994123058768,single_sweep
NOR,B,CL,1.0,5e-14,2e-07,2.0,27.0,0.0001129871727962,6.283882287662983e-05,2.082266393068906e-10,3.4074963447776134e-10,2.74488136892326e-10,7956.177880936986,single_sweep
NOR,A,VDD,0.9,1e-14,2e-07,2.0,27.0,0.0001070770785872,5.00073518602478e-05,5.400111048979742e-11,1.0414406591831879e-10,7.907258820405812e-11,11459.79539189248,single_sweep
NOR,A,VDD,1.0,1e-14,2e-07,2.0,27.0,0.0001113741041733,6.277881655737337e-05,5.448624916458928e-11,9.197396140398595e-11,7.323010528428762e-11,10613.05873685328,single_sweep
NOR,A,VDD,1.1,1e-14,2e-07,2.0,27.0,0.0001144556784159,7.595610218662598e-05,5.517435980370705e-11,8.311703359809776e-11,6.914569670090239e-11,10021.1154638989,single_sweep
NOR,A,VDD,1.2,1e-14,2e-07,2.0,27.0,0.0001184523740061,9.044278126497016e-05,5.558396746701046e-11,7.604826515576389e-11,6.581611631138717e-11,9538.56758136046,single_sweep
NOR,A,VDD,1.3,1e-14,2e-07,2.0,27.0,0.0001210529142329,0.0001054046421824,5.690604442042807e-11,7.019513333350979e-11,6.355058887696893e-11,9210.230272024484,single_sweep
NOR,B,VDD,0.9,1e-14,2e-07,2.0,27.0,0.0001071674448339,4.909799255869547e-05,5.133148954474035e-11,1.00480206463206e-10,7.590584800397316e-11,11000.847536807709,single_sweep
NOR,B,VDD,1.0,1e-14,2e-07,2.0,27.0,0.0001111075973208,6.193090678465256e-05,5.168962946896955e-11,8.886040218167372e-11,7.027501582532164e-11,10184.784902220528,single_sweep
NOR,B,VDD,1.1,1e-14,2e-07,2.0,27.0,0.0001146821091155,7.564490514072231e-05,5.203379404830671e-11,8.052368677628126e-11,6.627874041229397e-11,9605.614552506377,single_sweep
NOR,B,VDD,1.2,1e-14,2e-07,2.0,27.0,0.0001179465399056,9.089464366544518e-05,5.247383133230241e-11,7.409478377290467e-11,6.328430755260354e-11,9171.638775739644,single_sweep
NOR,B,VDD,1.3,1e-14,2e-07,2.0,27.0,0.0001208538392158,0.0001050638017927,5.3520731310700956e-11,6.938182602322425e-11,6.145127866696261e-11,8905.982415501829,single_sweep
NOR,A,Wn,1.0,1e-14,1e-07,2.0,27.0,5.540963954143523e-05,3.102107531808423e-05,9.490369388389158e-11,1.6833895415150859e-10,1.3162132401770008e-10,19075.55420546378,single_sweep
NOR,A,Wn,1.0,1e-14,2e-07,2.0,27.0,0.0001113741041733,6.277881655737337e-05,5.448624916458928e-11,9.197396140398595e-11,7.323010528428762e-11,10613.05873685328,single_sweep
NOR,A,Wn,1.0,1e-14,3e-07,2.0,27.0,0.0001671197560432,9.522787098675466e-05,4.137099673408222e-11,6.685627172180958e-11,5.4113634227945895e-11,7842.555685209551,single_sweep
NOR,A,Wn,1.0,1e-14,4e-07,2.0,27.0,0.000221744599899,0.0001272771154134,3.4927010595859265e-11,5.481831003898972e-11,4.4872660317424485e-11,6503.2841039745645,single_sweep
NOR,A,Wn,1.0,1e-14,5e-07,2.0,27.0,0.0002759906287793,0.0001599602777543,3.103061835806832e-11,4.741549385121045e-11,3.9223056104639376e-11,5684.500884730346,single_sweep
NOR,B,Wn,1.0,1e-14,1e-07,2.0,27.0,5.533441107381871e-05,3.08439704924993e-05,9.16277631454287e-11,1.642920735637281e-10,1.279599183545784e-10,18544.91570356209,single_sweep
NOR,B,Wn,1.0,1e-14,2e-07,2.0,27.0,0.0001111075973208,6.193090678465256e-05,5.168962946896955e-11,8.886040218167372e-11,7.027501582532164e-11,10184.784902220528,single_sweep
NOR,B,Wn,1.0,1e-14,3e-07,2.0,27.0,0.0001666486848668,9.423697237992884e-05,3.860152690811162e-11,6.356270057134084e-11,5.108211373972624e-11,7403.204889815397,single_sweep
NOR,B,Wn,1.0,1e-14,4e-07,2.0,27.0,0.0002208415302305,0.0001267651479595,3.222903998461265e-11,5.1328877288481316e-11,4.1778958636546975e-11,6054.921541528549,single_sweep
NOR,B,Wn,1.0,1e-14,5e-07,2.0,27.0,0.0002745134335303,0.0001591351727795,2.843153586177743e-11,4.408295886173337e-11,3.6257247361755395e-11,5254.673530689189,single_sweep
NOR,A,k,1.0,1e-14,2e-07,2.0,27.0,0.0001113741041733,6.277881655739746e-05,5.448624916458432e-11,9.197396140397728e-11,7.32301052842808e-11,10613.05873685229,single_sweep
NOR,A,k,1.0,1e-14,2e-07,2.5,27.0,0.0001108066418337,7.836804396909558e-05,5.632520095255976e-11,7.653611197350577e-11,6.643065646303277e-11,9627.631371454025,single_sweep
NOR,A,k,1.0,1e-14,2e-07,3.0,27.0,0.00011084972954,9.510879346199114e-05,5.797880225706722e-11,6.590265058476786e-11,6.194072642091754e-11,8976.916872596745,single_sweep
NOR,A,k,1.0,1e-14,2e-07,3.5,27.0,0.0001109729544904,0.000110544253735,5.960148462100111e-11,5.876393827305956e-11,5.918271144703034e-11,8577.20455754063,single_sweep
NOR,A,k,1.0,1e-14,2e-07,4.0,27.0,0.0001111391757359,0.0001279597686873,6.120286759177151e-11,5.305220971590364e-11,5.7127538653837575e-11,8279.353428092403,single_sweep
NOR,B,k,1.0,1e-14,2e-07,2.0,27.0,0.0001111075973208,6.193090678469778e-05,5.168962946898692e-11,8.886040218162326e-11,7.02750158253051e-11,10184.78490221813,single_sweep
NOR,B,k,1.0,1e-14,2e-07,2.5,27.0,0.0001110310788095,7.899261411818304e-05,5.263621232577071e-11,7.260310428488375e-11,6.261965830532724e-11,9075.312797873514,single_sweep
NOR,B,k,1.0,1e-14,2e-07,3.0,27.0,0.0001109992861522,9.549230447286488e-05,5.353755403407779e-11,6.223772527194647e-11,5.7887639653012126e-11,8389.512993190165,single_sweep
NOR,B,k,1.0,1e-14,2e-07,3.5,27.0,0.0001110012536301,0.0001103409166559,5.4400872771386834e-11,5.5220927317377947e-11,5.48109000443824e-11,7943.608702084406,single_sweep
NOR,B,k,1.0,1e-14,2e-07,4.0,27.0,0.0001110286883136,0.0001266483728176,5.523035346748088e-11,4.9703996345008135e-11,5.2467174906244504e-11,7603.93839220935,single_sweep
NOR,A,Temp,1.0,1e-14,2e-07,2.0,-20.0,0.0001495663925772,7.52081606934198e-05,4.284290398099563e-11,7.890011291242692e-11,6.087150844671126e-11,8821.957745900185,single_sweep
NOR,A,Temp,1.0,1e-14,2e-07,2.0,-4.444444,0.0001398777400531,7.165328077192928e-05,4.521463905709608e-11,8.212413359558426e-11,6.366938632634017e-11,9227.447293672489,single_sweep
NOR,A,Temp,1.0,1e-14,2e-07,2.0,11.11111,0.0001312021452741,6.797065203695274e-05,4.7660178946604296e-11,8.546862253340707e-11,6.656440074000567e-11,9647.014600000824,single_sweep
NOR,A,Temp,1.0,1e-14,2e-07,2.0,26.66667,0.0001224674702769,6.57880993543988e-05,5.02821610458773e-11,8.81088225971814e-11,6.919549182152936e-11,10028.332148047732,single_sweep
NOR,A,Temp,1.0,1e-14,2e-07,2.0,42.22222,0.0001148905181516,6.370475663567484e-05,5.3061711383894446e-11,9.072153541409796e-11,7.18916233989962e-11,10419.075854926989,single_sweep
NOR,A,Temp,1.0,1e-14,2e-07,2.0,57.77778,0.0001073462735874,6.194890574742083e-05,5.614671584351743e-11,9.317061164133025e-11,7.465866374242385e-11,10820.096194554182,single_sweep
NOR,A,Temp,1.0,1e-14,2e-07,2.0,73.33333,0.0001008705221326,6.042666384617738e-05,5.924282898870003e-11,9.548404597568756e-11,7.736343748219379e-11,11212.09238872374,single_sweep
NOR,A,Temp,1.0,1e-14,2e-07,2.0,88.88889,9.501855789095784e-05,5.7822625404749e-05,6.243576095461045e-11,9.861073510419911e-11,8.052324802940478e-11,11670.035946290547,single_sweep
NOR,A,Temp,1.0,1e-14,2e-07,2.0,104.4444,8.881742825511931e-05,5.653456600260166e-05,6.614187290809384e-11,1.0079739833571089e-10,8.346963562190238e-11,12097.04864085542,single_sweep
NOR,A,Temp,1.0,1e-14,2e-07,2.0,120.0,8.335889373074453e-05,5.539984755394018e-05,6.991132721592487e-11,1.0287338851290679e-10,8.639235786441582e-11,12520.63157455302,single_sweep
NOR,B,Temp,1.0,1e-14,2e-07,2.0,-20.0,0.0001497151198995,7.490110770964922e-05,4.0707954581506215e-11,7.592995984893407e-11,5.831895721522014e-11,8452.022784814513,single_sweep
NOR,B,Temp,1.0,1e-14,2e-07,2.0,-4.444444,0.0001402041787805,7.175177904671083e-05,4.288270070999207e-11,7.874488298480587e-11,6.081379184739897e-11,8813.59302136217,single_sweep
NOR,B,Temp,1.0,1e-14,2e-07,2.0,11.11111,0.0001308035137944,6.888895909737175e-05,4.53014110453612e-11,8.146432590437888e-11,6.338286847487004e-11,9185.92296737247,single_sweep
NOR,B,Temp,1.0,1e-14,2e-07,2.0,26.66667,0.0001225942440966,6.590832259005259e-05,4.7760337866296406e-11,8.445623144292133e-11,6.610828465460888e-11,9580.910819508534,single_sweep
NOR,B,Temp,1.0,1e-14,2e-07,2.0,42.22222,0.0001149757939282,6.298934356821095e-05,5.0265907098168775e-11,8.755373996884949e-11,6.890982353350914e-11,9986.930946885384,single_sweep
NOR,B,Temp,1.0,1e-14,2e-07,2.0,57.77778,0.0001075197158397,6.194891609544494e-05,5.311894897416617e-11,8.931518634830338e-11,7.121706766123477e-11,10321.314153802145,single_sweep
NOR,B,Temp,1.0,1e-14,2e-07,2.0,73.33333,0.0001009865604204,6.04940526338932e-05,5.601669670986198e-11,9.140407104641288e-11,7.371038387813744e-11,10682.664330164847,single_sweep
NOR,B,Temp,1.0,1e-14,2e-07,2.0,88.88889,9.508761218976228e-05,5.818075226399823e-05,5.899871705527587e-11,9.421893089483996e-11,7.660882397505792e-11,11102.728112327237,single_sweep
NOR,B,Temp,1.0,1e-14,2e-07,2.0,104.4444,8.905514191793989e-05,5.599904984909137e-05,6.237199665471687e-11,9.706931819073039e-11,7.972065742272364e-11,11553.7184670614,single_sweep
NOR,B,Temp,1.0,1e-14,2e-07,2.0,120.0,8.344677066279664e-05,5.472637750980966e-05,6.595721387639565e-11,9.912260462302885e-11,8.253990924971226e-11,11962.305688364097,single_sweep
NOR,A,multi_1,0.9,1e-15,2e-07,2.0,27.0,7.531834727256183e-05,4.975785328812969e-05,1.9827614706248458e-11,2.982769267088796e-11,2.4827653688568208e-11,35982.10679502639,multi_sweep
NOR,A,multi_1,0.9,1.325e-14,2e-07,2.0,27.0,0.0001076666825546,4.900612904185725e-05,6.584020382851439e-11,1.3213217221134659e-10,9.898618801993049e-11,10827.037245822314,multi_sweep
NOR,A,multi_1,0.9,2.55e-14,2e-07,2.0,27.0,0.000107796426719,5.031372962824624e-05,1.1088488453353719e-10,2.3049151151990217e-10,1.7068819802671968e-10,9700.949021126442,multi_sweep
NOR,A,multi_1,0.9,3.775e-14,2e-07,2.0,27.0,0.000107099408996,4.986451366729681e-05,1.56583613185054e-10,3.2608065439085706e-10,2.4133213378795555e-10,9265.078559860083,multi_sweep
NOR,A,multi_1,0.9,5e-14,2e-07,2.0,27.0,0.0001086390768218,5.012565658634009e-05,1.9996855148972009e-10,3.9711255800087844e-10,2.985405547452993e-10,8653.349412907226,multi_sweep
NOR,A,multi_1,1.0,1e-15,2e-07,2.0,27.0,8.201836011055078e-05,6.297607057720738e-05,1.842989229811168e-11,2.6631491668355628e-11,2.253069198323365e-11,32653.176787295157,multi_sweep
NOR,A,multi_1,1.0,1.325e-14,2e-07,2.0,27.0,0.0001117125184748,6.241425928027402e-05,6.727091983230307e-11,1.158224717826397e-10,9.154669580747138e-11,10013.310998903078,multi_sweep
NOR,A,multi_1,1.0,2.55e-14,2e-07,2.0,27.0,0.0001121843178738,6.191225772896211e-05,1.1548615481685009e-10,2.0483918048632958e-10,1.6016266765158983e-10,9102.737576106274,multi_sweep
NOR,A,multi_1,1.0,3.775e-14,2e-07,2.0,27.0,0.0001124868982879,6.343759906541764e-05,1.634418852600954e-10,2.841207929557269e-10,2.2378133910791114e-10,8591.278975253332,multi_sweep
NOR,A,multi_1,1.0,5e-14,2e-07,2.0,27.0,0.0001130752044432,6.24946787218127e-05,2.109507985425878e-10,3.436331556471254e-10,2.7729197709485655e-10,8037.448611445119,multi_sweep
NOR,A,multi_1,1.1,1e-15,2e-07,2.0,27.0,8.949432251232295e-05,7.090095159241519e-05,1.726557720138664e-11,2.401841185285504e-11,2.064199452712084e-11,29915.93409727658,multi_sweep
NOR,A,multi_1,1.1,1.325e-14,2e-07,2.0,27.0,0.0001145800911956,7.576652237967754e-05,6.892750852591158e-11,1.0441935702954019e-10,8.667343277772589e-11,9480.277033385388,multi_sweep
NOR,A,multi_1,1.1,2.55e-14,2e-07,2.0,27.0,0.0001160601156745,7.551368607600031e-05,1.198228990836685e-10,1.8437759463172208e-10,1.5210024685769528e-10,8644.515308763588,multi_sweep
NOR,A,multi_1,1.1,3.775e-14,2e-07,2.0,27.0,0.0001160172878578,7.564444501439352e-05,1.714010697020157e-10,2.573189965334318e-10,2.143600331177237e-10,8229.581845387225,multi_sweep
NOR,A,multi_1,1.1,5e-14,2e-07,2.0,27.0,0.0001167496762095,7.694225112379806e-05,2.2179999287434748e-10,3.0004776499761507e-10,2.6092387893598127e-10,7563.010983651633,multi_sweep
NOR,A,multi_1,1.2,1e-15,2e-07,2.0,27.0,9.797284887614475e-05,7.994194310551806e-05,1.6350991454314118e-11,2.20161039027501e-11,1.9183547678532112e-11,27802.24301236538,multi_sweep
NOR,A,multi_1,1.2,1.325e-14,2e-07,2.0,27.0,0.0001183499304202,9.141318627386888e-05,7.017286150006423e-11,9.463019434145656e-11,8.240152792076039e-11,9013.019187395175,multi_sweep
NOR,A,multi_1,1.2,2.55e-14,2e-07,2.0,27.0,0.0001195685422667,9.006132436973229e-05,1.2401727152258778e-10,1.6821025448122309e-10,1.4611376300190547e-10,8304.2775221316,multi_sweep
NOR,A,multi_1,1.2,3.775e-14,2e-07,2.0,27.0,0.0001188185369405,9.144102732252728e-05,1.799632730070788e-10,2.315276703154491e-10,2.0574547166126394e-10,7898.856767876532,multi_sweep
NOR,A,multi_1,1.2,5e-14,2e-07,2.0,27.0,0.0001199758707568,9.074659123422266e-05,2.325032859051608e-10,2.669322847908649e-10,2.4971778534801277e-10,7238.196676753995,multi_sweep
NOR,A,multi_1,1.3,1e-15,2e-07,2.0,27.0,0.0001059861662754,8.967550782937839e-05,1.552527298185383e-11,2.083956154104307e-11,1.8182417261448448e-11,26351.329364418045,multi_sweep
NOR,A,multi_1,1.3,1.325e-14,2e-07,2.0,27.0,0.0001216927288618,0.0001046366512715,7.199726247274802e-11,8.822998371016326e-11,8.011362309145565e-11,8762.769821324107,multi_sweep
NOR,A,multi_1,1.3,2.55e-14,2e-07,2.0,27.0,0.0001223375770267,0.0001043452075819,1.298509623902997e-10,1.5498755008054518e-10,1.4241925623542242e-10,8094.302713010655,multi_sweep
NOR,A,multi_1,1.3,3.775e-14,2e-07,2.0,27.0,0.0001222604566077,0.0001045041298925,1.8897390780206848e-10,2.1212713862671128e-10,2.0055052321438988e-10,7699.415422377961,multi_sweep
NOR,A,multi_1,1.3,5e-14,2e-07,2.0,27.0,0.0001227359161612,0.0001060447483609,2.4613207766835566e-10,2.32879208896298e-10,2.3950564328232686e-10,6942.192558908026,multi_sweep
NOR,B,multi_1,0.9,1e-15,2e-07,2.0,27.0,6.355730457565991e-05,4.978225586355695e-05,1.6437017957431697e-11,2.528261905981434e-11,2.085981850862302e-11,30231.621026989884,multi_sweep
NOR,B,multi_1,0.9,1.325e-14,2e-07,2.0,27.0,0.0001074117317701,4.950863734126647e-05,6.323843574140285e-11,1.2691200327701258e-10,9.507521950920772e-11,10399.258354849082,multi_sweep
NOR,B,multi_1,0.9,2.55e-14,2e-07,2.0,27.0,0.0001079150924547,4.95759902833841e-05,1.08110067939836e-10,2.2768135420543607e-10,1.6789571107263604e-10,9542.239901826431,multi_sweep
NOR,B,multi_1,0.9,3.775e-14,2e-07,2.0,27.0,0.0001074828021206,5.039528724737395e-05,1.5358299352687359e-10,3.207876422636384e-10,2.37185317895256e-10,9105.876490843884,multi_sweep
NOR,B,multi_1,0.9,5e-14,2e-07,2.0,27.0,0.0001070651087804,5.010688927201186e-05,1.993702349733265e-10,3.9421345282303166e-10,2.9679184389817905e-10,8602.662141976207,multi_sweep
NOR,B,multi_1,1.0,1e-15,2e-07,2.0,27.0,6.892482971795934e-05,6.413782573085273e-05,1.4915936883347538e-11,2.340415920320345e-11,1.9160048043275492e-11,27768.185569964488,multi_sweep
NOR,B,multi_1,1.0,1.325e-14,2e-07,2.0,27.0,0.0001110823020884,6.280858496531243e-05,6.45902183156624e-11,1.116309235120984e-10,8.81105709138804e-11,9637.470157383692,multi_sweep
NOR,B,multi_1,1.0,2.55e-14,2e-07,2.0,27.0,0.0001124130231994,6.336356312925545e-05,1.1242652657040929e-10,1.9890848276117217e-10,1.5566750466579074e-10,8847.258008854264,multi_sweep
NOR,B,multi_1,1.0,3.775e-14,2e-07,2.0,27.0,0.0001108957764196,6.320174192555846e-05,1.6235036584866268e-10,2.8191548799157545e-10,2.2213292692011907e-10,8527.994123049011,multi_sweep
NOR,B,multi_1,1.0,5e-14,2e-07,2.0,27.0,0.000112987172796,6.283882287664944e-05,2.082266393071417e-10,3.4074963447773906e-10,2.7448813689244036e-10,7956.177880940302,multi_sweep
NOR,B,multi_1,1.1,1e-15,2e-07,2.0,27.0,7.452145072538975e-05,7.155849530835903e-05,1.3610578721836398e-11,2.198107544495606e-11,1.779582708339623e-11,25791.053744052508,multi_sweep
NOR,B,multi_1,1.1,1.325e-14,2e-07,2.0,27.0,0.000114718684083,7.686479550611225e-05,6.575621943306539e-11,1.0080356326746359e-10,8.327989135026449e-11,9109.093940417228,multi_sweep
NOR,B,multi_1,1.1,2.55e-14,2e-07,2.0,27.0,0.0001146082074077,7.545360788898417e-05,1.1779688227905948e-10,1.816795141264164e-10,1.497381982027379e-10,8510.269860911507,multi_sweep
NOR,B,multi_1,1.1,3.775e-14,2e-07,2.0,27.0,0.0001155017346495,7.619629424662579e-05,1.6915220148923967e-10,2.539404233282963e-10,2.11546312408768e-10,8121.55916724323,multi_sweep
NOR,B,multi_1,1.1,5e-14,2e-07,2.0,27.0,0.0001159349825374,7.66546680022282e-05,2.1986686645206628e-10,3.000906323626984e-10,2.5997874940738235e-10,7535.615924851662,multi_sweep
NOR,B,multi_1,1.2,1e-15,2e-07,2.0,27.0,8.284884744068007e-05,7.890610361960298e-05,1.26628366192e-11,2.1142967234276938e-11,1.690290192673847e-11,24496.959314113727,multi_sweep
NOR,B,multi_1,1.2,1.325e-14,2e-07,2.0,27.0,0.0001181886398342,8.985158135235438e-05,6.702006337561272e-11,9.372064412343158e-11,8.037035374952215e-11,8790.850833964689,multi_sweep
NOR,B,multi_1,1.2,2.55e-14,2e-07,2.0,27.0,0.0001195811882351,9.01179032663648e-05,1.2081517324504378e-10,1.6604886468444018e-10,1.43432018964742e-10,8151.862402088208,multi_sweep
NOR,B,multi_1,1.2,3.775e-14,2e-07,2.0,27.0,0.00011877723626,8.948085287006551e-05,1.768679936788361e-10,2.3271062175629137e-10,2.0478930771756372e-10,7862.148295136339,multi_sweep
NOR,B,multi_1,1.2,5e-14,2e-07,2.0,27.0,0.0001190129655077,9.049677357995058e-05,2.309268461331453e-10,2.67141728806385e-10,2.4903428746976514e-10,7218.3851440511635,multi_sweep
NOR,B,multi_1,1.3,1e-15,2e-07,2.0,27.0,9.132425100007716e-05,8.818086219950012e-05,1.1821299858421899e-11,2.067480366011578e-11,1.624805175926884e-11,23547.901100389623,multi_sweep
NOR,B,multi_1,1.3,1.325e-14,2e-07,2.0,27.0,0.0001210234263648,0.0001046064823752,6.899176924285761e-11,8.715489022801288e-11,7.807332973543524e-11,8539.604018095188,multi_sweep
NOR,B,multi_1,1.3,2.55e-14,2e-07,2.0,27.0,0.00012227819304,0.0001050402772969,1.266935483401645e-10,1.5318291575520258e-10,1.3993823204768355e-10,7953.295370712337,multi_sweep
NOR,B,multi_1,1.3,3.775e-14,2e-07,2.0,27.0,0.0001213302246921,0.0001047154229738,1.86923029798934e-10,2.1060041540151718e-10,1.987617226002256e-10,7630.740861895601,multi_sweep
NOR,B,multi_1,1.3,5e-14,2e-07,2.0,27.0,0.0001222709185464,0.0001047507508867,2.434924283716005e-10,2.349286253789555e-10,2.39210526875278e-10,6933.638460152986,multi_sweep
NOR,A,multi_2,0.9,1e-14,1e-07,2.0,27.0,5.351972105126592e-05,2.38904379687424e-05,9.130077956487077e-11,1.9456654656664438e-10,1.429336630657576e-10,20715.02363271849,multi_sweep
NOR,A,multi_2,0.9,1e-14,2e-07,2.0,27.0,0.0001070770785872,5.000735185967913e-05,5.4001110489794936e-11,1.0414406591894449e-10,7.907258820436972e-11,11459.79539193764,multi_sweep
NOR,A,multi_2,0.9,1e-14,3e-07,2.0,27.0,0.0001602749691075,7.506483645248164e-05,4.1847622574378346e-11,7.613197544849571e-11,5.898979901143703e-11,8549.246233541598,multi_sweep
NOR,A,multi_2,0.9,1e-14,4e-07,2.0,27.0,0.0002130349550009,9.999663856316858e-05,3.5791913465544686e-11,6.22330061384327e-11,4.9012459801988696e-11,7103.255043766479,multi_sweep
NOR,A,multi_2,0.9,1e-14,5e-07,2.0,27.0,0.0002658136807943,0.000126419336273,3.210977828908574e-11,5.3669365266692796e-11,4.288957177788927e-11,6215.87996781004,multi_sweep
NOR,A,multi_2,1.0,1e-14,1e-07,2.0,27.0,5.540963954139602e-05,3.102107531798776e-05,9.490369388393584e-11,1.683389541517956e-10,1.316213240178657e-10,19075.554205487788,multi_sweep
NOR,A,multi_2,1.0,1e-14,2e-07,2.0,27.0,0.0001113741041733,6.277881655741653e-05,5.448624916458845e-11,9.197396140397147e-11,7.323010528427997e-11,10613.05873685217,multi_sweep
NOR,A,multi_2,1.0,1e-14,3e-07,2.0,27.0,0.0001671197560432,9.522787098684812e-05,4.137099673408264e-11,6.685627172178144e-11,5.4113634227932046e-11,7842.555685207543,multi_sweep
NOR,A,multi_2,1.0,1e-14,4e-07,2.0,27.0,0.000221744599899,0.0001272771154133,3.4927010595859265e-11,5.48183100389984e-11,4.487266031742884e-11,6503.284103975194,multi_sweep
NOR,A,multi_2,1.0,1e-14,5e-07,2.0,27.0,0.0002759906287793,0.0001599602777547,3.103061835806666e-11,4.741549385117612e-11,3.9223056104621385e-11,5684.500884727739,multi_sweep
NOR,A,multi_2,1.1,1e-14,1e-07,2.0,27.0,5.750709121906942e-05,3.694071910778932e-05,9.790002387487663e-11,1.5367946293243169e-10,1.2578974340365416e-10,18230.39759473249,multi_sweep
NOR,A,multi_2,1.1,1e-14,2e-07,2.0,27.0,0.000114455678416,7.595610218668995e-05,5.517435980369671e-11,8.311703359804978e-11,6.914569670087325e-11,10021.115463894674,multi_sweep
NOR,A,multi_2,1.1,1e-14,3e-07,2.0,27.0,0.0001719457580516,0.0001155994840742,4.1052759470670447e-11,6.040717810258173e-11,5.072996878662609e-11,7352.1693893661,multi_sweep
NOR,A,multi_2,1.1,1e-14,4e-07,2.0,27.0,0.000228640157899,0.0001552887972465,3.4174229503657837e-11,4.938933671942147e-11,4.1781783111539656e-11,6055.3308857303855,multi_sweep
NOR,A,multi_2,1.1,1e-14,5e-07,2.0,27.0,0.0002852261902298,0.0001943185281356,3.003295156922765e-11,4.2890481750390806e-11,3.646171665980923e-11,5284.306762291193,multi_sweep
NOR,A,multi_2,1.2,1e-14,1e-07,2.0,27.0,5.900983676904984e-05,4.398376045398754e-05,1.0144284945811039e-10,1.4027622758338749e-10,1.2085953852074896e-10,17515.875147934632,multi_sweep
NOR,A,multi_2,1.2,1e-14,2e-07,2.0,27.0,0.0001184523740061,9.044278126498008e-05,5.558396746701707e-11,7.60482651557734e-11,6.581611631139524e-11,9538.567581361627,multi_sweep
NOR,A,multi_2,1.2,1e-14,3e-07,2.0,27.0,0.0001771434260905,0.0001378103370083,4.075024614730162e-11,5.527122009451491e-11,4.801073312090827e-11,6958.07726389975,multi_sweep
NOR,A,multi_2,1.2,1e-14,4e-07,2.0,27.0,0.0002353249898594,0.0001841513915708,3.353367689619732e-11,4.5387733508082076e-11,3.9460705202139695e-11,5718.942782918798,multi_sweep
NOR,A,multi_2,1.2,1e-14,5e-07,2.0,27.0,0.000293265509042,0.0002302720591052,2.923357574696665e-11,3.953507146885709e-11,3.438432360791187e-11,4983.235305494474,multi_sweep
NOR,A,multi_2,1.3,1e-14,1e-07,2.0,27.0,6.055561220760501e-05,5.104288508201854e-05,1.057404738749862e-10,1.293243335803435e-10,1.1753240372766484e-10,17033.681699661574,multi_sweep
NOR,A,multi_2,1.3,1e-14,2e-07,2.0,27.0,0.0001210529142329,0.0001054046421823,5.690604442043882e-11,7.019513333351434e-11,6.355058887697658e-11,9210.230272025592,multi_sweep
NOR,A,multi_2,1.3,1e-14,3e-07,2.0,27.0,0.0001815133263116,0.0001600699712823,4.103809628231853e-11,5.1338238887923456e-11,4.6188167585121e-11,6693.937331176957,multi_sweep
NOR,A,multi_2,1.3,1e-14,4e-07,2.0,27.0,0.0002414679711413,0.0002132095870227,3.3286611615943226e-11,4.23930567207205e-11,3.7839834168331865e-11,5484.033937439402,multi_sweep
NOR,A,multi_2,1.3,1e-14,5e-07,2.0,27.0,0.000300782238921,0.0002674571883939,2.8727925369980438e-11,3.694012201122286e-11,3.283402369060165e-11,4758.55415805821,multi_sweep
NOR,B,multi_2,0.9,1e-14,1e-07,2.0,27.0,5.322189426403464e-05,2.464925364826039e-05,8.846422238819419e-11,1.8577484578645008e-10,1.3711953408732214e-10,19872.396244539443,multi_sweep
NOR,B,multi_2,0.9,1e-14,2e-07,2.0,27.0,0.0001071674448339,4.909799255901951e-05,5.1331489544736625e-11,1.0048020646272829e-10,7.590584800373247e-11,11000.847536772822,multi_sweep
NOR,B,multi_2,0.9,1e-14,3e-07,2.0,27.0,0.0001601516002289,7.536263339543276e-05,3.9288840120354757e-11,7.117716754788942e-11,5.523300383412209e-11,8004.783164365521,multi_sweep
NOR,B,multi_2,0.9,1e-14,4e-07,2.0,27.0,0.0002126009248855,9.974880046142416e-05,3.3322129399453456e-11,5.768249389291119e-11,4.5502311646182315e-11,6594.537919736569,multi_sweep
NOR,B,multi_2,0.9,1e-14,5e-07,2.0,27.0,0.0002641405581541,0.0001259129774159,2.9803343498984356e-11,4.903575500026292e-11,3.941954924962364e-11,5712.978152119369,multi_sweep
NOR,B,multi_2,1.0,1e-14,1e-07,2.0,27.0,5.533441107391454e-05,3.084397049250818e-05,9.162776314532571e-11,1.642920735636793e-10,1.2795991835450248e-10,18544.91570355109,multi_sweep
NOR,B,multi_2,1.0,1e-14,2e-07,2.0,27.0,0.0001111075973208,6.193090678461923e-05,5.168962946896955e-11,8.886040218172749e-11,7.027501582534851e-11,10184.784902224425,multi_sweep
NOR,B,multi_2,1.0,1e-14,3e-07,2.0,27.0,0.0001666486848668,9.423697238009532e-05,3.86015269081141e-11,6.356270057128006e-11,5.108211373969708e-11,7403.204889811172,multi_sweep
NOR,B,multi_2,1.0,1e-14,4e-07,2.0,27.0,0.0002208415302305,0.0001267651479593,3.222903998461265e-11,5.1328877288523496e-11,4.177895863656808e-11,6054.921541531606,multi_sweep
NOR,B,multi_2,1.0,1e-14,5e-07,2.0,27.0,0.0002745134335303,0.0001591351727795,2.843153586177784e-11,4.4082958861734195e-11,3.6257247361756015e-11,5254.673530689279,multi_sweep
NOR,B,multi_2,1.1,1e-14,1e-07,2.0,27.0,5.756551256258323e-05,3.732896616128451e-05,9.426026170114488e-11,1.4909921429494038e-10,1.2167973799804264e-10,17634.744637397485,multi_sweep
NOR,B,multi_2,1.1,1e-14,2e-07,2.0,27.0,0.0001146821091155,7.564490514080883e-05,5.203379404830671e-11,8.052368677619937e-11,6.627874041225304e-11,9605.61455250044,multi_sweep
NOR,B,multi_2,1.1,1e-14,3e-07,2.0,27.0,0.000171983256274,0.0001155180304505,3.806481167774055e-11,5.7855955991851915e-11,4.796038383479624e-11,6950.780265912498,multi_sweep
NOR,B,multi_2,1.1,1e-14,4e-07,2.0,27.0,0.0002279704012175,0.0001556861294901,3.124218543201875e-11,4.692050924775913e-11,3.908134733988894e-11,5663.9633825926,multi_sweep
NOR,B,multi_2,1.1,1e-14,5e-07,2.0,27.0,0.0002837111718113,0.0001951428652702,2.718878435473507e-11,4.061142487875845e-11,3.390010461674676e-11,4913.058640108226,multi_sweep
NOR,B,multi_2,1.2,1e-14,1e-07,2.0,27.0,5.91643985990305e-05,4.410022620588392e-05,9.739675056667072e-11,1.372779157495734e-10,1.1733733315812205e-10,17005.410602626383,multi_sweep
NOR,B,multi_2,1.2,1e-14,2e-07,2.0,27.0,0.0001179465399055,9.089464366602817e-05,5.247383133231399e-11,7.409478377270573e-11,6.328430755250986e-11,9171.638775726067,multi_sweep
NOR,B,multi_2,1.2,1e-14,3e-07,2.0,27.0,0.000176958981115,0.0001378129467946,3.761158803190373e-11,5.3852147788067796e-11,4.5731867909985765e-11,6627.806943476198,multi_sweep
NOR,B,multi_2,1.2,1e-14,4e-07,2.0,27.0,0.0002347280360574,0.0001836684602058,3.038797468321724e-11,4.4171893810300165e-11,3.7279934246758704e-11,5402.889021269378,multi_sweep
NOR,B,multi_2,1.2,1e-14,5e-07,2.0,27.0,0.000291807111828,0.0002304316355195,2.6148168333402158e-11,3.8347342104723966e-11,3.2247755219063064e-11,4673.587712907691,multi_sweep
NOR,B,multi_2,1.3,1e-14,1e-07,2.0,27.0,6.013699761251225e-05,5.173528609392097e-05,1.0223871909903069e-10,1.265004037012908e-10,1.1436956140016073e-10,16575.298753646486,multi_sweep
NOR,B,multi_2,1.3,1e-14,2e-07,2.0,27.0,0.0001208538392158,0.0001050638017929,5.352073131068276e-11,6.938182602315437e-11,6.145127866691856e-11,8905.982415495444,multi_sweep
NOR,B,multi_2,1.3,1e-14,3e-07,2.0,27.0,0.0001813802582885,0.0001588318750503,3.7650328965145966e-11,5.0952561415605817e-11,4.4301445190375895e-11,6420.499302953029,multi_sweep
NOR,B,multi_2,1.3,1e-14,4e-07,2.0,27.0,0.0002405740857988,0.0002132815959748,2.998974396281624e-11,4.207760076665455e-11,3.60336723647354e-11,5222.271357208028,multi_sweep
NOR,B,multi_2,1.3,1e-14,5e-07,2.0,27.0,0.0002991472084729,0.0002672152674417,2.544145884773881e-11,3.691739598888738e-11,3.117942741831309e-11,4518.757596856971,multi_sweep
NOR,A,multi_3,0.9,1e-14,2e-07,2.0,-20.0,0.0001454886424456,5.899978779082355e-05,4.291003686222392e-11,8.978954394384163e-11,6.634979040303277e-11,9615.911652613446,multi_sweep
NOR,A,multi_3,0.9,1e-14,2e-07,2.0,-4.444444,0.0001351564947357,5.713312033371022e-05,4.5220200537822946e-11,9.28974171952804e-11,6.905880886655167e-11,10008.523024137923,multi_sweep
NOR,A,multi_3,0.9,1e-14,2e-07,2.0,11.11111,0.0001264364607535,5.363443220179178e-05,4.756663943409348e-11,9.717138986630546e-11,7.236901465019947e-11,10488.262992782533,multi_sweep
NOR,A,multi_3,0.9,1e-14,2e-07,2.0,26.66667,0.0001179550187626,5.197248923864961e-05,5.0021101966075696e-11,1.0014576943266479e-10,7.508343569937025e-11,10881.65734773482,multi_sweep
NOR,A,multi_3,0.9,1e-14,2e-07,2.0,42.22222,0.000110507264542,5.062812716977751e-05,5.2653289289519876e-11,1.028332897848447e-10,7.77432895371823e-11,11267.143411185842,multi_sweep
NOR,A,multi_3,0.9,1e-14,2e-07,2.0,57.77778,0.0001038077097017,4.855915521843459e-05,5.5373902031915396e-11,1.0633338398477729e-10,8.085364300834636e-11,11717.919276571936,multi_sweep
NOR,A,multi_3,0.9,1e-14,2e-07,2.0,73.33333,9.707351846182444e-05,4.788167798703825e-05,5.839412928063849e-11,1.0825271252780869e-10,8.33234209042236e-11,12075.858102061393,multi_sweep
NOR,A,multi_3,0.9,1e-14,2e-07,2.0,88.88889,9.086358797380352e-05,4.632471719068312e-05,6.159915222394954e-11,1.11382099095609e-10,8.649062565977926e-11,12534.873284025982,multi_sweep
NOR,A,multi_3,0.9,1e-14,2e-07,2.0,104.4444,8.5596442078968e-05,4.491781914199368e-05,6.477704010114919e-11,1.142799034217092e-10,8.952847176142919e-11,12975.14083498974,multi_sweep
NOR,A,multi_3,0.9,1e-14,2e-07,2.0,120.0,7.996796570064029e-05,4.306433431159221e-05,6.851069245816795e-11,1.180271314255483e-10,9.326891194185812e-11,13517.23361476205,multi_sweep
NOR,A,multi_3,1.0,1e-14,2e-07,2.0,-20.0,0.0001495663925772,7.520816069339243e-05,4.2842903980996036e-11,7.890011291243602e-11,6.087150844671603e-11,8821.957745900874,multi_sweep
NOR,A,multi_3,1.0,1e-14,2e-07,2.0,-4.444444,0.0001398777400531,7.165328077240354e-05,4.521463905710021e-11,8.212413359530012e-11,6.366938632620017e-11,9227.4472936522,multi_sweep
NOR,A,multi_3,1.0,1e-14,2e-07,2.0,11.11111,0.0001312021452741,6.797065203695274e-05,4.7660178946604296e-11,8.546862253340707e-11,6.656440074000567e-11,9647.014600000824,multi_sweep
NOR,A,multi_3,1.0,1e-14,2e-07,2.0,26.66667,0.0001224674702769,6.57880993543988e-05,5.02821610458773e-11,8.81088225971814e-11,6.919549182152936e-11,10028.332148047732,multi_sweep
NOR,A,multi_3,1.0,1e-14,2e-07,2.0,42.22222,0.0001148905181516,6.370475663567484e-05,5.3061711383894446e-11,9.072153541409796e-11,7.18916233989962e-11,10419.075854926989,multi_sweep
NOR,A,multi_3,1.0,1e-14,2e-07,2.0,57.77778,0.0001073462735874,6.194890574742083e-05,5.614671584351743e-11,9.317061164133025e-11,7.465866374242385e-11,10820.096194554182,multi_sweep
NOR,A,multi_3,1.0,1e-14,2e-07,2.0,73.33333,0.0001008705221326,6.042666384617738e-05,5.924282898870003e-11,9.548404597568756e-11,7.736343748219379e-11,11212.09238872374,multi_sweep
NOR,A,multi_3,1.0,1e-14,2e-07,2.0,88.88889,9.501855789095784e-05,5.7822625404749e-05,6.243576095461045e-11,9.861073510419911e-11,8.052324802940478e-11,11670.035946290547,multi_sweep
NOR,A,multi_3,1.0,1e-14,2e-07,2.0,104.4444,8.881742825511931e-05,5.653456600260166e-05,6.614187290809384e-11,1.0079739833571089e-10,8.346963562190238e-11,12097.04864085542,multi_sweep
NOR,A,multi_3,1.0,1e-14,2e-07,2.0,120.0,8.335889373074453e-05,5.539984755394018e-05,6.991132721592487e-11,1.0287338851290679e-10,8.639235786441582e-11,12520.63157455302,multi_sweep
NOR,A,multi_3,1.1,1e-14,2e-07,2.0,-20.0,0.0001537189496941,9.045955871098496e-05,4.271479995197186e-11,7.167352816909427e-11,5.7194164060533056e-11,8289.009284135227,multi_sweep
NOR,A,multi_3,1.1,1e-14,2e-07,2.0,-4.444444,0.0001442294581804,8.65591728886492e-05,4.5139217773228086e-11,7.43924344246061e-11,5.97658260989171e-11,8661.71392737929,multi_sweep
NOR,A,multi_3,1.1,1e-14,2e-07,2.0,11.11111,0.0001347048170579,8.307627537610964e-05,4.780973669818962e-11,7.69827278450049e-11,6.239623227159727e-11,9042.932213274968,multi_sweep
NOR,A,multi_3,1.1,1e-14,2e-07,2.0,26.66667,0.0001268502124547,7.990704873881659e-05,5.045387170826656e-11,7.952369887426353e-11,6.498878529126503e-11,9418.664534965948,multi_sweep
NOR,A,multi_3,1.1,1e-14,2e-07,2.0,42.22222,0.0001182307792968,7.848059642280336e-05,5.360005174141569e-11,8.129110550970011e-11,6.744557862555789e-11,9774.721539935928,multi_sweep
NOR,A,multi_3,1.1,1e-14,2e-07,2.0,57.77778,0.0001109844439752,7.51996653332879e-05,5.6741658586238626e-11,8.404926998527142e-11,7.039546428575503e-11,10202.241200834063,multi_sweep
NOR,A,multi_3,1.1,1e-14,2e-07,2.0,73.33333,0.0001048844933901,7.256105591907151e-05,5.984272221664365e-11,8.647836585781396e-11,7.316054403722879e-11,10602.977396699827,multi_sweep
NOR,A,multi_3,1.1,1e-14,2e-07,2.0,88.88889,9.82740420577616e-05,7.097970386839427e-05,6.340926743673949e-11,8.836786393301071e-11,7.58885656848751e-11,10998.34285288045,multi_sweep
NOR,A,multi_3,1.1,1e-14,2e-07,2.0,104.4444,9.186251318252952e-05,6.924160767008626e-05,6.735489760296923e-11,9.036875855297595e-11,7.88618280779726e-11,11429.250446082986,multi_sweep
NOR,A,multi_3,1.1,1e-14,2e-07,2.0,120.0,8.669385919030134e-05,6.725251783654375e-05,7.112945308500295e-11,9.256116271506829e-11,8.184530790003561e-11,11861.63882609212,multi_sweep
NOR,A,multi_3,1.2,1e-14,2e-07,2.0,-20.0,0.00015770390417,0.0001078207572788,4.2581122715443386e-11,6.584138492718507e-11,5.421125382131423e-11,7856.703452364381,multi_sweep
NOR,A,multi_3,1.2,1e-14,2e-07,2.0,-4.444444,0.0001476513573672,0.0001029056290581,4.5248796890746006e-11,6.834894598128998e-11,5.6798871436017985e-11,8231.720497973623,multi_sweep
NOR,A,multi_3,1.2,1e-14,2e-07,2.0,11.11111,0.0001387471973161,9.940739571119438e-05,4.790893347920777e-11,7.046649355236017e-11,5.918771351578397e-11,8577.929495041155,multi_sweep
NOR,A,multi_3,1.2,1e-14,2e-07,2.0,26.66667,0.0001295995466637,9.598491424881124e-05,5.098377016483249e-11,7.263386375587625e-11,6.180881696035437e-11,8957.799559471649,multi_sweep
NOR,A,multi_3,1.2,1e-14,2e-07,2.0,42.22222,0.0001221094526813,9.208645167763136e-05,5.403090942774507e-11,7.498258047143422e-11,6.450674494958964e-11,9348.803615882558,multi_sweep
NOR,A,multi_3,1.2,1e-14,2e-07,2.0,57.77778,0.0001147488017482,8.89636189988008e-05,5.724841732560677e-11,7.691765239849648e-11,6.708303486205162e-11,9722.17896551473,multi_sweep
NOR,A,multi_3,1.2,1e-14,2e-07,2.0,73.33333,0.0001072194919714,8.648293265960312e-05,6.096470137490447e-11,7.890765685823156e-11,6.9936179116568e-11,10135.678132835945,multi_sweep
NOR,A,multi_3,1.2,1e-14,2e-07,2.0,88.88889,0.0001007932986124,8.425124905728256e-05,6.468903309141354e-11,8.0549909153273e-11,7.261947112234327e-11,10524.561032223666,multi_sweep
NOR,A,multi_3,1.2,1e-14,2e-07,2.0,104.4444,9.499476373866894e-05,8.237428171372988e-05,6.851699445037079e-11,8.216834524362693e-11,7.534266984699886e-11,10919.227514057806,multi_sweep
NOR,A,multi_3,1.2,1e-14,2e-07,2.0,120.0,8.97743971743752e-05,8.06285171081763e-05,7.239384557016365e-11,8.373991678852587e-11,7.806688117934476e-11,11314.040750629678,multi_sweep
NOR,A,multi_3,1.3,1e-14,2e-07,2.0,-20.0,0.0001610126619448,0.0001241224585283,4.290891047956345e-11,6.168792984755568e-11,5.229842016355957e-11,7579.481183124576,multi_sweep
NOR,A,multi_3,1.3,1e-14,2e-07,2.0,-4.444444,0.0001511447453291,0.0001188600524284,4.562174473621036e-11,6.378125930277669e-11,5.4701502019493516e-11,7927.753915868628,multi_sweep
NOR,A,multi_3,1.3,1e-14,2e-07,2.0,11.11111,0.0001414127429277,0.0001144046843097,4.870512001970769e-11,6.579448684893816e-11,5.7249803434322915e-11,8297.072961496076,multi_sweep
NOR,A,multi_3,1.3,1e-14,2e-07,2.0,26.66667,0.0001327990710536,0.0001104358339695,5.1869073498461905e-11,6.756659118643539e-11,5.971783234244864e-11,8654.758310499807,multi_sweep
NOR,A,multi_3,1.3,1e-14,2e-07,2.0,42.22222,0.0001247356773516,0.000106982769331,5.521806966297687e-11,6.936478427734025e-11,6.229142697015856e-11,9027.743039153414,multi_sweep
NOR,A,multi_3,1.3,1e-14,2e-07,2.0,57.77778,0.0001172197421928,0.0001039404034944,5.863953378832993e-11,7.099440046353353e-11,6.481696712593174e-11,9393.76335158431,multi_sweep
NOR,A,multi_3,1.3,1e-14,2e-07,2.0,73.33333,0.0001101970774988,0.0001011241772927,6.244930502856672e-11,7.256597233211819e-11,6.750763868034246e-11,9783.71575077427,multi_sweep
NOR,A,multi_3,1.3,1e-14,2e-07,2.0,88.88889,0.0001037983974799,9.881023032321652e-05,6.639235705801509e-11,7.391667516359178e-11,7.015451611080344e-11,10167.32117547876,multi_sweep
NOR,A,multi_3,1.3,1e-14,2e-07,2.0,104.4444,9.788771456288891e-05,9.685441720383164e-05,7.049652520930466e-11,7.514809681995738e-11,7.282231101463103e-11,10553.958118062468,multi_sweep
NOR,A,multi_3,1.3,1e-14,2e-07,2.0,120.0,9.237861348438658e-05,9.441085650743674e-05,7.479154430378117e-11,7.662891593349255e-11,7.571023011863686e-11,10972.497118643025,multi_sweep
NOR,B,multi_3,0.9,1e-14,2e-07,2.0,-20.0,0.0001453025404609,5.857767968567903e-05,4.0997268006703375e-11,8.606702145164515e-11,6.353214472917427e-11,9207.557207126709,multi_sweep
NOR,B,multi_3,0.9,1e-14,2e-07,2.0,-4.444444,0.0001354285738185,5.572808172494297e-05,4.311624030975717e-11,8.953448834313257e-11,6.632536432644487e-11,9612.37164151375,multi_sweep
NOR,B,multi_3,0.9,1e-14,2e-07,2.0,11.11111,0.0001265842687011,5.360869448338705e-05,4.5308198292077555e-11,9.273375047007548e-11,6.902097438107652e-11,10003.039765373407,multi_sweep
NOR,B,multi_3,0.9,1e-14,2e-07,2.0,26.66667,0.0001180956504776,5.203910822527832e-05,4.769979301332286e-11,9.542756925826308e-11,7.156368113579298e-11,10371.547990694637,multi_sweep
NOR,B,multi_3,0.9,1e-14,2e-07,2.0,42.22222,0.0001108280700389,5.101089314805993e-05,5.0025944547534796e-11,9.789040192374467e-11,7.395817323563974e-11,10718.575831252138,multi_sweep
NOR,B,multi_3,0.9,1e-14,2e-07,2.0,57.77778,0.0001034966344191,4.823199031304488e-05,5.271573625188359e-11,1.0202065010377909e-10,7.736819317783133e-11,11212.781619975558,multi_sweep
NOR,B,multi_3,0.9,1e-14,2e-07,2.0,73.33333,9.691945336419072e-05,4.725307529147663e-05,5.5505381262926576e-11,1.04325003661971e-10,7.99151924624488e-11,11581.911951079535,multi_sweep
NOR,B,multi_3,0.9,1e-14,2e-07,2.0,88.88889,9.110677299369097e-05,4.534214152855747e-05,5.835470906751558e-11,1.0767474431922849e-10,8.301472669337203e-11,12031.119810633629,multi_sweep
NOR,B,multi_3,0.9,1e-14,2e-07,2.0,104.4444,8.567551321145465e-05,4.463769308209408e-05,6.13703259710768e-11,1.0962578003295689e-10,8.549805300201686e-11,12391.022174205344,multi_sweep
NOR,B,multi_3,0.9,1e-14,2e-07,2.0,120.0,8.005995380185438e-05,4.336127163457218e-05,6.481793228408873e-11,1.12525156459134e-10,8.867154437161136e-11,12850.94845965382,multi_sweep
NOR,B,multi_3,1.0,1e-14,2e-07,2.0,-20.0,0.0001497151198995,7.490110770943915e-05,4.070795458150539e-11,7.592995984903126e-11,5.831895721526832e-11,8452.022784821496,multi_sweep
NOR,B,multi_3,1.0,1e-14,2e-07,2.0,-4.444444,0.0001402041787805,7.175177904645737e-05,4.288270070999248e-11,7.874488298496469e-11,6.081379184747858e-11,8813.593021373708,multi_sweep
NOR,B,multi_3,1.0,1e-14,2e-07,2.0,11.11111,0.0001308035137944,6.888895909764083e-05,4.53014110453612e-11,8.146432590420019e-11,6.338286847478069e-11,9185.922967359524,multi_sweep
NOR,B,multi_3,1.0,1e-14,2e-07,2.0,26.66667,0.0001225942440965,6.59083225900072e-05,4.7760337866305925e-11,8.445623144294449e-11,6.61082846546252e-11,9580.910819510902,multi_sweep
NOR,B,multi_3,1.0,1e-14,2e-07,2.0,42.22222,0.0001149757939282,6.298934356810565e-05,5.0265907098168775e-11,8.755373996897067e-11,6.890982353356973e-11,9986.930946894165,multi_sweep
NOR,B,multi_3,1.0,1e-14,2e-07,2.0,57.77778,0.0001075197158397,6.194891609530867e-05,5.3118948974176915e-11,8.931518634839478e-11,7.121706766128585e-11,10321.314153809544,multi_sweep
NOR,B,multi_3,1.0,1e-14,2e-07,2.0,73.33333,0.0001009865604204,6.049405263392839e-05,5.601669670986198e-11,9.140407104638022e-11,7.371038387812109e-11,10682.66433016248,multi_sweep
NOR,B,multi_3,1.0,1e-14,2e-07,2.0,88.88889,9.508761218978032e-05,5.818075226397071e-05,5.899871705526884e-11,9.421893089487883e-11,7.660882397507383e-11,11102.728112329543,multi_sweep
NOR,B,multi_3,1.0,1e-14,2e-07,2.0,104.4444,8.905514191796137e-05,5.599904984917616e-05,6.237199665470777e-11,9.706931819065471e-11,7.972065742268125e-11,11553.718467055254,multi_sweep
NOR,B,multi_3,1.0,1e-14,2e-07,2.0,120.0,8.344677066277798e-05,5.47263775098033e-05,6.595721387640764e-11,9.912260462303838e-11,8.253990924972301e-11,11962.305688365655,multi_sweep
NOR,B,multi_3,1.1,1e-14,2e-07,2.0,-20.0,0.000153709547751,9.15434224506474e-05,4.0438150273904875e-11,6.919425925880667e-11,5.481620476635578e-11,7944.377502370403,multi_sweep
NOR,B,multi_3,1.1,1e-14,2e-07,2.0,-4.444444,0.0001437881506849,8.714049789753945e-05,4.280925906456191e-11,7.18866306296556e-11,5.7347944847108754e-11,8311.296354653443,multi_sweep
NOR,B,multi_3,1.1,1e-14,2e-07,2.0,11.11111,0.0001349478107076,8.286355747060579e-05,4.5145255209899615e-11,7.478354846051547e-11,5.996440183520754e-11,8690.493019595297,multi_sweep
NOR,B,multi_3,1.1,1e-14,2e-07,2.0,26.66667,0.0001264933742142,7.955992138018192e-05,4.77423701494249e-11,7.726367252380644e-11,6.250302133661567e-11,9058.40888936459,multi_sweep
NOR,B,multi_3,1.1,1e-14,2e-07,2.0,42.22222,0.0001183754384405,7.712535203068076e-05,5.059093666038316e-11,7.935253905371393e-11,6.497173785704855e-11,9416.19389232588,multi_sweep
NOR,B,multi_3,1.1,1e-14,2e-07,2.0,57.77778,0.0001111772701264,7.445494339037179e-05,5.349539624150435e-11,8.165248118304685e-11,6.757393871227559e-11,9793.324451054435,multi_sweep
NOR,B,multi_3,1.1,1e-14,2e-07,2.0,73.33333,0.0001046350752316,7.250225901781406e-05,5.6488246853240685e-11,8.361220731142024e-11,7.005022708233045e-11,10152.206823526156,multi_sweep
NOR,B,multi_3,1.1,1e-14,2e-07,2.0,88.88889,9.817777240746427e-05,7.049290912433694e-05,5.978355290289386e-11,8.5650130377306e-11,7.271684164009993e-11,10538.672701463758,multi_sweep
NOR,B,multi_3,1.1,1e-14,2e-07,2.0,104.4444,9.196880584314698e-05,6.894650886361359e-05,6.339098156920829e-11,8.743860765114959e-11,7.541479461017895e-11,10929.680378286805,multi_sweep
NOR,B,multi_3,1.1,1e-14,2e-07,2.0,120.0,8.653076419204036e-05,6.762519732624714e-05,6.704759063534617e-11,8.908009425760743e-11,7.806384244647679e-11,11313.600354561857,multi_sweep
NOR,B,multi_3,1.2,1e-14,2e-07,2.0,-20.0,0.0001572664907414,0.0001071760130125,4.024390509067076e-11,6.478003285788191e-11,5.251196897427634e-11,7610.430286127006,multi_sweep
NOR,B,multi_3,1.2,1e-14,2e-07,2.0,-4.444444,0.000147437848978,0.0001021641921045,4.270084350002522e-11,6.720610653792453e-11,5.495347501897488e-11,7964.271741880418,multi_sweep
NOR,B,multi_3,1.2,1e-14,2e-07,2.0,11.11111,0.0001383912012426,9.956625344343856e-05,4.5210041706337386e-11,6.879583016933281e-11,5.7002935937835095e-11,8261.295063454363,multi_sweep
NOR,B,multi_3,1.2,1e-14,2e-07,2.0,26.66667,0.0001295788793375,9.605070718755684e-05,4.804804908468852e-11,7.095715958987237e-11,5.950260433728043e-11,8623.565845982674,multi_sweep
NOR,B,multi_3,1.2,1e-14,2e-07,2.0,42.22222,0.0001216393976636,9.29455482999802e-05,5.097675356067956e-11,7.293248008293433e-11,6.195461682180694e-11,8978.92997417492,multi_sweep
NOR,B,multi_3,1.2,1e-14,2e-07,2.0,57.77778,0.0001144098273285,8.890939739422671e-05,5.399693513044567e-11,7.52549760147724e-11,6.462595557260903e-11,9366.080517769427,multi_sweep
NOR,B,multi_3,1.2,1e-14,2e-07,2.0,73.33333,0.0001073501104215,8.651787198327387e-05,5.734861968094741e-11,7.701825126931367e-11,6.718343547513055e-11,9736.729779004429,multi_sweep
NOR,B,multi_3,1.2,1e-14,2e-07,2.0,88.88889,0.000100681505455,8.4123100204774e-05,6.092816268679201e-11,7.879293665352354e-11,6.986054967015778e-11,10124.717343501128,multi_sweep
NOR,B,multi_3,1.2,1e-14,2e-07,2.0,104.4444,9.475738257955826e-05,8.301626767524255e-05,6.457995019348766e-11,7.990933329010892e-11,7.224464174179829e-11,10470.237933593957,multi_sweep
NOR,B,multi_3,1.2,1e-14,2e-07,2.0,120.0,8.938754722709005e-05,7.982551358977295e-05,6.833263217910914e-11,8.216018889403249e-11,7.524641053657082e-11,10905.27688935809,multi_sweep
NOR,B,multi_3,1.3,1e-14,2e-07,2.0,-20.0,0.0001605970424007,0.0001228958296742,4.0419126767404426e-11,6.15782007027391e-11,5.0998663735071766e-11,7391.110686242286,multi_sweep
NOR,B,multi_3,1.3,1e-14,2e-07,2.0,-4.444444,0.000150880790484,0.0001179546977541,4.2943117562353426e-11,6.35056170251217e-11,5.3224367293737566e-11,7713.676419382256,multi_sweep
NOR,B,multi_3,1.3,1e-14,2e-07,2.0,11.11111,0.0001417414990673,0.0001136395911126,4.563425921689026e-11,6.532064647390166e-11,5.547745284539596e-11,8040.210557303762,multi_sweep
NOR,B,multi_3,1.3,1e-14,2e-07,2.0,26.66667,0.0001327288485475,0.0001097941375159,4.8719943538157076e-11,6.705076965954157e-11,5.7885356598849316e-11,8389.182115775266,multi_sweep
NOR,B,multi_3,1.3,1e-14,2e-07,2.0,42.22222,0.0001246206467423,0.0001065718945765,5.189899216707925e-11,6.862024056341665e-11,6.025961636524795e-11,8733.277734093906,multi_sweep
NOR,B,multi_3,1.3,1e-14,2e-07,2.0,57.77778,0.000117291307689,0.0001033139449658,5.5140724445059515e-11,7.02102612065995e-11,6.267549282582951e-11,9083.404757366596,multi_sweep
NOR,B,multi_3,1.3,1e-14,2e-07,2.0,73.33333,0.0001106126489545,0.000100250924312,5.8402057448452e-11,7.185381721098559e-11,6.51279373297188e-11,9438.831497060695,multi_sweep
NOR,B,multi_3,1.3,1e-14,2e-07,2.0,88.88889,0.0001035460844768,9.857673362931284e-05,6.241022571472051e-11,7.288832777683625e-11,6.764927674577838e-11,9804.243006634548,multi_sweep
NOR,B,multi_3,1.3,1e-14,2e-07,2.0,104.4444,9.730834740884728e-05,9.640797189062726e-05,6.651898884384276e-11,7.414746186688921e-11,7.033322535536599e-11,10193.221065995072,multi_sweep
NOR,B,multi_3,1.3,1e-14,2e-07,2.0,120.0,9.175167986616122e-05,9.436458630296708e-05,7.068464441093855e-11,7.53644591900095e-11,7.302455180047402e-11,10583.268376880294,multi_sweep
NOR,A,multi_4,0.9,1e-15,1e-07,2.0,27.0,4.604258291411828e-05,2.458440928514783e-05,2.491045933685887e-11,4.1215158021589877e-11,3.3062808679224366e-11,47917.11402786141,multi_sweep
NOR,A,multi_4,0.9,1e-15,2e-07,2.0,27.0,7.531834727255946e-05,4.975785328815052e-05,1.9827614706247637e-11,2.9827692670878445e-11,2.4827653688563045e-11,35982.10679501891,multi_sweep
NOR,A,multi_4,0.9,1e-15,3e-07,2.0,27.0,0.0001037110915345,7.50247447924513e-05,1.796464962333467e-11,2.634890013285397e-11,2.215677487809432e-11,32111.26793926713,multi_sweep
NOR,A,multi_4,0.9,1e-15,4e-07,2.0,27.0,0.0001315565754969,0.0001000976037956,1.710093794313385e-11,2.4823908428535678e-11,2.096242318583477e-11,30380.323457731545,multi_sweep
NOR,A,multi_4,0.9,1e-15,5e-07,2.0,27.0,0.0001591949624337,0.0001255037827405,1.6561986862481358e-11,2.3885835301876838e-11,2.02239110821791e-11,29310.01606112913,multi_sweep
NOR,A,multi_4,0.9,1.325e-14,1e-07,2.0,27.0,5.378388831545928e-05,2.462061460436772e-05,1.1497936646503478e-10,2.449359262606825e-10,1.7995764636285864e-10,19683.636462987,multi_sweep
NOR,A,multi_4,0.9,1.325e-14,2e-07,2.0,27.0,0.0001076666825546,4.900612904185725e-05,6.584020382851439e-11,1.3213217221134659e-10,9.898618801993049e-11,10827.037245822314,multi_sweep
NOR,A,multi_4,0.9,1.325e-14,3e-07,2.0,27.0,0.0001614049805409,7.446017589147721e-05,4.955915269235969e-11,9.414680409245657e-11,7.185297839240814e-11,7859.226512705293,multi_sweep
NOR,A,multi_4,0.9,1.325e-14,4e-07,2.0,27.0,0.0002139556536814,0.0001007282153813,4.1731204690764226e-11,7.543670418641948e-11,5.858395443859184e-11,6407.870324155522,multi_sweep
NOR,A,multi_4,0.9,1.325e-14,5e-07,2.0,27.0,0.000267093587652,0.0001254282600246,3.6897840711664055e-11,6.45392030372662e-11,5.0718521874465125e-11,5547.555031388038,multi_sweep
NOR,A,multi_4,0.9,2.55e-14,1e-07,2.0,27.0,5.426492203083435e-05,2.472411341037222e-05,2.0409227914244538e-10,4.0839214065328785e-10,3.062422098978666e-10,17405.07018459032,multi_sweep
NOR,A,multi_4,0.9,2.55e-14,2e-07,2.0,27.0,0.000107796426719,5.031372962824624e-05,1.1088488453353719e-10,2.3049151151990217e-10,1.7068819802671968e-10,9700.949021126442,multi_sweep
NOR,A,multi_4,0.9,2.55e-14,3e-07,2.0,27.0,0.0001614459583587,7.49156502482285e-05,7.967725697039897e-11,1.608309375890251e-10,1.2025409727971203e-10,6834.560800210972,multi_sweep
NOR,A,multi_4,0.9,2.55e-14,4e-07,2.0,27.0,0.0002159098409383,9.852056576516066e-05,6.394983195601398e-11,1.266812340823279e-10,9.531553301917092e-11,5417.194260822447,multi_sweep
NOR,A,multi_4,0.9,2.55e-14,5e-07,2.0,27.0,0.0002698120532977,0.0001264192464777,5.459863787234251e-11,1.0412834344822789e-10,7.93634906602852e-11,4510.570654179324,multi_sweep
NOR,A,multi_4,0.9,3.775e-14,1e-07,2.0,27.0,5.353042817206721e-05,2.418077283878816e-05,2.967934312248931e-10,4.2591807242512476e-10,3.613557518250089e-10,13872.953328534755,multi_sweep
NOR,A,multi_4,0.9,3.775e-14,2e-07,2.0,27.0,0.000107099408996,4.986451366729681e-05,1.56583613185054e-10,3.2608065439085706e-10,2.4133213378795555e-10,9265.078559860083,multi_sweep
NOR,A,multi_4,0.9,3.775e-14,3e-07,2.0,27.0,0.0001619466264542,7.346300545647751e-05,1.095253806676553e-10,2.2993913068501157e-10,1.6973225567633343e-10,6516.25897596059,multi_sweep
NOR,A,multi_4,0.9,3.775e-14,4e-07,2.0,27.0,0.0002175669806525,9.841926741684008e-05,8.604932422840129e-11,1.7720664642847668e-10,1.31627985328439e-10,5053.382678891987,multi_sweep
NOR,A,multi_4,0.9,3.775e-14,5e-07,2.0,27.0,0.0002682726568911,0.0001267710074384,7.286133850456649e-11,1.436617505497075e-10,1.08261544527137e-10,4156.312295887782,multi_sweep
NOR,A,multi_4,0.9,5e-14,1e-07,2.0,27.0,5.426474448681301e-05,2.47059391872462e-05,3.8317289404295136e-10,3.273023484334157e-10,3.5523762123818355e-10,10296.74264458503,multi_sweep
NOR,A,multi_4,0.9,5e-14,2e-07,2.0,27.0,0.0001086390768218,5.012565658634009e-05,1.9996855148972009e-10,3.9711255800087844e-10,2.985405547452993e-10,8653.349412907226,multi_sweep
NOR,A,multi_4,0.9,5e-14,3e-07,2.0,27.0,0.0001613244174754,7.51762460101283e-05,1.3988896519053801e-10,2.91120838004539e-10,2.1550490159753848e-10,6246.518886885175,multi_sweep
NOR,A,multi_4,0.9,5e-14,4e-07,2.0,27.0,0.0002160575448229,9.862392947188036e-05,1.0890593035550989e-10,2.2741943038889868e-10,1.6816268037220428e-10,4874.280590498675,multi_sweep
NOR,A,multi_4,0.9,5e-14,5e-07,2.0,27.0,0.000270350856224,0.0001271236212993,9.047096253436656e-11,1.8333794878218218e-10,1.3690445565827434e-10,3968.245091544185,multi_sweep
NOR,A,multi_4,1.0,1e-15,1e-07,2.0,27.0,4.982835001720603e-05,3.104510171851562e-05,2.370703138718346e-11,3.6696824261425226e-11,3.020192782430435e-11,43770.90989029616,multi_sweep
NOR,A,multi_4,1.0,1e-15,2e-07,2.0,27.0,8.201836011055078e-05,6.297607057720738e-05,1.842989229811168e-11,2.6631491668355628e-11,2.253069198323365e-11,32653.176787295157,multi_sweep
NOR,A,multi_4,1.0,1e-15,3e-07,2.0,27.0,0.0001129363041871,8.780132802055307e-05,1.650364708438316e-11,2.339114254205627e-11,1.9947394813219714e-11,28909.26784524597,multi_sweep
NOR,A,multi_4,1.0,1e-15,4e-07,2.0,27.0,0.0001433254365603,0.0001156681605287,1.561633931266277e-11,2.183402558449095e-11,1.872518244857686e-11,27137.945577647624,multi_sweep
NOR,A,multi_4,1.0,1e-15,5e-07,2.0,27.0,0.0001734822223675,0.000141420878691,1.5065540358511668e-11,2.09127045580027e-11,1.7989122458257185e-11,26071.191968488674,multi_sweep
NOR,A,multi_4,1.0,1.325e-14,1e-07,2.0,27.0,5.620117660000967e-05,3.024599962764903e-05,1.1972407796700849e-10,2.1859691389230177e-10,1.6916049592965515e-10,18502.65200214987,multi_sweep
NOR,A,multi_4,1.0,1.325e-14,2e-07,2.0,27.0,0.0001117125184748,6.241425928027402e-05,6.727091983230307e-11,1.158224717826397e-10,9.154669580747138e-11,10013.310998903078,multi_sweep
NOR,A,multi_4,1.0,1.325e-14,3e-07,2.0,27.0,0.0001670467672576,9.382384364428464e-05,4.982417765801113e-11,8.298290593651411e-11,6.640354179726262e-11,7263.17110169676,multi_sweep
NOR,A,multi_4,1.0,1.325e-14,4e-07,2.0,27.0,0.0002230631018101,0.0001271596616223,4.123194652211464e-11,6.638353710717814e-11,5.38077418146464e-11,5885.451661432475,multi_sweep
NOR,A,multi_4,1.0,1.325e-14,5e-07,2.0,27.0,0.0002776607823615,0.0001586969477934,3.610871349417927e-11,5.694212012800159e-11,4.652541681109043e-11,5088.916249504013,multi_sweep
NOR,A,multi_4,1.0,2.55e-14,1e-07,2.0,27.0,5.622804436133351e-05,3.096636244273599e-05,2.16219918071059e-10,3.5178095918097604e-10,2.8400043862601753e-10,16140.974062291423,multi_sweep
NOR,A,multi_4,1.0,2.55e-14,2e-07,2.0,27.0,0.0001121843178738,6.191225772896211e-05,1.1548615481685009e-10,2.0483918048632958e-10,1.6016266765158983e-10,9102.737576106274,multi_sweep
NOR,A,multi_4,1.0,2.55e-14,3e-07,2.0,27.0,0.0001682853748871,9.371547622654708e-05,8.188237617641592e-11,1.4188758849746238e-10,1.1188498233693915e-10,6358.907777035475,multi_sweep
NOR,A,multi_4,1.0,2.55e-14,4e-07,2.0,27.0,0.0002250888407529,0.0001269393243924,6.498635688395409e-11,1.1037349623863501e-10,8.767992656129453e-11,4983.2296994199805,multi_sweep
NOR,A,multi_4,1.0,2.55e-14,5e-07,2.0,27.0,0.000280557076565,0.0001570919213888,5.505753665065659e-11,9.244123345876396e-11,7.374938505471027e-11,4191.496735135566,multi_sweep
NOR,A,multi_4,1.0,3.775e-14,1e-07,2.0,27.0,5.601168537985404e-05,3.115597896271632e-05,3.14241385018716e-10,3.4191209767971776e-10,3.2807674134921685e-10,12595.325514894595,multi_sweep
NOR,A,multi_4,1.0,3.775e-14,2e-07,2.0,27.0,0.0001124868982879,6.343759906541764e-05,1.634418852600954e-10,2.841207929557269e-10,2.2378133910791114e-10,8591.278975253332,multi_sweep
NOR,A,multi_4,1.0,3.775e-14,3e-07,2.0,27.0,0.0001685001608596,9.320251825582978e-05,1.1400798554636002e-10,2.01102218320275e-10,1.5755510193331748e-10,6048.760991777235,multi_sweep
NOR,A,multi_4,1.0,3.775e-14,4e-07,2.0,27.0,0.0002254492794564,0.000127274590469,8.895290817093753e-11,1.536245117400784e-10,1.2128870995550797e-10,4656.443418965659,multi_sweep
NOR,A,multi_4,1.0,3.775e-14,5e-07,2.0,27.0,0.0002791600133305,0.0001559743417421,7.463886392076285e-11,1.281217342000383e-10,1.0138029906040056e-10,3892.1316464305824,multi_sweep
NOR,A,multi_4,1.0,5e-14,1e-07,2.0,27.0,5.609655940329797e-05,3.11639479767311e-05,4.100881735116295e-10,2.332307821835448e-10,3.2165947784758714e-10,9323.46312601702,multi_sweep
NOR,A,multi_4,1.0,5e-14,2e-07,2.0,27.0,0.0001130752044432,6.24946787218127e-05,2.109507985425878e-10,3.436331556471254e-10,2.7729197709485655e-10,8037.448611445119,multi_sweep
NOR,A,multi_4,1.0,5e-14,3e-07,2.0,27.0,0.0001689474588153,9.411388165801088e-05,1.458035830100386e-10,2.5683421080229335e-10,2.0131889690616601e-10,5835.330345106261,multi_sweep
NOR,A,multi_4,1.0,5e-14,4e-07,2.0,27.0,0.000224772115417,0.0001247281846298,1.1333404981472489e-10,1.9922082928702849e-10,1.5627743955087667e-10,4529.780856547151,multi_sweep
NOR,A,multi_4,1.0,5e-14,5e-07,2.0,27.0,0.0002804733093241,0.0001592920146459,9.365634477160842e-11,1.6141845308891938e-10,1.275373989302639e-10,3696.736200877216,multi_sweep
NOR,A,multi_4,1.1,1e-15,1e-07,2.0,27.0,5.365426021653862e-05,3.780306212322e-05,2.2624610370963758e-11,3.341341143238264e-11,2.80190109016732e-11,40607.26217633797,multi_sweep
NOR,A,multi_4,1.1,1e-15,2e-07,2.0,27.0,8.949432251232295e-05,7.090095159241519e-05,1.726557720138664e-11,2.401841185285504e-11,2.064199452712084e-11,29915.93409727658,multi_sweep
NOR,A,multi_4,1.1,1e-15,3e-07,2.0,27.0,0.0001235461621751,0.0001022014350713,1.533051287872107e-11,2.084642412688944e-11,1.808846850280525e-11,26215.17174319602,multi_sweep
NOR,A,multi_4,1.1,1e-15,4e-07,2.0,27.0,0.0001578159458431,0.0001333266407028,1.445949737506166e-11,1.938960715991589e-11,1.6924552267488777e-11,24528.336619548954,multi_sweep
NOR,A,multi_4,1.1,1e-15,5e-07,2.0,27.0,0.000191949829566,0.000161369480439,1.392081048855684e-11,1.8511944297012748e-11,1.6216377392784794e-11,23501.99622142724,multi_sweep
NOR,A,multi_4,1.1,1.325e-14,1e-07,2.0,27.0,5.791860126032537e-05,3.777972018732187e-05,1.248604504208625e-10,1.941843583375645e-10,1.5952240437921348e-10,17448.44455884206,multi_sweep
NOR,A,multi_4,1.1,1.325e-14,2e-07,2.0,27.0,0.0001145800911956,7.576652237967754e-05,6.892750852591158e-11,1.0441935702954019e-10,8.667343277772589e-11,9480.277033385388,multi_sweep
NOR,A,multi_4,1.1,1.325e-14,3e-07,2.0,27.0,0.0001733216614167,0.0001149558216742,4.9898431177802036e-11,7.456972704335904e-11,6.223407911058054e-11,6807.118305778567,multi_sweep
NOR,A,multi_4,1.1,1.325e-14,4e-07,2.0,27.0,0.0002295670611156,0.0001560449602686,4.08812865309403e-11,5.974054911532187e-11,5.031091782313108e-11,5502.97159673296,multi_sweep
NOR,A,multi_4,1.1,1.325e-14,5e-07,2.0,27.0,0.0002864462472099,0.0001951510935138,3.5411907552217485e-11,5.117277120918345e-11,4.329233938070047e-11,4735.284591818482,multi_sweep
NOR,A,multi_4,1.1,2.55e-14,1e-07,2.0,27.0,5.822839089116568e-05,3.796772748876779e-05,2.2719306487108408e-10,3.0743069468467615e-10,2.6731187977788017e-10,15192.491035969322,multi_sweep
NOR,A,multi_4,1.1,2.55e-14,2e-07,2.0,27.0,0.0001160601156745,7.551368607600031e-05,1.198228990836685e-10,1.8437759463172208e-10,1.5210024685769528e-10,8644.515308763588,multi_sweep
NOR,A,multi_4,1.1,2.55e-14,3e-07,2.0,27.0,0.0001744679391172,0.0001166496209644,8.384726991381348e-11,1.26588943291189e-10,1.0521810660250124e-10,5980.000375248722,multi_sweep
NOR,A,multi_4,1.1,2.55e-14,4e-07,2.0,27.0,0.0002314682999541,0.0001544886352439,6.631743115572946e-11,9.941436398596308e-11,8.286589757084628e-11,4709.627597092714,multi_sweep
NOR,A,multi_4,1.1,2.55e-14,5e-07,2.0,27.0,0.0002880998989089,0.0001920381450053,5.576572435640384e-11,8.307057660307849e-11,6.941815047974115e-11,3945.33392894238,multi_sweep
NOR,A,multi_4,1.1,3.775e-14,1e-07,2.0,27.0,5.79178632881296e-05,3.779276837810139e-05,3.3218942402053176e-10,2.78992977915785e-10,3.055912009681584e-10,11732.074132571588,multi_sweep
NOR,A,multi_4,1.1,3.775e-14,2e-07,2.0,27.0,0.0001160172878578,7.564444501439352e-05,1.714010697020157e-10,2.573189965334318e-10,2.143600331177237e-10,8229.581845387225,multi_sweep
NOR,A,multi_4,1.1,3.775e-14,3e-07,2.0,27.0,0.0001743446215374,0.0001135161671717,1.1822039764154978e-10,1.812260671770653e-10,1.4972323240930756e-10,5748.08455357741,multi_sweep
NOR,A,multi_4,1.1,3.775e-14,4e-07,2.0,27.0,0.0002314210267905,0.0001543829689706,9.200581221806797e-11,1.3869418954879029e-10,1.1535000088342916e-10,4428.448061557891,multi_sweep
NOR,A,multi_4,1.1,3.775e-14,5e-07,2.0,27.0,0.000289624782481,0.0001947897644247,7.619280476037478e-11,1.138901876456505e-10,9.504149620301264e-11,3648.776128342937,multi_sweep
NOR,A,multi_4,1.1,5e-14,1e-07,2.0,27.0,5.81237565386522e-05,3.793676135183984e-05,4.3374256178696006e-10,1.6507680081637988e-10,2.9940968130166995e-10,8678.541487004926,multi_sweep
NOR,A,multi_4,1.1,5e-14,2e-07,2.0,27.0,0.0001167496762095,7.694225112379806e-05,2.2179999287434748e-10,3.0004776499761507e-10,2.6092387893598127e-10,7563.010983651633,multi_sweep
NOR,A,multi_4,1.1,5e-14,3e-07,2.0,27.0,0.0001753289501276,0.0001157385960989,1.51649821974773e-10,2.2950128332729508e-10,1.9057555265103402e-10,5523.929062348813,multi_sweep
NOR,A,multi_4,1.1,5e-14,4e-07,2.0,27.0,0.0002325791243233,0.0001525238264315,1.174898900468121e-10,1.7905983439804308e-10,1.482748622224276e-10,4297.822093403699,multi_sweep
NOR,A,multi_4,1.1,5e-14,5e-07,2.0,27.0,0.0002887556165995,0.0001930194427065,9.690291799810144e-11,1.4590637290394749e-10,1.214046454510245e-10,3518.9752304644785,multi_sweep
NOR,A,multi_4,1.2,1e-15,1e-07,2.0,27.0,5.586172053565639e-05,4.417966595866456e-05,2.172641118970329e-11,3.099494323617271e-11,2.6360677212938e-11,38203.88001875072,multi_sweep
NOR,A,multi_4,1.2,1e-15,2e-07,2.0,27.0,9.797284887614475e-05,7.994194310551806e-05,1.6350991454314118e-11,2.20161039027501e-11,1.9183547678532112e-11,27802.24301236538,multi_sweep
NOR,A,multi_4,1.2,1e-15,3e-07,2.0,27.0,0.0001375821548934,0.0001158876513118,1.445463337358275e-11,1.899767891393382e-11,1.6726156143758285e-11,24240.80600544679,multi_sweep
NOR,A,multi_4,1.2,1e-15,4e-07,2.0,27.0,0.0001760391788725,0.000149613292819,1.355376673487148e-11,1.765374221165343e-11,1.5603754473262455e-11,22614.13691777168,multi_sweep
NOR,A,multi_4,1.2,1e-15,5e-07,2.0,27.0,0.0002140487301706,0.0001825379315436,1.298591124807467e-11,1.6843146870735918e-11,1.4914529059405295e-11,21615.25950638449,multi_sweep
NOR,A,multi_4,1.2,1.325e-14,1e-07,2.0,27.0,5.950220938626116e-05,4.379856192824359e-05,1.2974448805417538e-10,1.79785004310752e-10,1.5476474618246372e-10,16928.0553658697,multi_sweep
NOR,A,multi_4,1.2,1.325e-14,2e-07,2.0,27.0,0.0001183499304202,9.141318627386888e-05,7.017286150006423e-11,9.463019434145656e-11,8.240152792076039e-11,9013.019187395175,multi_sweep
NOR,A,multi_4,1.2,1.325e-14,3e-07,2.0,27.0,0.0001776714551926,0.0001381164497813,5.035669274130029e-11,6.794587796717532e-11,5.915128535423779e-11,6469.924567048161,multi_sweep
NOR,A,multi_4,1.2,1.325e-14,4e-07,2.0,27.0,0.0002364480270662,0.0001840819484501,4.0563983728237906e-11,5.4862252760466156e-11,4.771311824435204e-11,5218.826168373206,multi_sweep
NOR,A,multi_4,1.2,1.325e-14,5e-07,2.0,27.0,0.0002950005813204,0.0002310911203332,3.4799095286447806e-11,4.700997963167854e-11,4.0904537459063175e-11,4474.108554450443,multi_sweep
NOR,A,multi_4,1.2,2.55e-14,1e-07,2.0,27.0,5.982554210531754e-05,4.44489160082246e-05,2.38557484638005e-10,2.733564880402175e-10,2.5595698633911124e-10,14547.143298613884,multi_sweep
NOR,A,multi_4,1.2,2.55e-14,2e-07,2.0,27.0,0.0001195685422667,9.006132436973229e-05,1.2401727152258778e-10,1.6821025448122309e-10,1.4611376300190547e-10,8304.2775221316,multi_sweep
NOR,A,multi_4,1.2,2.55e-14,3e-07,2.0,27.0,0.0001781913342194,0.0001354594142696,8.650457217659089e-11,1.1683081220014038e-10,1.0166769218836563e-10,5778.214958133884,multi_sweep
NOR,A,multi_4,1.2,2.55e-14,4e-07,2.0,27.0,0.0002375983867429,0.0001846010924744,6.766316537708113e-11,9.051925743586688e-11,7.909121140647401e-11,4495.095845778575,multi_sweep
NOR,A,multi_4,1.2,2.55e-14,5e-07,2.0,27.0,0.0002982636878646,0.0002290443585315,5.610391101156877e-11,7.592754582469978e-11,6.601572841813428e-11,3751.959557722893,multi_sweep
NOR,A,multi_4,1.2,3.775e-14,1e-07,2.0,27.0,5.965582080609057e-05,4.488154846656987e-05,3.496679366225475e-10,2.2480777356885417e-10,2.8723785509570086e-10,11027.463483854532,multi_sweep
NOR,A,multi_4,1.2,3.775e-14,2e-07,2.0,27.0,0.0001188185369405,9.144102732252728e-05,1.799632730070788e-10,2.315276703154491e-10,2.0574547166126394e-10,7898.856767876532,multi_sweep
NOR,A,multi_4,1.2,3.775e-14,3e-07,2.0,27.0,0.0001797893231885,0.000136098691252,1.2217887201415358e-10,1.647888579084061e-10,1.4348386496127984e-10,5508.546500097125,multi_sweep
NOR,A,multi_4,1.2,3.775e-14,4e-07,2.0,27.0,0.0002373326744996,0.0001827665276261,9.507044527962094e-11,1.269874942916996e-10,1.1102896978566025e-10,4262.557626860938,multi_sweep
NOR,A,multi_4,1.2,3.775e-14,5e-07,2.0,27.0,0.0002992555972429,0.0002275450246236,7.760391068249563e-11,1.0482120360281039e-10,9.121255714265302e-11,3501.777796051561,multi_sweep
NOR,A,multi_4,1.2,5e-14,1e-07,2.0,27.0,5.985021325423644e-05,4.497843143695485e-05,4.5756514567637384e-10,1.12038499117648e-10,2.848018223970109e-10,8255.125286869883,multi_sweep
NOR,A,multi_4,1.2,5e-14,2e-07,2.0,27.0,0.0001199758707568,9.074659123422266e-05,2.325032859051608e-10,2.669322847908649e-10,2.4971778534801277e-10,7238.196676753995,multi_sweep
NOR,A,multi_4,1.2,5e-14,3e-07,2.0,27.0,0.0001793820883307,0.0001354492311501,1.588497604559472e-10,2.1075020902620638e-10,1.8479998474107679e-10,5356.521296842807,multi_sweep
NOR,A,multi_4,1.2,5e-14,4e-07,2.0,27.0,0.0002399589945388,0.000182121881541,1.213362023247952e-10,1.6325214916837628e-10,1.4229417574658574e-10,4124.468862219876,multi_sweep
NOR,A,multi_4,1.2,5e-14,5e-07,2.0,27.0,0.0002974806494244,0.000230057863614,9.994108837190512e-11,1.330418827513068e-10,1.1649148556160598e-10,3376.56479888713,multi_sweep
NOR,A,multi_4,1.3,1e-15,1e-07,2.0,27.0,5.731869342576936e-05,4.908569522843335e-05,2.109871910445368e-11,2.91189581366482e-11,2.510883862055094e-11,36389.62118920426,multi_sweep
NOR,A,multi_4,1.3,1e-15,2e-07,2.0,27.0,0.0001059861662754,8.967550782937839e-05,1.552527298185383e-11,2.083956154104307e-11,1.8182417261448448e-11,26351.329364418045,multi_sweep
NOR,A,multi_4,1.3,1e-15,3e-07,2.0,27.0,0.0001506824311813,0.0001303389390389,1.3741192437126919e-11,1.808844784207749e-11,1.5914820139602206e-11,23064.95672406117,multi_sweep
NOR,A,multi_4,1.3,1e-15,4e-07,2.0,27.0,0.0001932597434747,0.0001679875978447,1.282154665955025e-11,1.681327136075921e-11,1.4817409010154728e-11,21474.505811818453,multi_sweep
NOR,A,multi_4,1.3,1e-15,5e-07,2.0,27.0,0.0002355330698464,0.0002062498153358,1.225011862573242e-11,1.603589741300526e-11,1.414300801936884e-11,20497.113071549044,multi_sweep
NOR,A,multi_4,1.3,1.325e-14,1e-07,2.0,27.0,6.093416068572535e-05,5.07984705716472e-05,1.36052294985802e-10,1.655215534812853e-10,1.5078692423354363e-10,16492.96409445378,multi_sweep
NOR,A,multi_4,1.3,1.325e-14,2e-07,2.0,27.0,0.0001216927288618,0.0001046366512715,7.199726247274802e-11,8.822998371016326e-11,8.011362309145565e-11,8762.769821324107,multi_sweep
NOR,A,multi_4,1.3,1.325e-14,3e-07,2.0,27.0,0.0001818390515896,0.0001595669840414,5.1163388574382396e-11,6.30486174501725e-11,5.7106003012277445e-11,6246.213072165979,multi_sweep
NOR,A,multi_4,1.3,1.325e-14,4e-07,2.0,27.0,0.000242342799904,0.0002142810501183,4.080827599691834e-11,5.090012835769396e-11,4.585420217730615e-11,5015.499281083528,multi_sweep
NOR,A,multi_4,1.3,1.325e-14,5e-07,2.0,27.0,0.0003025449471362,0.0002669594504217,3.46216818867064e-11,4.3873617426884895e-11,3.924764965679565e-11,4292.879371812486,multi_sweep
NOR,A,multi_4,1.3,2.55e-14,1e-07,2.0,27.0,6.113531343776072e-05,5.181101710004232e-05,2.531168145361932e-10,2.3734795783293876e-10,2.4523238618456603e-10,13937.61785646866,multi_sweep
NOR,A,multi_4,1.3,2.55e-14,2e-07,2.0,27.0,0.0001223375770267,0.0001043452075819,1.298509623902997e-10,1.5498755008054518e-10,1.4241925623542242e-10,8094.302713010655,multi_sweep
NOR,A,multi_4,1.3,2.55e-14,3e-07,2.0,27.0,0.0001828387920336,0.0001581237431776,8.965855741228299e-11,1.0749683837146319e-10,9.85776978918731e-11,5602.597208972612,multi_sweep
NOR,A,multi_4,1.3,2.55e-14,4e-07,2.0,27.0,0.0002443450822128,0.0002121447352447,6.929076861701088e-11,8.417505914448714e-11,7.673291388074901e-11,4361.063590835409,multi_sweep
NOR,A,multi_4,1.3,2.55e-14,5e-07,2.0,27.0,0.0003047304404112,0.0002665456939573,5.742430739535917e-11,7.0082381529596e-11,6.375334446247759e-11,3623.3784860743167,multi_sweep
NOR,A,multi_4,1.3,3.775e-14,1e-07,2.0,27.0,6.142434873902447e-05,5.182360619471098e-05,3.6878760239384946e-10,1.7683838917508508e-10,2.728129957844673e-10,10473.67293538602,multi_sweep
NOR,A,multi_4,1.3,3.775e-14,2e-07,2.0,27.0,0.0001222604566077,0.0001045041298925,1.8897390780206848e-10,2.1212713862671128e-10,2.0055052321438988e-10,7699.415422377961,multi_sweep
NOR,A,multi_4,1.3,3.775e-14,3e-07,2.0,27.0,0.0001841119366023,0.0001581378988331,1.2769543457301468e-10,1.516576395533916e-10,1.3967653706320315e-10,5362.37785058847,multi_sweep
NOR,A,multi_4,1.3,3.775e-14,4e-07,2.0,27.0,0.0002443795616551,0.0002106604760053,9.848053305654976e-11,1.175056078861925e-10,1.0799307047137112e-10,4146.005200935642,multi_sweep
NOR,A,multi_4,1.3,3.775e-14,5e-07,2.0,27.0,0.0003061301154472,0.0002640236903082,8.015074705065755e-11,9.690317359528159e-11,8.852696032296956e-11,3398.6739734319835,multi_sweep
NOR,A,multi_4,1.3,5e-14,1e-07,2.0,27.0,6.13832825876104e-05,5.206315290659937e-05,4.864645453504205e-10,6.401404027910715e-11,2.7523929281476376e-10,7977.950516369966,multi_sweep
NOR,A,multi_4,1.3,5e-14,2e-07,2.0,27.0,0.0001227359161612,0.0001060447483609,2.4613207766835566e-10,2.32879208896298e-10,2.3950564328232686e-10,6942.192558908026,multi_sweep
NOR,A,multi_4,1.3,5e-14,3e-07,2.0,27.0,0.0001830326341658,0.0001569600161985,1.6799939451924478e-10,1.9305913647132529e-10,1.8052926549528507e-10,5232.732333196669,multi_sweep
NOR,A,multi_4,1.3,5e-14,4e-07,2.0,27.0,0.0002458318024515,0.0002118897328683,1.2670473530930148e-10,1.501592806009429e-10,1.384320079551222e-10,4012.521969713687,multi_sweep
NOR,A,multi_4,1.3,5e-14,5e-07,2.0,27.0,0.0003062219793652,0.0002666010454308,1.0360811878827769e-10,1.227270803508742e-10,1.1316759956957594e-10,3280.220277379013,multi_sweep
NOR,B,multi_4,0.9,1e-15,1e-07,2.0,27.0,4.082305062587744e-05,2.449202043589744e-05,2.1783140913986417e-11,3.542386979894997e-11,2.86035053564682e-11,41454.35558908434,multi_sweep
NOR,B,multi_4,0.9,1e-15,2e-07,2.0,27.0,6.355730457565379e-05,4.978225586355834e-05,1.6437017957431697e-11,2.52826190598131e-11,2.08598185086224e-11,30231.621026988985,multi_sweep
NOR,B,multi_4,0.9,1e-15,3e-07,2.0,27.0,8.352117487344275e-05,7.978613818766235e-05,1.428505727425033e-11,2.1832126810806278e-11,1.8058592042528304e-11,26171.87252540334,multi_sweep
NOR,B,multi_4,0.9,1e-15,4e-07,2.0,27.0,0.0001026636557597,0.0001011352292295,1.321830429359425e-11,2.0345359797188797e-11,1.6781832045391527e-11,24321.495717958736,multi_sweep
NOR,B,multi_4,0.9,1e-15,5e-07,2.0,27.0,0.0001251153842429,0.0001229549349362,1.259587597990097e-11,1.931150775283846e-11,1.5953691866369714e-11,23121.29255995611,multi_sweep
NOR,B,multi_4,0.9,1.325e-14,1e-07,2.0,27.0,5.328516722280558e-05,2.426239954779511e-05,1.1257010153774708e-10,2.4140515735729876e-10,1.7698762944752296e-10,19358.77817309521,multi_sweep
NOR,B,multi_4,0.9,1.325e-14,2e-07,2.0,27.0,0.0001074117317701,4.950863734111104e-05,6.323843574139582e-11,1.269120032772e-10,9.507521950929789e-11,10399.258354858946,multi_sweep
NOR,B,multi_4,0.9,1.325e-14,3e-07,2.0,27.0,0.000160744827537,7.510139477551585e-05,4.7180277522873076e-11,8.923356123462066e-11,6.820691937874688e-11,7460.423229832856,multi_sweep
NOR,B,multi_4,0.9,1.325e-14,4e-07,2.0,27.0,0.0002138127408281,0.0001005308849692,3.919298321202895e-11,7.073921339413888e-11,5.496609830308392e-11,6012.151851581506,multi_sweep
NOR,B,multi_4,0.9,1.325e-14,5e-07,2.0,27.0,0.0002663677915463,0.0001247267545152,3.443530334629205e-11,6.028140771585239e-11,4.735835553107223e-11,5180.022480839183,multi_sweep
NOR,B,multi_4,0.9,2.55e-14,1e-07,2.0,27.0,5.311112483633576e-05,2.466586148064336e-05,2.0407192039523757e-10,4.0568292630926834e-10,3.04877423352253e-10,17327.503458496907,multi_sweep
NOR,B,multi_4,0.9,2.55e-14,2e-07,2.0,27.0,0.0001079150924551,4.957599028331187e-05,1.081100679395238e-10,2.2768135420561267e-10,1.6789571107256824e-10,9542.23990182258,multi_sweep
NOR,B,multi_4,0.9,2.55e-14,3e-07,2.0,27.0,0.0001620283115159,7.440945809127552e-05,7.686677926211611e-11,1.5712650977854867e-10,1.169966445203324e-10,6649.4256618546415,multi_sweep
NOR,B,multi_4,0.9,2.55e-14,4e-07,2.0,27.0,0.0002165056227416,0.0001009823916677,6.123954259634633e-11,1.2066611541036008e-10,9.095282900335324e-11,5169.24291010817,multi_sweep
NOR,B,multi_4,0.9,2.55e-14,5e-07,2.0,27.0,0.0002693492534509,0.0001243831692464,5.208576046167732e-11,1.0062788434827378e-10,7.635682240497555e-11,4339.688684568091,multi_sweep
NOR,B,multi_4,0.9,3.775e-14,1e-07,2.0,27.0,5.425720553937224e-05,2.252118487170471e-05,2.9070658940873376e-10,4.2752009133472734e-10,3.5911334037173063e-10,13786.864012735605,multi_sweep
NOR,B,multi_4,0.9,3.775e-14,2e-07,2.0,27.0,0.0001074828021206,5.039528724743491e-05,1.5358299352681119e-10,3.207876422632149e-10,2.3718531789501303e-10,9105.876490834557,multi_sweep
NOR,B,multi_4,0.9,3.775e-14,3e-07,2.0,27.0,0.0001628971281017,7.384502157014555e-05,1.0645255699778018e-10,2.2490987718828947e-10,1.6568121709303483e-10,6360.733931971778,multi_sweep
NOR,B,multi_4,0.9,3.775e-14,4e-07,2.0,27.0,0.0002164793754342,9.874321620459764e-05,8.371036769097713e-11,1.7281318752338057e-10,1.2826177760717886e-10,4924.149250683516,multi_sweep
NOR,B,multi_4,0.9,3.775e-14,5e-07,2.0,27.0,0.000268859333211,0.000126923072314,7.01598413251936e-11,1.3954873805852208e-10,1.0485428969185784e-10,4025.503011492768,multi_sweep
NOR,B,multi_4,0.9,5e-14,1e-07,2.0,27.0,5.424884352981387e-05,2.472517069293e-05,3.8000052698543866e-10,3.312419338875937e-10,3.556212304365162e-10,10307.86175178308,multi_sweep
NOR,B,multi_4,0.9,5e-14,2e-07,2.0,27.0,0.0001070651087801,5.010688927199526e-05,1.9937023497377819e-10,3.9421345282304024e-10,2.9679184389840927e-10,8602.662141982877,multi_sweep
NOR,B,multi_4,0.9,5e-14,3e-07,2.0,27.0,0.0001614167242695,7.487932142120955e-05,1.371970698629034e-10,2.8847606276495547e-10,2.1283656631392947e-10,6169.175835186362,multi_sweep
NOR,B,multi_4,0.9,5e-14,4e-07,2.0,27.0,0.0002178265444415,9.866166522151142e-05,1.0569099536631508e-10,2.2305647582917158e-10,1.6437373559774334e-10,4764.456104282416,multi_sweep
NOR,B,multi_4,0.9,5e-14,5e-07,2.0,27.0,0.0002686411894714,0.0001235582728512,8.825849821107903e-11,1.8165982114449658e-10,1.3495915967778782e-10,3911.859700805445,multi_sweep
NOR,B,multi_4,1.0,1e-15,1e-07,2.0,27.0,4.398589791532862e-05,3.09464217124634e-05,2.0412825486391308e-11,3.243338024308545e-11,2.6423102864738378e-11,38294.35197788171,multi_sweep
NOR,B,multi_4,1.0,1e-15,2e-07,2.0,27.0,6.892482971795632e-05,6.413782573085102e-05,1.4915936883347538e-11,2.340415920320387e-11,1.9160048043275705e-11,27768.185569964797,multi_sweep
NOR,B,multi_4,1.0,1e-15,3e-07,2.0,27.0,9.309268819727037e-05,9.020032046286502e-05,1.274903271072753e-11,2.002061625244125e-11,1.638482448158439e-11,23746.122437078822,multi_sweep
NOR,B,multi_4,1.0,1e-15,4e-07,2.0,27.0,0.0001136577981449,0.000112459969503,1.171490186729661e-11,1.841892004532471e-11,1.506691095631066e-11,21836.10283523284,multi_sweep
NOR,B,multi_4,1.0,1e-15,5e-07,2.0,27.0,0.0001353151211608,0.0001350716820333,1.106334051310732e-11,1.747591498784864e-11,1.4269627750477979e-11,20680.61992822896,multi_sweep
NOR,B,multi_4,1.0,1.325e-14,1e-07,2.0,27.0,5.557487520697899e-05,3.021712783790213e-05,1.1723077989957138e-10,2.14225140476546e-10,1.6572796018805868e-10,18127.203739465,multi_sweep
NOR,B,multi_4,1.0,1.325e-14,2e-07,2.0,27.0,0.0001110823020884,6.280858496531825e-05,6.459021831565661e-11,1.1163092351209509e-10,8.811057091387586e-11,9637.470157383195,multi_sweep
NOR,B,multi_4,1.0,1.325e-14,3e-07,2.0,27.0,0.0001671400160109,9.391054886703678e-05,4.711417378673857e-11,7.930721932091927e-11,6.321069655382893e-11,6913.9400113567335,multi_sweep
NOR,B,multi_4,1.0,1.325e-14,4e-07,2.0,27.0,0.0002225378104383,0.0001257915720746,3.847587704723726e-11,6.315931139223227e-11,5.0817594219734765e-11,5558.3914924511655,multi_sweep
NOR,B,multi_4,1.0,1.325e-14,5e-07,2.0,27.0,0.0002765834637156,0.0001591888494518,3.3421001144435786e-11,5.332782805032776e-11,4.3374414597381776e-11,4744.261919319856,multi_sweep
NOR,B,multi_4,1.0,2.55e-14,1e-07,2.0,27.0,5.593757689557795e-05,3.073611211552703e-05,2.1358400430374838e-10,3.5130353133285807e-10,2.824437678183033e-10,16052.501723120396,multi_sweep
NOR,B,multi_4,1.0,2.55e-14,2e-07,2.0,27.0,0.0001124130231996,6.336356312897234e-05,1.1242652657020959e-10,1.989084827616938e-10,1.5566750466595168e-10,8847.258008863411,multi_sweep
NOR,B,multi_4,1.0,2.55e-14,3e-07,2.0,27.0,0.0001689118105448,9.531612842268546e-05,7.879798455212864e-11,1.3720021295805718e-10,1.0799909875509292e-10,6138.056195231198,multi_sweep
NOR,B,multi_4,1.0,2.55e-14,4e-07,2.0,27.0,0.0002235780602963,0.0001253954533696,6.24319543586065e-11,1.0733949297003888e-10,8.488572366432269e-11,4824.423055659148,multi_sweep
NOR,B,multi_4,1.0,2.55e-14,5e-07,2.0,27.0,0.0002794905662059,0.0001576657441473,5.241204364900865e-11,8.87162114268071e-11,7.056412753790787e-11,4010.4647648711502,multi_sweep
NOR,B,multi_4,1.0,3.775e-14,1e-07,2.0,27.0,5.602488803821374e-05,3.117759384936416e-05,3.1073642368922577e-10,3.4274349044864046e-10,3.2673995706893314e-10,12544.00449444028,multi_sweep
NOR,B,multi_4,1.0,3.775e-14,2e-07,2.0,27.0,0.0001108957764193,6.320174192554327e-05,1.6235036584889768e-10,2.8191548799156676e-10,2.2213292692023224e-10,8527.994123053357,multi_sweep
NOR,B,multi_4,1.0,3.775e-14,3e-07,2.0,27.0,0.0001687763332227,9.590348644754546e-05,1.1105020519924948e-10,1.94767716896951e-10,1.5290896104810022e-10,5870.389137080345,multi_sweep
NOR,B,multi_4,1.0,3.775e-14,4e-07,2.0,27.0,0.0002232912868845,0.0001257146608749,8.674329965228416e-11,1.5123054430367228e-10,1.1898692197797822e-10,4568.074555253988,multi_sweep
NOR,B,multi_4,1.0,3.775e-14,5e-07,2.0,27.0,0.000280193136632,0.0001589045730031,7.166179872314653e-11,1.233146120042302e-10,9.748820536368836e-11,3742.70871921253,multi_sweep
NOR,B,multi_4,1.0,5e-14,1e-07,2.0,27.0,5.607082769406357e-05,3.117702214466879e-05,4.0678396238605126e-10,2.376348136012109e-10,3.2220938799363107e-10,9339.402550540031,multi_sweep
NOR,B,multi_4,1.0,5e-14,2e-07,2.0,27.0,0.0001129871727962,6.283882287664117e-05,2.082266393069613e-10,3.4074963447774816e-10,2.7448813689235475e-10,7956.177880937819,multi_sweep
NOR,B,multi_4,1.0,5e-14,3e-07,2.0,27.0,0.0001685058409289,9.42316207077966e-05,1.434145069054744e-10,2.531125335921328e-10,1.9826352024880358e-10,5746.768702863872,multi_sweep
NOR,B,multi_4,1.0,5e-14,4e-07,2.0,27.0,0.0002251050843155,0.0001240105926244,1.1042207888389948e-10,1.9660425139481639e-10,1.5351316513935794e-10,4449.656960561101,multi_sweep
NOR,B,multi_4,1.0,5e-14,5e-07,2.0,27.0,0.0002785829389106,0.0001577166733933,9.134807093738503e-11,1.5891217937054948e-10,1.2513012515396726e-10,3626.960149390356,multi_sweep
NOR,B,multi_4,1.1,1e-15,1e-07,2.0,27.0,4.714667600318605e-05,3.773422025289784e-05,1.9154216666728128e-11,3.061528440191495e-11,2.4884750534321538e-11,36064.85584684282,multi_sweep
NOR,B,multi_4,1.1,1e-15,2e-07,2.0,27.0,7.452145072539035e-05,7.155849530831946e-05,1.3610578721836809e-11,2.198107544495606e-11,1.7795827083396434e-11,25791.05374405281,multi_sweep
NOR,B,multi_4,1.1,1e-15,3e-07,2.0,27.0,0.0001017204748042,9.824178540582108e-05,1.1508660993089389e-11,1.877257261816023e-11,1.5140616805624808e-11,21942.92290670262,multi_sweep
NOR,B,multi_4,1.1,1e-15,4e-07,2.0,27.0,0.0001268367906683,0.0001263291601258,1.049208981518266e-11,1.72423455132228e-11,1.386721766420273e-11,20097.41690464164,multi_sweep
NOR,B,multi_4,1.1,1e-15,5e-07,2.0,27.0,0.0001514976188505,0.0001545559673939,9.852479931681713e-12,1.6343964789003748e-11,1.3098222360342732e-11,18982.93095701845,multi_sweep
NOR,B,multi_4,1.1,1.325e-14,1e-07,2.0,27.0,5.717443859746902e-05,3.696111808452738e-05,1.2240761525794968e-10,1.9284924823919007e-10,1.5762843174856987e-10,17241.28321012523,multi_sweep
NOR,B,multi_4,1.1,1.325e-14,2e-07,2.0,27.0,0.000114718684083,7.686479550602684e-05,6.575621943305548e-11,1.00803563267526e-10,8.327989135029074e-11,9109.093940420098,multi_sweep
NOR,B,multi_4,1.1,1.325e-14,3e-07,2.0,27.0,0.0001730118702858,0.0001153272129987,4.691981717427545e-11,7.194003206741715e-11,5.942992462084629e-11,6500.401927355353,multi_sweep
NOR,B,multi_4,1.1,1.325e-14,4e-07,2.0,27.0,0.0002295907226715,0.000154164650515,3.792131085719078e-11,5.748431729540509e-11,4.7702814076297934e-11,5217.699105966414,multi_sweep
NOR,B,multi_4,1.1,1.325e-14,5e-07,2.0,27.0,0.0002860526467083,0.0001940852236196,3.2431022328042816e-11,4.886522610779025e-11,4.064812421791653e-11,4446.062260641677,multi_sweep
NOR,B,multi_4,1.1,2.55e-14,1e-07,2.0,27.0,5.698409229987364e-05,3.766374689767736e-05,2.2747532071911847e-10,3.0723435063466976e-10,2.673548356768941e-10,15194.932405620584,multi_sweep
NOR,B,multi_4,1.1,2.55e-14,2e-07,2.0,27.0,0.0001146082074076,7.545360788938675e-05,1.177968822791488e-10,1.816795141255445e-10,1.4973819820234663e-10,8510.269860889268,multi_sweep
NOR,B,multi_4,1.1,2.55e-14,3e-07,2.0,27.0,0.0001725801576388,0.0001153387706108,8.147906642343503e-11,1.2438897695298408e-10,1.0293402168820955e-10,5850.185944200602,multi_sweep
NOR,B,multi_4,1.1,2.55e-14,4e-07,2.0,27.0,0.0002307892624085,0.0001543096038192,6.341198604170943e-11,9.678110207886171e-11,8.009654406028558e-11,4552.2332515081325,multi_sweep
NOR,B,multi_4,1.1,2.55e-14,5e-07,2.0,27.0,0.0002887044076818,0.0001916530258969,5.2718337438192115e-11,8.059290920966032e-11,6.665562332392622e-11,3788.327554642014,multi_sweep
NOR,B,multi_4,1.1,3.775e-14,1e-07,2.0,27.0,5.832024123658141e-05,3.766359545545651e-05,3.2636333949152715e-10,2.8061425507065105e-10,3.034887972810892e-10,11651.359910973768,multi_sweep
NOR,B,multi_4,1.1,3.775e-14,2e-07,2.0,27.0,0.0001155017346496,7.619629424679331e-05,1.6915220148908248e-10,2.539404233280452e-10,2.1154631240856384e-10,8121.559167235392,multi_sweep
NOR,B,multi_4,1.1,3.775e-14,3e-07,2.0,27.0,0.0001727578776357,0.0001146831481263,1.1590543635491639e-10,1.77477521943361e-10,1.466914791491387e-10,5631.691300475621,multi_sweep
NOR,B,multi_4,1.1,3.775e-14,4e-07,2.0,27.0,0.0002305346114631,0.000153825967306,8.939528621287519e-11,1.3628672695812748e-10,1.1284100658550136e-10,4332.124257049673,multi_sweep
NOR,B,multi_4,1.1,3.775e-14,5e-07,2.0,27.0,0.0002909097051551,0.0001906048709491,7.294742658555205e-11,1.124469532685246e-10,9.269718992703832e-11,3558.7749276144864,multi_sweep
NOR,B,multi_4,1.1,5e-14,1e-07,2.0,27.0,5.789644919529945e-05,3.794544898075917e-05,4.3176864619910636e-10,1.69771448049219e-10,3.0077004712416267e-10,8717.972380410514,multi_sweep
NOR,B,multi_4,1.1,5e-14,2e-07,2.0,27.0,0.0001159349825375,7.66546680021054e-05,2.198668664520568e-10,3.000906323629254e-10,2.599787494074911e-10,7535.615924854814,multi_sweep
NOR,B,multi_4,1.1,5e-14,3e-07,2.0,27.0,0.0001723523075578,0.0001133197425644,1.5090238001315317e-10,2.298023683625048e-10,1.90352374187829e-10,5517.460121386348,multi_sweep
NOR,B,multi_4,1.1,5e-14,4e-07,2.0,27.0,0.0002309617242203,0.0001537014773344,1.1499793272381249e-10,1.7571343246098039e-10,1.4535568259239646e-10,4213.208191083956,multi_sweep
NOR,B,multi_4,1.1,5e-14,5e-07,2.0,27.0,0.0002891929471771,0.0001915800878513,9.395293622658727e-11,1.437143664177367e-10,1.18833651322162e-10,3444.453661511942,multi_sweep
NOR,B,multi_4,1.2,1e-15,1e-07,2.0,27.0,5.072652194105644e-05,4.631905333005903e-05,1.809700036992556e-11,2.9559577806804466e-11,2.382828908836501e-11,34533.75230197828,multi_sweep
NOR,B,multi_4,1.2,1e-15,2e-07,2.0,27.0,8.28488474406725e-05,7.890610361960519e-05,1.266283661919917e-11,2.1142967234276938e-11,1.6902901926738057e-11,24496.959314113126,multi_sweep
NOR,B,multi_4,1.2,1e-15,3e-07,2.0,27.0,0.0001126915029998,0.0001102301382097,1.053558251213181e-11,1.805075954651356e-11,1.4293171029322683e-11,20714.74062220679,multi_sweep
NOR,B,multi_4,1.2,1e-15,4e-07,2.0,27.0,0.0001422529476625,0.0001419670378501,9.531977082104875e-12,1.664394793760141e-11,1.3087962509853145e-11,18968.061608482814,multi_sweep
NOR,B,multi_4,1.2,1e-15,5e-07,2.0,27.0,0.0001711730883513,0.0001722196609166,8.892662077735648e-12,1.5754230525210158e-11,1.2323446301472903e-11,17860.067103583922,multi_sweep
NOR,B,multi_4,1.2,1.325e-14,1e-07,2.0,27.0,5.927107813093639e-05,4.445571091745888e-05,1.263501743975641e-10,1.7566480144213777e-10,1.510074879198509e-10,16517.089190030183,multi_sweep
NOR,B,multi_4,1.2,1.325e-14,2e-07,2.0,27.0,0.0001181886398343,8.98515813524071e-05,6.7020063375609e-11,9.372064412340759e-11,8.03703537495083e-11,8790.850833963172,multi_sweep
NOR,B,multi_4,1.2,1.325e-14,3e-07,2.0,27.0,0.0001773513097386,0.0001361802626259,4.713404428333501e-11,6.669865133288552e-11,5.6916347808110255e-11,6225.468723884087,multi_sweep
NOR,B,multi_4,1.2,1.325e-14,4e-07,2.0,27.0,0.0002361556900088,0.0001840720737708,3.7468548616433956e-11,5.348255035642643e-11,4.5475549486430187e-11,4974.082525176943,multi_sweep
NOR,B,multi_4,1.2,1.325e-14,5e-07,2.0,27.0,0.0002939145644758,0.0002296729705989,3.1701629348718745e-11,4.58087508561467e-11,3.875519010243273e-11,4239.014503957641,multi_sweep
NOR,B,multi_4,1.2,2.55e-14,1e-07,2.0,27.0,5.870058343091049e-05,4.41465670679083e-05,2.3860027237218706e-10,2.7404585553350765e-10,2.5632306395284736e-10,14567.949073762287,multi_sweep
NOR,B,multi_4,1.2,2.55e-14,2e-07,2.0,27.0,0.0001195811882351,9.011790326629593e-05,1.2081517324507808e-10,1.6604886468450018e-10,1.4343201896478914e-10,8151.862402090887,multi_sweep
NOR,B,multi_4,1.2,2.55e-14,3e-07,2.0,27.0,0.0001774625988502,0.0001380778843836,8.368005008193377e-11,1.13942597936247e-10,9.88113240090904e-11,5615.875192332504,multi_sweep
NOR,B,multi_4,1.2,2.55e-14,4e-07,2.0,27.0,0.0002373724710017,0.0001806765904258,6.457871589114356e-11,8.989125685038555e-11,7.723498637076455e-11,4389.598543379629,multi_sweep
NOR,B,multi_4,1.2,2.55e-14,5e-07,2.0,27.0,0.0002970029450726,0.0002302151311643,5.3127873757169346e-11,7.405422451939387e-11,6.359104913828161e-11,3614.154540396796,multi_sweep
NOR,B,multi_4,1.2,3.775e-14,1e-07,2.0,27.0,5.974800235739908e-05,4.464873344228402e-05,3.4530158571614435e-10,2.302758935203035e-10,2.87788739618224e-10,11048.612712092294,multi_sweep
NOR,B,multi_4,1.2,3.775e-14,2e-07,2.0,27.0,0.0001187772362599,8.948085287021944e-05,1.768679936789246e-10,2.3271062175598317e-10,2.0478930771745388e-10,7862.14829513212,multi_sweep
NOR,B,multi_4,1.2,3.775e-14,3e-07,2.0,27.0,0.0001777628701444,0.0001367870125098,1.201068162395888e-10,1.6232082668866709e-10,1.4121382146412796e-10,5421.396351439792,multi_sweep
NOR,B,multi_4,1.2,3.775e-14,4e-07,2.0,27.0,0.0002374723091693,0.0001842362087734,9.196301337531516e-11,1.2466936937430118e-10,1.083161913748082e-10,4158.410264893299,multi_sweep
NOR,B,multi_4,1.2,3.775e-14,5e-07,2.0,27.0,0.0002988469908026,0.0002272380957839,7.4617309156383e-11,1.0328661770333819e-10,8.895196342986059e-11,3414.9904378485694,multi_sweep
NOR,B,multi_4,1.2,5e-14,1e-07,2.0,27.0,5.980324719129211e-05,4.493533740060299e-05,4.542021410188127e-10,1.1760915821083638e-10,2.859056496148245e-10,8287.120278690567,multi_sweep
NOR,B,multi_4,1.2,5e-14,2e-07,2.0,27.0,0.0001190129655076,9.049677357993907e-05,2.309268461333636e-10,2.671417288063829e-10,2.4903428746987324e-10,7218.385144054298,multi_sweep
NOR,B,multi_4,1.2,5e-14,3e-07,2.0,27.0,0.0001776188573248,0.0001377616607361,1.572072758834066e-10,2.0745780579459638e-10,1.8233254083900149e-10,5285.001183739175,multi_sweep
NOR,B,multi_4,1.2,5e-14,4e-07,2.0,27.0,0.0002377023944351,0.000182690487354,1.190873432815781e-10,1.609850368310766e-10,1.400361900563273e-10,4059.020001632676,multi_sweep
NOR,B,multi_4,1.2,5e-14,5e-07,2.0,27.0,0.0002978794063219,0.0002285071362007,9.676226659082263e-11,1.3168644619034368e-10,1.1422435639058316e-10,3310.850909871976,multi_sweep
NOR,B,multi_4,1.3,1e-15,1e-07,2.0,27.0,5.515993558557964e-05,4.96965456166944e-05,1.732346843564228e-11,2.879243538364973e-11,2.3057951909646005e-11,33417.32160818262,multi_sweep
NOR,B,multi_4,1.3,1e-15,2e-07,2.0,27.0,9.132425100008928e-05,8.81808621995112e-05,1.1821299858421899e-11,2.067480366011578e-11,1.624805175926884e-11,23547.901100389623,multi_sweep
NOR,B,multi_4,1.3,1e-15,3e-07,2.0,27.0,0.0001244220891013,0.0001235932140752,9.60552394544331e-12,1.7793249604888078e-11,1.3699386775165695e-11,19854.1837321242,multi_sweep
NOR,B,multi_4,1.3,1e-15,4e-07,2.0,27.0,0.0001567279860085,0.0001580701676103,8.579786521798665e-12,1.642636716390733e-11,1.2503076842852996e-11,18120.401221526085,multi_sweep
NOR,B,multi_4,1.3,1e-15,5e-07,2.0,27.0,0.0001908482649859,0.0001948347138969,7.971848171314281e-12,1.565104741915261e-11,1.1811447795233446e-11,17118.040282947022,multi_sweep
NOR,B,multi_4,1.3,1.325e-14,1e-07,2.0,27.0,6.032654210720418e-05,5.069803999417992e-05,1.3324969841272148e-10,1.637830940845065e-10,1.48516396248614e-10,16244.615394981023,multi_sweep
NOR,B,multi_4,1.3,1.325e-14,2e-07,2.0,27.0,0.0001210234263648,0.0001046064823751,6.899176924286092e-11,8.71548902280257e-11,7.807332973544331e-11,8539.60401809607,multi_sweep
NOR,B,multi_4,1.3,1.325e-14,3e-07,2.0,27.0,0.0001820121688854,0.0001578332136885,4.7706039574297467e-11,6.264678194960194e-11,5.5176410761949704e-11,6035.155675356819,multi_sweep
NOR,B,multi_4,1.3,1.325e-14,4e-07,2.0,27.0,0.0002421541242915,0.0002124545222879,3.745592543758758e-11,5.057697892328819e-11,4.401645218043789e-11,4814.487523154267,multi_sweep
NOR,B,multi_4,1.3,1.325e-14,5e-07,2.0,27.0,0.0003017036533098,0.0002673685541325,3.131095894720433e-11,4.345748424173598e-11,3.738422159447016e-11,4089.058965761024,multi_sweep
NOR,B,multi_4,1.3,2.55e-14,1e-07,2.0,27.0,6.077859274914617e-05,5.113641534158936e-05,2.5030964566451566e-10,2.39747097876244e-10,2.4502837177037983e-10,13926.022834349524,multi_sweep
NOR,B,multi_4,1.3,2.55e-14,2e-07,2.0,27.0,0.0001222781930401,0.0001050402772969,1.26693548340088e-10,1.5318291575522869e-10,1.3993823204765834e-10,7953.295370710906,multi_sweep
NOR,B,multi_4,1.3,2.55e-14,3e-07,2.0,27.0,0.0001839306137751,0.0001574199607516,8.569998614173637e-11,1.0660418275150379e-10,9.615208444662008e-11,5464.739098983808,multi_sweep
NOR,B,multi_4,1.3,2.55e-14,4e-07,2.0,27.0,0.000243254366638,0.0002132346703815,6.625864156114362e-11,8.297597023467536e-11,7.461730589790949e-11,4240.824432958768,multi_sweep
NOR,B,multi_4,1.3,2.55e-14,5e-07,2.0,27.0,0.0003045087374732,0.0002656130943525,5.411011033401905e-11,6.940564773652067e-11,6.175787903526987e-11,3509.9675496032896,multi_sweep
NOR,B,multi_4,1.3,3.775e-14,1e-07,2.0,27.0,6.140109073231321e-05,5.202293665667035e-05,3.647853087392108e-10,1.8164757198959788e-10,2.7321644036440436e-10,10489.16173776387,multi_sweep
NOR,B,multi_4,1.3,3.775e-14,2e-07,2.0,27.0,0.0001213302246921,0.0001047154229739,1.869230297989187e-10,2.1060041540136002e-10,1.987617226001393e-10,7630.740861892287,multi_sweep
NOR,B,multi_4,1.3,3.775e-14,3e-07,2.0,27.0,0.0001838887059401,0.0001572093708465,1.247460724343422e-10,1.506405193359887e-10,1.3769329588516544e-10,5286.238444578768,multi_sweep
NOR,B,multi_4,1.3,3.775e-14,4e-07,2.0,27.0,0.0002433527640724,0.0002116278861058,9.541903526981268e-11,1.1608676493041559e-10,1.0575290010011414e-10,4060.001923413539,multi_sweep
NOR,B,multi_4,1.3,3.775e-14,5e-07,2.0,27.0,0.000305865299795,0.0002672690066294,7.708392724486098e-11,9.536155820948846e-11,8.622274272717472e-11,3310.2118332728564,multi_sweep
NOR,B,multi_4,1.3,5e-14,1e-07,2.0,27.0,6.1376147287361e-05,5.202540476521194e-05,4.821278473980182e-10,7.132476451239414e-11,2.7672630595520616e-10,8021.052346527716,multi_sweep
NOR,B,multi_4,1.3,5e-14,2e-07,2.0,27.0,0.0001222709185464,0.0001047507508865,2.4349242837158637e-10,2.3492862537916477e-10,2.3921052687537557e-10,6933.638460155816,multi_sweep
NOR,B,multi_4,1.3,5e-14,3e-07,2.0,27.0,0.000182158102283,0.0001573973497689,1.650039451523537e-10,1.9167712979565678e-10,1.7834053747400522e-10,5169.290941275514,multi_sweep
NOR,B,multi_4,1.3,5e-14,4e-07,2.0,27.0,0.0002454450643366,0.0002139076985049,1.23854730961173e-10,1.4817118984559518e-10,1.3601296040338412e-10,3942.404649373453,multi_sweep
NOR,B,multi_4,1.3,5e-14,5e-07,2.0,27.0,0.0003045152220089,0.0002631711433883,1.0082128219610369e-10,1.2234882990933028e-10,1.11585056052717e-10,3234.349450803392,multi_sweep
NOR,A,multi_5,1.0,1e-15,1e-07,2.0,27.0,4.982835001720887e-05,3.104510171852492e-05,2.3707031387184698e-11,3.6696824261426047e-11,3.020192782430537e-11,43770.90989029765,multi_sweep
NOR,A,multi_5,1.0,1e-15,1e-07,2.5,27.0,5.191318353462329e-05,3.897691690904653e-05,2.490129214752749e-11,3.160819884332967e-11,2.825474549542858e-11,40948.906515113886,multi_sweep
NOR,A,multi_5,1.0,1e-15,1e-07,3.0,27.0,5.293053748548282e-05,4.699400093235766e-05,2.650115775625569e-11,2.8814209348282967e-11,2.7657683552269328e-11,40083.59935111497,multi_sweep
NOR,A,multi_5,1.0,1e-15,1e-07,3.5,27.0,5.315560413080253e-05,5.495899390518725e-05,2.8071320687636457e-11,2.679851291649546e-11,2.743491680206596e-11,39760.74898850139,multi_sweep
NOR,A,multi_5,1.0,1e-15,1e-07,4.0,27.0,5.336398053997981e-05,6.09997794150911e-05,2.970473013061243e-11,2.525131495399331e-11,2.7478022542302867e-11,39823.22107580126,multi_sweep
NOR,A,multi_5,1.0,1e-15,2e-07,2.0,27.0,8.201836011055078e-05,6.297607057720738e-05,1.842989229811168e-11,2.6631491668355628e-11,2.253069198323365e-11,32653.176787295157,multi_sweep
NOR,A,multi_5,1.0,1e-15,2e-07,2.5,27.0,8.844530075775037e-05,7.437024382169766e-05,2.027573806782965e-11,2.417353799539601e-11,2.222463803161283e-11,32209.62033567077,multi_sweep
NOR,A,multi_5,1.0,1e-15,2e-07,3.0,27.0,9.514844070454232e-05,8.741601969057785e-05,2.2092436797710447e-11,2.2403334774390528e-11,2.224788578605049e-11,32243.312733406518,multi_sweep
NOR,A,multi_5,1.0,1e-15,2e-07,3.5,27.0,0.0001001941001108,9.964555042731642e-05,2.369887088673013e-11,2.117093351216054e-11,2.2434902199445336e-11,32514.35101368889,multi_sweep
NOR,A,multi_5,1.0,1e-15,2e-07,4.0,27.0,0.0001058604211211,0.0001112662580373,2.536332722482492e-11,2.021791701527716e-11,2.279062212005104e-11,33029.88713050875,multi_sweep
NOR,A,multi_5,1.0,1e-15,3e-07,2.0,27.0,0.0001129363041871,8.780132802055307e-05,1.650364708438316e-11,2.339114254205627e-11,1.9947394813219714e-11,28909.26784524597,multi_sweep
NOR,A,multi_5,1.0,1e-15,3e-07,2.5,27.0,0.0001232820355002,0.0001066674445169,1.844202496728833e-11,2.142958271215999e-11,1.993580383972416e-11,28892.469332933564,multi_sweep
NOR,A,multi_5,1.0,1e-15,3e-07,3.0,27.0,0.0001340925464161,0.0001247947159757,2.0325046819710308e-11,2.0090787273144597e-11,2.0207917046427457e-11,29286.83629917023,multi_sweep
NOR,A,multi_5,1.0,1e-15,3e-07,3.5,27.0,0.0001439591756008,0.0001450814693297,2.211419367306231e-11,1.903685475466373e-11,2.057552421386302e-11,29819.600309946407,multi_sweep
NOR,A,multi_5,1.0,1e-15,3e-07,4.0,27.0,0.0001513480621528,0.0001625725112329,2.3692410558249858e-11,1.827162081814983e-11,2.0982015688199847e-11,30408.718388695437,multi_sweep
NOR,A,multi_5,1.0,1e-15,4e-07,2.0,27.0,0.0001433254365603,0.0001156681605287,1.561633931266277e-11,2.183402558449095e-11,1.872518244857686e-11,27137.945577647624,multi_sweep
NOR,A,multi_5,1.0,1e-15,4e-07,2.5,27.0,0.000157601359483,0.0001399933448242,1.7599537946943958e-11,2.0148057758149688e-11,1.8873797852546823e-11,27353.33022108236,multi_sweep
NOR,A,multi_5,1.0,1e-15,4e-07,3.0,27.0,0.0001709538209413,0.0001630142269398,1.9462725527988858e-11,1.9002176738968878e-11,1.9232451133478876e-11,27873.11758475199,multi_sweep
NOR,A,multi_5,1.0,1e-15,4e-07,3.5,27.0,0.0001859057764808,0.0001892512493231,2.1327711047254808e-11,1.808909501593242e-11,1.9708403031593612e-11,28562.902944338573,multi_sweep
NOR,A,multi_5,1.0,1e-15,4e-07,4.0,27.0,0.000195403453908,0.000211736272888,2.2917062611909107e-11,1.7417247878747928e-11,2.0167155245328518e-11,29227.7612251138,multi_sweep
NOR,A,multi_5,1.0,1e-15,5e-07,2.0,27.0,0.0001734822223675,0.000141420878691,1.5065540358511668e-11,2.09127045580027e-11,1.7989122458257185e-11,26071.191968488674,multi_sweep
NOR,A,multi_5,1.0,1e-15,5e-07,2.5,27.0,0.0001916970848452,0.0001733714178243,1.707786279084378e-11,1.9348073764445428e-11,1.821296827764461e-11,26395.606199484937,multi_sweep
NOR,A,multi_5,1.0,1e-15,5e-07,3.0,27.0,0.0002087308004634,0.0002041658110176,1.8964761382281478e-11,1.8265469985125697e-11,1.861511568370359e-11,26978.42852710665,multi_sweep
NOR,A,multi_5,1.0,1e-15,5e-07,3.5,27.0,0.0002274912227105,0.000232340112466,2.0836474362501637e-11,1.748787251005965e-11,1.9162173436280645e-11,27771.26584968209,multi_sweep
NOR,A,multi_5,1.0,1e-15,5e-07,4.0,27.0,0.0002435307716877,0.0002602670285937,2.2586697169531668e-11,1.689244322565578e-11,1.9739570197593724e-11,28608.072750135834,multi_sweep
NOR,A,multi_5,1.0,1.325e-14,1e-07,2.0,27.0,5.620117660000967e-05,3.024599962764903e-05,1.1972407796700849e-10,2.1859691389230177e-10,1.6916049592965515e-10,18502.65200214987,multi_sweep
NOR,A,multi_5,1.0,1.325e-14,1e-07,2.5,27.0,5.616253012426716e-05,3.890755930028696e-05,1.209778542762577e-10,1.7390747695773209e-10,1.474426656169949e-10,16127.171519496298,multi_sweep
NOR,A,multi_5,1.0,1.325e-14,1e-07,3.0,27.0,5.622089616069792e-05,4.704445124513392e-05,1.2261388965552109e-10,1.465418352761284e-10,1.3457786246582475e-10,14720.028708321002,multi_sweep
NOR,A,multi_5,1.0,1.325e-14,1e-07,3.5,27.0,5.614025387328885e-05,5.405282460374458e-05,1.24426989567429e-10,1.286072182852249e-10,1.2651710392632695e-10,13838.348802442108,multi_sweep
NOR,A,multi_5,1.0,1.325e-14,1e-07,4.0,27.0,5.602869415185449e-05,6.276906950960728e-05,1.2627408590396168e-10,1.13527054182262e-10,1.1990057004311183e-10,13114.637138978602,multi_sweep
NOR,A,multi_5,1.0,1.325e-14,2e-07,2.0,27.0,0.0001117125184748,6.241425928027402e-05,6.727091983230307e-11,1.158224717826397e-10,9.154669580747138e-11,10013.310998903078,multi_sweep
NOR,A,multi_5,1.0,1.325e-14,2e-07,2.5,27.0,0.0001116124032214,7.87863460400654e-05,6.899377866954291e-11,9.506419345412976e-11,8.202898606183635e-11,8972.270829842642,multi_sweep
NOR,A,multi_5,1.0,1.325e-14,2e-07,3.0,27.0,0.0001115573375182,9.39292391545602e-05,7.069003345833401e-11,8.189438387806558e-11,7.629220866819979e-11,8344.786291298857,multi_sweep
NOR,A,multi_5,1.0,1.325e-14,2e-07,3.5,27.0,0.0001115195808789,0.0001113316232263,7.237111455606904e-11,7.177180618086703e-11,7.207146036846805e-11,7883.123912329019,multi_sweep
NOR,A,multi_5,1.0,1.325e-14,2e-07,4.0,27.0,0.000110859537623,0.0001269824831466,7.427207487006506e-11,6.471898863752806e-11,6.949553175379655e-11,7601.37071411502,multi_sweep
NOR,A,multi_5,1.0,1.325e-14,3e-07,2.0,27.0,0.0001670467672576,9.382384364428464e-05,4.982417765801113e-11,8.298290593651411e-11,6.640354179726262e-11,7263.17110169676,multi_sweep
NOR,A,multi_5,1.0,1.325e-14,3e-07,2.5,27.0,0.0001671402898858,0.0001197005188093,5.147279132142956e-11,6.869756629823535e-11,6.008517880983246e-11,6572.073153933001,multi_sweep
NOR,A,multi_5,1.0,1.325e-14,3e-07,3.0,27.0,0.0001673656333572,0.0001424164955848,5.3087341048568476e-11,6.000622715282535e-11,5.654678410069692e-11,6185.046114377568,multi_sweep
NOR,A,multi_5,1.0,1.325e-14,3e-07,3.5,27.0,0.0001676559821889,0.000168162336997,5.467767457953266e-11,5.336884604663402e-11,5.402326031308334e-11,5909.024918029351,multi_sweep
NOR,A,multi_5,1.0,1.325e-14,3e-07,4.0,27.0,0.0001666352582912,0.0001914466861446,5.645381766396813e-11,4.861231221016089e-11,5.253306493706451e-11,5746.028431727046,multi_sweep
NOR,A,multi_5,1.0,1.325e-14,4e-07,2.0,27.0,0.0002230631018101,0.0001271596616223,4.123194652211464e-11,6.638353710717814e-11,5.38077418146464e-11,5885.451661432475,multi_sweep
NOR,A,multi_5,1.0,1.325e-14,4e-07,2.5,27.0,0.0002223934813336,0.0001589862471938,4.2905567994902736e-11,5.619296064087135e-11,4.954926431788705e-11,5419.662490334926,multi_sweep
NOR,A,multi_5,1.0,1.325e-14,4e-07,3.0,27.0,0.0002222692148187,0.000191524837226,4.453235918962627e-11,4.922964399309353e-11,4.68810015913599e-11,5127.809854127417,multi_sweep
NOR,A,multi_5,1.0,1.325e-14,4e-07,3.5,27.0,0.0002226592466207,0.0002240682080659,4.611193213946385e-11,4.4286009136709917e-11,4.519897063808689e-11,4943.830531920908,multi_sweep
NOR,A,multi_5,1.0,1.325e-14,4e-07,4.0,27.0,0.000223007254235,0.0002559611732031,4.7596620629781355e-11,4.0639248139199867e-11,4.411793438449062e-11,4825.587572818225,multi_sweep
NOR,A,multi_5,1.0,1.325e-14,5e-07,2.0,27.0,0.0002776607823615,0.0001586969477934,3.610871349417927e-11,5.694212012800159e-11,4.652541681109043e-11,5088.916249504013,multi_sweep
NOR,A,multi_5,1.0,1.325e-14,5e-07,2.5,27.0,0.0002773361336013,0.0001994166936431,3.773055151754328e-11,4.844377074760701e-11,4.308716113257514e-11,4712.84234427948,multi_sweep
NOR,A,multi_5,1.0,1.325e-14,5e-07,3.0,27.0,0.0002780509309992,0.0002396826860171,3.9292295789321966e-11,4.285673087658408e-11,4.107451333295303e-11,4492.700391900797,multi_sweep
NOR,A,multi_5,1.0,1.325e-14,5e-07,3.5,27.0,0.0002785854217357,0.0002805649697042,4.0849934161884197e-11,3.889945624159819e-11,3.98746952017412e-11,4361.465157423156,multi_sweep
NOR,A,multi_5,1.0,1.325e-14,5e-07,4.0,27.0,0.000277753825864,0.0003202565039225,4.2459425687866956e-11,3.5921445502426335e-11,3.919043559514665e-11,4286.621339365234,multi_sweep
NOR,A,multi_5,1.0,2.55e-14,1e-07,2.0,27.0,5.622804436133351e-05,3.096636244273599e-05,2.16219918071059e-10,3.5178095918097604e-10,2.8400043862601753e-10,16140.974062291423,multi_sweep
NOR,A,multi_5,1.0,2.55e-14,1e-07,2.5,27.0,5.639087184152917e-05,3.892222415302517e-05,2.170685887975272e-10,2.820553855353486e-10,2.495619871664379e-10,14183.687818496046,multi_sweep
NOR,A,multi_5,1.0,2.55e-14,1e-07,3.0,27.0,5.638547186200272e-05,4.688857195231336e-05,2.1885407322247027e-10,2.3575079406894826e-10,2.2730243364570927e-10,12918.581054032928,multi_sweep
NOR,A,multi_5,1.0,2.55e-14,1e-07,3.5,27.0,5.645542837039365e-05,5.458020040754774e-05,2.2042711398701917e-10,2.0354903544788778e-10,2.1198807471745347e-10,12048.19975660435,multi_sweep
NOR,A,multi_5,1.0,2.55e-14,1e-07,4.0,27.0,5.645321464285744e-05,6.229445192890395e-05,2.221649073965914e-10,1.7936311952314638e-10,2.0076401345986886e-10,11410.287778338672,multi_sweep
NOR,A,multi_5,1.0,2.55e-14,2e-07,2.0,27.0,0.0001121843178738,6.191225772896211e-05,1.1548615481685009e-10,2.0483918048632958e-10,1.6016266765158983e-10,9102.737576106274,multi_sweep
NOR,A,multi_5,1.0,2.55e-14,2e-07,2.5,27.0,0.0001122936105644,7.958667026375725e-05,1.1712145811451618e-10,1.642394274153124e-10,1.406804427649143e-10,7995.478418011612,multi_sweep
NOR,A,multi_5,1.0,2.55e-14,2e-07,3.0,27.0,0.000112406695427,9.37595840423158e-05,1.1873482192410278e-10,1.405697175764911e-10,1.2965226975029696e-10,7368.699616385165,multi_sweep
NOR,A,multi_5,1.0,2.55e-14,2e-07,3.5,27.0,0.000112521902008,0.0001088870425424,1.2033205424458378e-10,1.229999380054519e-10,1.2166599612501782e-10,6914.805122194821,multi_sweep
NOR,A,multi_5,1.0,2.55e-14,2e-07,4.0,27.0,0.000112637934246,0.0001265006540959,1.219155893810881e-10,1.0855647926694959e-10,1.1523603432401884e-10,6549.362564593286,multi_sweep
NOR,A,multi_5,1.0,2.55e-14,3e-07,2.0,27.0,0.0001682853748871,9.371547622654708e-05,8.188237617641592e-11,1.4188758849746238e-10,1.1188498233693915e-10,6358.907777035475,multi_sweep
NOR,A,multi_5,1.0,2.55e-14,3e-07,2.5,27.0,0.0001685321164001,0.0001176042119461,8.348823185934471e-11,1.1633788036562179e-10,9.991305611248324e-11,5678.491395992229,multi_sweep
NOR,A,multi_5,1.0,2.55e-14,3e-07,3.0,27.0,0.0001687947198295,0.0001440294539859,8.507003774623162e-11,9.843888919895472e-11,9.175446347259316e-11,5214.803266416208,multi_sweep
NOR,A,multi_5,1.0,2.55e-14,3e-07,3.5,27.0,0.0001690686505297,0.0001655076185117,8.663081341382631e-11,8.704234325019965e-11,8.683657833201299e-11,4935.2985695943735,multi_sweep
NOR,A,multi_5,1.0,2.55e-14,3e-07,4.0,27.0,0.0001691177352107,0.0001893611634393,8.824624677437366e-11,7.797700073009239e-11,8.311162375223303e-11,4723.593279467636,multi_sweep
NOR,A,multi_5,1.0,2.55e-14,4e-07,2.0,27.0,0.0002250888407529,0.0001269393243924,6.498635688395409e-11,1.1037349623863501e-10,8.767992656129453e-11,4983.2296994199805,multi_sweep
NOR,A,multi_5,1.0,2.55e-14,4e-07,2.5,27.0,0.0002249464830926,0.0001580676189618,6.666749203830985e-11,9.13984274969843e-11,7.903295976764706e-11,4491.785153034788,multi_sweep
NOR,A,multi_5,1.0,2.55e-14,4e-07,3.0,27.0,0.000224286308788,0.0001892712118136,6.846407560724821e-11,7.867511934559359e-11,7.356959747642091e-11,4181.278628952596,multi_sweep
NOR,A,multi_5,1.0,2.55e-14,4e-07,3.5,27.0,0.000224178694378,0.0002218708301072,7.013113301573499e-11,6.940067155605625e-11,6.976590228589563e-11,3965.098169133029,multi_sweep
NOR,A,multi_5,1.0,2.55e-14,4e-07,4.0,27.0,0.0002241115517075,0.0002545833076578,7.178455493764181e-11,6.249932937141827e-11,6.714194215453004e-11,3815.967158541066,multi_sweep
NOR,A,multi_5,1.0,2.55e-14,5e-07,2.0,27.0,0.000280557076565,0.0001570919213888,5.505753665065659e-11,9.244123345876396e-11,7.374938505471027e-11,4191.496735135566,multi_sweep
NOR,A,multi_5,1.0,2.55e-14,5e-07,2.5,27.0,0.0002788592864049,0.0002001492249811,5.6922789779759915e-11,7.625235312728405e-11,6.658757145352197e-11,3784.459872322933,multi_sweep
NOR,A,multi_5,1.0,2.55e-14,5e-07,3.0,27.0,0.0002790435591673,0.0002393372673111,5.855115805298658e-11,6.609863546881147e-11,6.232489676089901e-11,3542.193620966129,multi_sweep
NOR,A,multi_5,1.0,2.55e-14,5e-07,3.5,27.0,0.0002793663033336,0.000279644697233,6.015431633463021e-11,5.877723093303858e-11,5.94657736338344e-11,3379.697279558648,multi_sweep
NOR,A,multi_5,1.0,2.55e-14,5e-07,4.0,27.0,0.0002797656956843,0.0003196148852425,6.173894647185662e-11,5.3306103538527376e-11,5.752252500519201e-11,3269.2540497409504,multi_sweep
NOR,A,multi_5,1.0,3.775e-14,1e-07,2.0,27.0,5.601168537985404e-05,3.115597896271632e-05,3.14241385018716e-10,3.4191209767971776e-10,3.2807674134921685e-10,12595.325514894595,multi_sweep
NOR,A,multi_5,1.0,3.775e-14,1e-07,2.5,27.0,5.572036967339526e-05,3.934263783294042e-05,3.1671534759029005e-10,2.72305756105146e-10,2.94510551847718e-10,11306.6724963132,multi_sweep
NOR,A,multi_5,1.0,3.775e-14,1e-07,3.0,27.0,5.569919551482008e-05,4.69461932770355e-05,3.1861829650723747e-10,2.2807712538904557e-10,2.7334771094814154e-10,10494.201399295194,multi_sweep
NOR,A,multi_5,1.0,3.775e-14,1e-07,3.5,27.0,5.564380628431627e-05,5.47905269729992e-05,3.2063048000856626e-10,1.9521412225435908e-10,2.5792230113146265e-10,9901.998315825424,multi_sweep
NOR,A,multi_5,1.0,3.775e-14,1e-07,4.0,27.0,5.563682372117532e-05,6.307115030260481e-05,3.22430150477656e-10,1.7014691398869088e-10,2.4628853223317347e-10,9455.361636747231,multi_sweep
NOR,A,multi_5,1.0,3.775e-14,2e-07,2.0,27.0,0.0001124868982879,6.343759906541764e-05,1.634418852600954e-10,2.841207929557269e-10,2.2378133910791114e-10,8591.278975253332,multi_sweep
NOR,A,multi_5,1.0,3.775e-14,2e-07,2.5,27.0,0.0001125084267208,7.779236357045212e-05,1.651590187785806e-10,2.3209291593900218e-10,1.9862596735879137e-10,7625.529028075301,multi_sweep
NOR,A,multi_5,1.0,3.775e-14,2e-07,3.0,27.0,0.0001125101257888,9.345003945692116e-05,1.6688330936902889e-10,1.953554318778151e-10,1.81119370623422e-10,6953.426264456169,multi_sweep
NOR,A,multi_5,1.0,3.775e-14,2e-07,3.5,27.0,0.0001125095941792,0.0001117820366072,1.685991334038652e-10,1.6705860926961707e-10,1.6782887133674115e-10,6443.185385804441,multi_sweep
NOR,A,multi_5,1.0,3.775e-14,2e-07,4.0,27.0,0.0001125070583181,0.0001264253599829,1.703089832408957e-10,1.4868727644006418e-10,1.5949812984047994e-10,6123.356554006333,multi_sweep
NOR,A,multi_5,1.0,3.775e-14,3e-07,2.0,27.0,0.0001685001608596,9.320251825582978e-05,1.1400798554636002e-10,2.01102218320275e-10,1.5755510193331748e-10,6048.760991777235,multi_sweep
NOR,A,multi_5,1.0,3.775e-14,3e-07,2.5,27.0,0.0001686642060784,0.0001192400809794,1.1563445985743789e-10,1.61736209844424e-10,1.3868533485093095e-10,5324.324209652787,multi_sweep
NOR,A,multi_5,1.0,3.775e-14,3e-07,3.0,27.0,0.0001688346730139,0.0001407674140549,1.172410139017539e-10,1.384145346456939e-10,1.278277742737239e-10,4907.487254965886,multi_sweep
NOR,A,multi_5,1.0,3.775e-14,3e-07,3.5,27.0,0.0001690086066983,0.0001644003387836,1.188319722658735e-10,1.2079435718949168e-10,1.1981316472768259e-10,4599.795171424613,multi_sweep
NOR,A,multi_5,1.0,3.775e-14,3e-07,4.0,27.0,0.0001691839495524,0.0001912122745288,1.2040939696503108e-10,1.06630961464461e-10,1.1352017921474606e-10,4358.198645349691,multi_sweep
NOR,A,multi_5,1.0,3.775e-14,4e-07,2.0,27.0,0.0002254492794564,0.000127274590469,8.895290817093753e-11,1.536245117400784e-10,1.2128870995550797e-10,4656.443418965659,multi_sweep
NOR,A,multi_5,1.0,3.775e-14,4e-07,2.5,27.0,0.0002249202834294,0.0001561894217378,9.076334567175555e-11,1.2718546805152738e-10,1.0897440686164147e-10,4183.680079149304,multi_sweep
NOR,A,multi_5,1.0,3.775e-14,4e-07,3.0,27.0,0.0002244735272412,0.000188796881695,9.25451429078454e-11,1.0796374453925429e-10,1.0025444372354984e-10,3848.908483484015,multi_sweep
NOR,A,multi_5,1.0,3.775e-14,4e-07,3.5,27.0,0.0002240959944353,0.000222562040411,9.430414236801608e-11,9.424558090762715e-11,9.42748616378216e-11,3619.3439538466887,multi_sweep
NOR,A,multi_5,1.0,3.775e-14,4e-07,4.0,27.0,0.0002237957241953,0.0002519380940798,9.603936870605698e-11,8.468672913727022e-11,9.036304892166359e-11,3469.16398585905,multi_sweep
NOR,A,multi_5,1.0,3.775e-14,5e-07,2.0,27.0,0.0002791600133305,0.0001559743417421,7.463886392076285e-11,1.281217342000383e-10,1.0138029906040056e-10,3892.1316464305824,multi_sweep
NOR,A,multi_5,1.0,3.775e-14,5e-07,2.5,27.0,0.0002794853302084,0.000196281338879,7.626928991103686e-11,1.0500862670338549e-10,9.063895830721116e-11,3479.756533533398,multi_sweep
NOR,A,multi_5,1.0,3.775e-14,5e-07,3.0,27.0,0.0002798799839407,0.0002369142547415,7.787382213366969e-11,8.981514829041547e-11,8.38444852120426e-11,3218.907196930324,multi_sweep
NOR,A,multi_5,1.0,3.775e-14,5e-07,3.5,27.0,0.0002803151667399,0.0002813215439908,7.945789586943576e-11,7.846711576953492e-11,7.896250581948535e-11,3031.4811716857803,multi_sweep
NOR,A,multi_5,1.0,3.775e-14,5e-07,4.0,27.0,0.0002807707688072,0.0003209940267495,8.102461045294783e-11,7.051297432470062e-11,7.576879238882422e-11,2908.870040841702,multi_sweep
NOR,A,multi_5,1.0,5e-14,1e-07,2.0,27.0,5.609655940329797e-05,3.11639479767311e-05,4.100881735116295e-10,2.332307821835448e-10,3.2165947784758714e-10,9323.46312601702,multi_sweep
NOR,A,multi_5,1.0,5e-14,1e-07,2.5,27.0,5.63396659368579e-05,3.918811827756594e-05,4.101392121464075e-10,1.862066337910097e-10,2.9817292296870856e-10,8642.693419382858,multi_sweep
NOR,A,multi_5,1.0,5e-14,1e-07,3.0,27.0,5.636670303820797e-05,4.733349669930215e-05,4.118424861310184e-10,1.5385777333791109e-10,2.828501297344648e-10,8198.55448505695,multi_sweep
NOR,A,multi_5,1.0,5e-14,1e-07,3.5,27.0,5.638575497115591e-05,5.537532471571028e-05,4.135491855648991e-10,1.3180274121543818e-10,2.7267596339016865e-10,7903.651112758512,multi_sweep
NOR,A,multi_5,1.0,5e-14,1e-07,4.0,27.0,5.639906600638506e-05,6.351820110858174e-05,4.1526069128868457e-10,1.1506010396488619e-10,2.651603976267854e-10,7685.808626863345,multi_sweep
NOR,A,multi_5,1.0,5e-14,2e-07,2.0,27.0,0.0001130752044432,6.24946787218127e-05,2.109507985425878e-10,3.436331556471254e-10,2.7729197709485655e-10,8037.448611445119,multi_sweep
NOR,A,multi_5,1.0,5e-14,2e-07,2.5,27.0,0.0001131034785748,7.9872116669103e-05,2.1265518464524658e-10,2.7383146595440537e-10,2.43243325299826e-10,7050.531168110899,multi_sweep
NOR,A,multi_5,1.0,5e-14,2e-07,3.0,27.0,0.0001131396127098,9.402699513583282e-05,2.1432475294022957e-10,2.3222530781890058e-10,2.2327503037956508e-10,6471.740011001887,multi_sweep
NOR,A,multi_5,1.0,5e-14,2e-07,3.5,27.0,0.0001131675191338,0.0001093938074614,2.159960723641204e-10,2.0076544907570558e-10,2.08380760719913e-10,6040.022049852551,multi_sweep
NOR,A,multi_5,1.0,5e-14,2e-07,4.0,27.0,0.0001132007653618,0.0001271433667472,2.1764729326205048e-10,1.7522185006253768e-10,1.9643457166229407e-10,5693.755700356351,multi_sweep
NOR,A,multi_5,1.0,5e-14,3e-07,2.0,27.0,0.0001689474588153,9.411388165801088e-05,1.458035830100386e-10,2.5683421080229335e-10,2.0131889690616601e-10,5835.330345106261,multi_sweep
NOR,A,multi_5,1.0,5e-14,3e-07,2.5,27.0,0.0001689283369588,0.0001165868857051,1.475038401228325e-10,2.0913030113375918e-10,1.7831707062829583e-10,5168.610742849155,multi_sweep
NOR,A,multi_5,1.0,5e-14,3e-07,3.0,27.0,0.0001689230688361,0.0001422658339096,1.4921468110275238e-10,1.74961385854226e-10,1.620880334784892e-10,4698.203868941716,multi_sweep
NOR,A,multi_5,1.0,5e-14,3e-07,3.5,27.0,0.0001689245640445,0.0001658465111824,1.50911962123181e-10,1.520265057281373e-10,1.5146923392565916e-10,4390.412577555338,multi_sweep
NOR,A,multi_5,1.0,5e-14,3e-07,4.0,27.0,0.000168932502838,0.0001887539101069,1.525977843989127e-10,1.350449229337788e-10,1.4382135366634576e-10,4168.734888879588,multi_sweep
NOR,A,multi_5,1.0,5e-14,4e-07,2.0,27.0,0.000224772115417,0.0001247281846298,1.1333404981472489e-10,1.9922082928702849e-10,1.5627743955087667e-10,4529.780856547151,multi_sweep
NOR,A,multi_5,1.0,5e-14,4e-07,2.5,27.0,0.0002249930873295,0.0001601409824577,1.1495573279970279e-10,1.599804766214906e-10,1.374681047105967e-10,3984.582745234687,multi_sweep
NOR,A,multi_5,1.0,5e-14,4e-07,3.0,27.0,0.0002252224624725,0.0001914768324982,1.165583499431964e-10,1.360605474751439e-10,1.2630944870917016e-10,3661.143440845512,multi_sweep
NOR,A,multi_5,1.0,5e-14,4e-07,3.5,27.0,0.0002254563933219,0.0002198952961187,1.181458635391876e-10,1.1981534009277208e-10,1.1898060181597983e-10,3448.7130961153584,multi_sweep
NOR,A,multi_5,1.0,5e-14,4e-07,4.0,27.0,0.0002256921714356,0.0002559290202761,1.1972009078989528e-10,1.0576571018436229e-10,1.1274290048712879e-10,3267.910159047212,multi_sweep
NOR,A,multi_5,1.0,5e-14,5e-07,2.0,27.0,0.0002804733093241,0.0001592920146459,9.365634477160842e-11,1.6141845308891938e-10,1.275373989302639e-10,3696.736200877216,multi_sweep
NOR,A,multi_5,1.0,5e-14,5e-07,2.5,27.0,0.0002801141986703,0.0001951703847267,9.542287557534812e-11,1.335594089450698e-10,1.1449114226020896e-10,3318.5838336292454,multi_sweep
NOR,A,multi_5,1.0,5e-14,5e-07,3.0,27.0,0.0002798195300497,0.0002375891166157,9.716669553488502e-11,1.1300590744411818e-10,1.0508630148950159e-10,3045.979753318887,multi_sweep
NOR,A,multi_5,1.0,5e-14,5e-07,3.5,27.0,0.0002795827471938,0.0002821694664759,9.889168028905856e-11,9.809396942877359e-11,9.849282485891607e-11,2854.8644886642346,multi_sweep
NOR,A,multi_5,1.0,5e-14,5e-07,4.0,27.0,0.0002794075337879,0.0003175485336689,1.0059759224854209e-10,8.825654223461949e-11,9.44270672415808e-11,2737.016441784951,multi_sweep
NOR,B,multi_5,1.0,1e-15,1e-07,2.0,27.0,4.398589791533779e-05,3.094642171246113e-05,2.0412825486391308e-11,3.243338024308462e-11,2.6423102864737965e-11,38294.35197788111,multi_sweep
NOR,B,multi_5,1.0,1e-15,1e-07,2.5,27.0,4.461047663600538e-05,3.896928011862726e-05,2.1091990071658188e-11,2.8148348661415017e-11,2.4620169366536604e-11,35681.40487903856,multi_sweep
NOR,B,multi_5,1.0,1e-15,1e-07,3.0,27.0,4.607684418554118e-05,4.933289508915496e-05,2.197583991191813e-11,2.5491012181551378e-11,2.3733426046734757e-11,34396.26963294892,multi_sweep
NOR,B,multi_5,1.0,1e-15,1e-07,3.5,27.0,4.755337511265559e-05,5.607268643321646e-05,2.282496979716181e-11,2.343902430820918e-11,2.3131997052685496e-11,33524.63340968913,multi_sweep
NOR,B,multi_5,1.0,1e-15,1e-07,4.0,27.0,4.901695980857978e-05,6.100426326698422e-05,2.364438362529337e-11,2.180358883377846e-11,2.2723986229535916e-11,32933.313376139005,multi_sweep
NOR,B,multi_5,1.0,1e-15,2e-07,2.0,27.0,6.89248297179568e-05,6.413782573085529e-05,1.4915936883347538e-11,2.340415920320345e-11,1.9160048043275492e-11,27768.185569964488,multi_sweep
NOR,B,multi_5,1.0,1e-15,2e-07,2.5,27.0,7.230248522893827e-05,7.639347404263788e-05,1.5950189268259018e-11,2.072390040834754e-11,1.8337044838303278e-11,26575.427301888816,multi_sweep
NOR,B,multi_5,1.0,1e-15,2e-07,3.0,27.0,7.589647650427783e-05,8.604701467257363e-05,1.689814184336807e-11,1.8792504627775328e-11,1.7845323235571697e-11,25862.78729793,multi_sweep
NOR,B,multi_5,1.0,1e-15,2e-07,3.5,27.0,7.938392448859703e-05,9.51822505503389e-05,1.781853848588596e-11,1.7374752463751848e-11,1.7596645474818905e-11,25502.38474611436,multi_sweep
NOR,B,multi_5,1.0,1e-15,2e-07,4.0,27.0,8.269824769358653e-05,0.0001042425215389,1.869830016887784e-11,1.625040244024644e-11,1.747435130456214e-11,25325.146818206,multi_sweep
NOR,B,multi_5,1.0,1e-15,3e-07,2.0,27.0,9.30926881972591e-05,9.02003204628694e-05,1.274903271072795e-11,2.0020616252442898e-11,1.6384824481585424e-11,23746.122437080325,multi_sweep
NOR,B,multi_5,1.0,1e-15,3e-07,2.5,27.0,9.768940256655394e-05,0.0001019566819988,1.382766632926475e-11,1.78819025595633e-11,1.5854784444414023e-11,22977.94847016525,multi_sweep
NOR,B,multi_5,1.0,1e-15,3e-07,3.0,27.0,0.0001032661363302,0.0001186594574657,1.4882681057352918e-11,1.6210616277573258e-11,1.5546648667463088e-11,22531.37488038129,multi_sweep
NOR,B,multi_5,1.0,1e-15,3e-07,3.5,27.0,0.000108411852201,0.000131832936072,1.583779131213313e-11,1.503086785129129e-11,1.543432958171221e-11,22368.593596684364,multi_sweep
NOR,B,multi_5,1.0,1e-15,3e-07,4.0,27.0,0.000114234435984,0.0001457732957127,1.6733529291628178e-11,1.406731259731687e-11,1.5400420944472526e-11,22319.450644163084,multi_sweep
NOR,B,multi_5,1.0,1e-15,4e-07,2.0,27.0,0.0001136577981449,0.000112459969503,1.1714901867297019e-11,1.8418920045323468e-11,1.5066910956310246e-11,21836.102835232243,multi_sweep
NOR,B,multi_5,1.0,1e-15,4e-07,2.5,27.0,0.0001223992925041,0.0001324406543613,1.2878169852802359e-11,1.6421294877728958e-11,1.4649732365265658e-11,21231.49618154444,multi_sweep
NOR,B,multi_5,1.0,1e-15,4e-07,3.0,27.0,0.0001298883256235,0.0001513534478939,1.3904890153469498e-11,1.502086448948464e-11,1.4462877321477069e-11,20960.691770256624,multi_sweep
NOR,B,multi_5,1.0,1e-15,4e-07,3.5,27.0,0.0001372061980795,0.0001697887786888,1.48880022501537e-11,1.3944002120791919e-11,1.441600218547281e-11,20892.756790540305,multi_sweep
NOR,B,multi_5,1.0,1e-15,4e-07,4.0,27.0,0.000144114929838,0.0001866720349315,1.582177217545718e-11,1.3089236474611579e-11,1.445550432503438e-11,20950.00626816577,multi_sweep
NOR,B,multi_5,1.0,1e-15,5e-07,2.0,27.0,0.0001353151211608,0.0001350716820333,1.1063340513106909e-11,1.7475914987849048e-11,1.4269627750477979e-11,20680.61992822896,multi_sweep
NOR,B,multi_5,1.0,1e-15,5e-07,2.5,27.0,0.0001461875618649,0.0001634979087928,1.223613182216213e-11,1.5600156644324e-11,1.3918144233243064e-11,20171.223526439226,multi_sweep
NOR,B,multi_5,1.0,1e-15,5e-07,3.0,27.0,0.0001562097852267,0.0001837731922747,1.3301324594388629e-11,1.4247368700876549e-11,1.3774346647632591e-11,19962.82122845303,multi_sweep
NOR,B,multi_5,1.0,1e-15,5e-07,3.5,27.0,0.0001656200935129,0.0002064935306221,1.430325078221719e-11,1.326873237564765e-11,1.378599157893242e-11,19979.69794048177,multi_sweep
NOR,B,multi_5,1.0,1e-15,5e-07,4.0,27.0,0.0001745088431563,0.0002286208843174,1.525137811421088e-11,1.247910838765863e-11,1.3865243250934756e-11,20094.555436137325,multi_sweep
NOR,B,multi_5,1.0,1.325e-14,1e-07,2.0,27.0,5.557487520675195e-05,3.02171278382188e-05,1.172307798999109e-10,2.1422514047490448e-10,1.6572796018740769e-10,18127.20373939379,multi_sweep
NOR,B,multi_5,1.0,1.325e-14,1e-07,2.5,27.0,5.516898166299896e-05,3.810804217185625e-05,1.18656233257336e-10,1.721944069389822e-10,1.454253200981591e-10,15906.51573400701,multi_sweep
NOR,B,multi_5,1.0,1.325e-14,1e-07,3.0,27.0,5.514499478522965e-05,4.666487498447432e-05,1.1970677935875749e-10,1.436345156655671e-10,1.3167064751216228e-10,14402.039651316634,multi_sweep
NOR,B,multi_5,1.0,1.325e-14,1e-07,3.5,27.0,5.512450148201029e-05,5.491633688124591e-05,1.2072511057970778e-10,1.24049097882461e-10,1.223871042310844e-10,13386.612439823288,multi_sweep
NOR,B,multi_5,1.0,1.325e-14,1e-07,4.0,27.0,5.510741477129853e-05,6.195536019178953e-05,1.217145603560339e-10,1.1063467351028109e-10,1.1617461693315748e-10,12707.095097966368,multi_sweep
NOR,B,multi_5,1.0,1.325e-14,2e-07,2.0,27.0,0.0001110823020884,6.280858496513894e-05,6.459021831566075e-11,1.116309235122547e-10,8.811057091395773e-11,9637.47015739215,multi_sweep
NOR,B,multi_5,1.0,1.325e-14,2e-07,2.5,27.0,0.0001110260987744,7.799278696856077e-05,6.556364137383079e-11,9.189073701662439e-11,7.87271891952276e-11,8611.122690208105,multi_sweep
NOR,B,multi_5,1.0,1.325e-14,2e-07,3.0,27.0,0.0001110018756506,9.533599753028886e-05,6.649459854754079e-11,7.775004108264896e-11,7.212231981509489e-11,7888.686881607317,multi_sweep
NOR,B,multi_5,1.0,1.325e-14,2e-07,3.5,27.0,0.0001110027434308,0.0001098684802449,6.738809029717961e-11,6.869802103258097e-11,6.80430556648803e-11,7442.499936000033,multi_sweep
NOR,B,multi_5,1.0,1.325e-14,2e-07,4.0,27.0,0.000111024456133,0.0001263514378575,6.825153258292651e-11,6.145242977718556e-11,6.485198118005604e-11,7093.462529948706,multi_sweep
NOR,B,multi_5,1.0,1.325e-14,3e-07,2.0,27.0,0.0001671400160109,9.391054886697474e-05,4.7114173786746426e-11,7.930721932095196e-11,6.321069655384919e-11,6913.94001135895,multi_sweep
NOR,B,multi_5,1.0,1.325e-14,3e-07,2.5,27.0,0.0001672707649765,0.0001180310347285,4.799165903089867e-11,6.557510387046803e-11,5.678338145068335e-11,6210.924960424759,multi_sweep
NOR,B,multi_5,1.0,1.325e-14,3e-07,3.0,27.0,0.0001676462884449,0.0001423701152046,4.870424092421625e-11,5.650655150392435e-11,5.2605396214070295e-11,5753.939974194182,multi_sweep
NOR,B,multi_5,1.0,1.325e-14,3e-07,3.5,27.0,0.0001675855997264,0.0001671089732027,4.9549444239480634e-11,4.992286142006861e-11,4.973615282977463e-11,5440.104219827687,multi_sweep
NOR,B,multi_5,1.0,1.325e-14,3e-07,4.0,27.0,0.0001673205569135,0.0001901988915247,5.0405540827684386e-11,4.5265448612462405e-11,4.78354947200734e-11,5232.211618274368,multi_sweep
NOR,B,multi_5,1.0,1.325e-14,4e-07,2.0,27.0,0.0002225378104383,0.0001257915720748,3.8475877047239326e-11,6.315931139217521e-11,5.081759421970727e-11,5558.391492448157,multi_sweep
NOR,B,multi_5,1.0,1.325e-14,4e-07,2.5,27.0,0.0002222137969198,0.0001600190215268,3.9372889783456e-11,5.2456852375558355e-11,4.591487107950718e-11,5022.135201477406,multi_sweep
NOR,B,multi_5,1.0,1.325e-14,4e-07,3.0,27.0,0.0002221496736806,0.0001901896126643,4.021520689298767e-11,4.5867948834457156e-11,4.3041577863722415e-11,4707.85647948837,multi_sweep
NOR,B,multi_5,1.0,1.325e-14,4e-07,3.5,27.0,0.0002222677284167,0.0002238398174495,4.1012301095698696e-11,4.089158750594468e-11,4.095194430082169e-11,4479.293880319572,multi_sweep
NOR,B,multi_5,1.0,1.325e-14,4e-07,4.0,27.0,0.000222634899771,0.0002546480850041,4.1776898346570675e-11,3.735605283306087e-11,3.9566475589815765e-11,4327.752320461119,multi_sweep
NOR,B,multi_5,1.0,1.325e-14,5e-07,2.0,27.0,0.0002765834637156,0.000159188849452,3.3421001144434965e-11,5.3327828050288056e-11,4.337441459736152e-11,4744.26191931764,multi_sweep
NOR,B,multi_5,1.0,1.325e-14,5e-07,2.5,27.0,0.0002768643491952,0.0001992273314937,3.4238867923669345e-11,4.497497090704047e-11,3.96069194153549e-11,4332.176036680877,multi_sweep
NOR,B,multi_5,1.0,1.325e-14,5e-07,3.0,27.0,0.0002769980037124,0.0002398896996472,3.5027387827679556e-11,3.9401797512280616e-11,3.721459266998009e-11,4070.505077383658,multi_sweep
NOR,B,multi_5,1.0,1.325e-14,5e-07,3.5,27.0,0.0002773224518896,0.0002792973151826,3.577362247298731e-11,3.559599489281167e-11,3.568480868289949e-11,3903.1784175990697,multi_sweep
NOR,B,multi_5,1.0,1.325e-14,5e-07,4.0,27.0,0.0002769842275197,0.0003198989486777,3.656300828156505e-11,3.263099364272411e-11,3.459700096214458e-11,3784.194800343953,multi_sweep
NOR,B,multi_5,1.0,2.55e-14,1e-07,2.0,27.0,5.593757689548982e-05,3.073611211556837e-05,2.1358400430397588e-10,3.513035313325665e-10,2.8244376781827117e-10,16052.501723118568,multi_sweep
NOR,B,multi_5,1.0,2.55e-14,1e-07,2.5,27.0,5.625073578782102e-05,3.919546808232251e-05,2.1378222827289601e-10,2.7890513619749625e-10,2.4634368223519613e-10,14000.777620642011,multi_sweep
NOR,B,multi_5,1.0,2.55e-14,1e-07,3.0,27.0,5.634847168852657e-05,4.631919061269726e-05,2.1457504474383457e-10,2.357421063963322e-10,2.2515857557008338e-10,12796.736321118697,multi_sweep
NOR,B,multi_5,1.0,2.55e-14,1e-07,3.5,27.0,5.641508846766143e-05,5.430636689079051e-05,2.1542729551878408e-10,2.02721996140827e-10,2.090746458298056e-10,11882.616983791168,multi_sweep
NOR,B,multi_5,1.0,2.55e-14,1e-07,4.0,27.0,5.646057558173194e-05,6.317961811737766e-05,2.1631751751506217e-10,1.7667247673093988e-10,1.9649499712300103e-10,11167.661103893211,multi_sweep
NOR,B,multi_5,1.0,2.55e-14,2e-07,2.0,27.0,0.0001124130231994,6.336356312925545e-05,1.1242652657040929e-10,1.9890848276117217e-10,1.5566750466579074e-10,8847.258008854264,multi_sweep
NOR,B,multi_5,1.0,2.55e-14,2e-07,2.5,27.0,0.0001110860281654,7.753200922347038e-05,1.1433640007805769e-10,1.6305317978818368e-10,1.386947899331207e-10,7882.625173806236,multi_sweep
NOR,B,multi_5,1.0,2.55e-14,2e-07,3.0,27.0,0.0001109903969436,9.572788203221165e-05,1.153846858595281e-10,1.357132931762496e-10,1.2554898951788884e-10,7135.492442051086,multi_sweep
NOR,B,multi_5,1.0,2.55e-14,2e-07,3.5,27.0,0.0001108994127411,0.0001099505465317,1.1640610585724069e-10,1.188222086928395e-10,1.176141572750401e-10,6684.521584259172,multi_sweep
NOR,B,multi_5,1.0,2.55e-14,2e-07,4.0,27.0,0.0001108129707136,0.0001249187840244,1.17406008334316e-10,1.0575068538393338e-10,1.1157834685912469e-10,6341.480355733147,multi_sweep
NOR,B,multi_5,1.0,2.55e-14,3e-07,2.0,27.0,0.0001689118105448,9.531612842080214e-05,7.879798455212366e-11,1.372002129594965e-10,1.0799909875581007e-10,6138.056195271958,multi_sweep
NOR,B,multi_5,1.0,2.55e-14,3e-07,2.5,27.0,0.000169046599983,0.0001172881176834,7.970518412192202e-11,1.1286475739501229e-10,9.628497075846716e-11,5472.291603209274,multi_sweep
NOR,B,multi_5,1.0,2.55e-14,3e-07,3.0,27.0,0.0001670097162145,0.0001421606203341,8.130243283997573e-11,9.551836548792464e-11,8.841039916395018e-11,5024.745618866166,multi_sweep
NOR,B,multi_5,1.0,2.55e-14,3e-07,3.5,27.0,0.0001668813961903,0.0001674448383791,8.225305617638759e-11,8.311441539934011e-11,8.268373578786385e-11,4699.274554581635,multi_sweep
NOR,B,multi_5,1.0,2.55e-14,3e-07,4.0,27.0,0.0001681956241087,0.0001895282336863,8.27259779933877e-11,7.451746371977303e-11,7.862172085658035e-11,4468.412665903971,multi_sweep
NOR,B,multi_5,1.0,2.55e-14,4e-07,2.0,27.0,0.0002235780602963,0.0001253954533693,6.24319543586065e-11,1.0733949297017209e-10,8.488572366438929e-11,4824.423055662934,multi_sweep
NOR,B,multi_5,1.0,2.55e-14,4e-07,2.5,27.0,0.0002233107955836,0.0001582828664853,6.341168622261663e-11,8.779023793357667e-11,7.560096207809666e-11,4296.729870877901,multi_sweep
NOR,B,multi_5,1.0,2.55e-14,4e-07,3.0,27.0,0.0002231286275161,0.000190733494621,6.434743836572961e-11,7.490481614600649e-11,6.962612725586805e-11,3957.1541492394463,multi_sweep
NOR,B,multi_5,1.0,2.55e-14,4e-07,3.5,27.0,0.0002230152797584,0.0002205483429688,6.524457864830975e-11,6.624783653366878e-11,6.574620759098925e-11,3736.6415226478703,multi_sweep
NOR,B,multi_5,1.0,2.55e-14,4e-07,4.0,27.0,0.0002229592181607,0.0002570026860597,6.611005361697328e-11,5.888742432367397e-11,6.249873897032362e-11,3552.0738261053502,multi_sweep
NOR,B,multi_5,1.0,2.55e-14,5e-07,2.0,27.0,0.000279490566206,0.0001576657441474,5.2412043648999136e-11,8.871621142673389e-11,7.05641275378665e-11,4010.4647648688,multi_sweep
NOR,B,multi_5,1.0,2.55e-14,5e-07,2.5,27.0,0.0002793823712102,0.0001994274947516,5.3334446048064414e-11,7.282885992264819e-11,6.308165298535631e-11,3585.2033523930845,multi_sweep
NOR,B,multi_5,1.0,2.55e-14,5e-07,3.0,27.0,0.0002793623349059,0.0002366983677962,5.4215218407393644e-11,6.295915584217907e-11,5.858718712478636e-11,3329.76340578496,multi_sweep
NOR,B,multi_5,1.0,2.55e-14,5e-07,3.5,27.0,0.0002794086630163,0.0002788524613674,5.50593268073791e-11,5.5421899975346275e-11,5.524061339136269e-11,3139.5631367640067,multi_sweep
NOR,B,multi_5,1.0,2.55e-14,5e-07,4.0,27.0,0.0002794999237124,0.0003186100952342,5.5875107779882746e-11,4.9980652442654906e-11,5.292788011126883e-11,3008.12049509911,multi_sweep
NOR,B,multi_5,1.0,3.775e-14,1e-07,2.0,27.0,5.602488803815704e-05,3.117759384934743e-05,3.107364236894806e-10,3.427434904490094e-10,3.26739957069245e-10,12544.004494452252,multi_sweep
NOR,B,multi_5,1.0,3.775e-14,1e-07,2.5,27.0,5.563534234515357e-05,3.911673105331295e-05,3.1330451508680526e-10,2.746088603929948e-10,2.939566877399e-10,11285.408877623577,multi_sweep
NOR,B,multi_5,1.0,3.775e-14,1e-07,3.0,27.0,5.558079836624901e-05,4.683116150285537e-05,3.1463748578188945e-10,2.30193263765552e-10,2.7241537477372076e-10,10458.40770798429,multi_sweep
NOR,B,multi_5,1.0,3.775e-14,1e-07,3.5,27.0,5.554101916998036e-05,5.542147280564485e-05,3.158790444212545e-10,1.9579286289317927e-10,2.5583595365721687e-10,9821.900514721834,multi_sweep
NOR,B,multi_5,1.0,3.775e-14,1e-07,4.0,27.0,5.551147936044516e-05,6.300893636208442e-05,3.1705711769746716e-10,1.7271127045050201e-10,2.448841940739846e-10,9401.447128284275,multi_sweep
NOR,B,multi_5,1.0,3.775e-14,2e-07,2.0,27.0,0.0001108957764196,6.320174192555846e-05,1.6235036584866268e-10,2.8191548799157545e-10,2.2213292692011907e-10,8527.994123049011,multi_sweep
NOR,B,multi_5,1.0,3.775e-14,2e-07,2.5,27.0,0.0001108342869535,7.732663697287683e-05,1.634545990973666e-10,2.3025837874822237e-10,1.968564889227945e-10,7557.596273070142,multi_sweep
NOR,B,multi_5,1.0,3.775e-14,2e-07,3.0,27.0,0.0001107856576191,9.439388439082444e-05,1.6452002635052468e-10,1.91826703620402e-10,1.7817336498546335e-10,6840.324982645681,multi_sweep
NOR,B,multi_5,1.0,3.775e-14,2e-07,3.5,27.0,0.0001107458610769,0.0001090139711448,1.655549394557803e-10,1.6674709265752049e-10,1.6615101605665038e-10,6378.770172056836,multi_sweep
NOR,B,multi_5,1.0,3.775e-14,2e-07,4.0,27.0,0.0001120773212961,0.0001267105964808,1.651686239990901e-10,1.459781924052753e-10,1.5557340820218268e-10,5972.680994421066,multi_sweep
NOR,B,multi_5,1.0,3.775e-14,3e-07,2.0,27.0,0.0001687763332227,9.590348644817277e-05,1.1105020519922759e-10,1.947677168962884e-10,1.52908961047758e-10,5870.389137067205,multi_sweep
NOR,B,multi_5,1.0,3.775e-14,3e-07,2.5,27.0,0.0001675298866797,0.0001179950148926,1.1257071558936719e-10,1.593210065440104e-10,1.359458610666888e-10,5219.151974918469,multi_sweep
NOR,B,multi_5,1.0,3.775e-14,3e-07,3.0,27.0,0.0001673433505248,0.0001443098972732,1.136267774504617e-10,1.33327032679988e-10,1.2347690506522483e-10,4740.45129341491,multi_sweep
NOR,B,multi_5,1.0,3.775e-14,3e-07,3.5,27.0,0.0001671603564797,0.000165211832108,1.1466098499583419e-10,1.169874338423163e-10,1.1582420941907524e-10,4446.653591288042,multi_sweep
NOR,B,multi_5,1.0,3.775e-14,3e-07,4.0,27.0,0.0001669887169523,0.0001880119531658,1.15670917719673e-10,1.04070609659248e-10,1.0987076368946049e-10,4218.092472961341,multi_sweep
NOR,B,multi_5,1.0,3.775e-14,4e-07,2.0,27.0,0.0002232912868843,0.0001257146608751,8.674329965233129e-11,1.512305443035366e-10,1.1898692197793396e-10,4568.0745552522885,multi_sweep
NOR,B,multi_5,1.0,3.775e-14,4e-07,2.5,27.0,0.0002230428171885,0.0001576891440688,8.777591903239587e-11,1.2301616919030969e-10,1.0539604411135279e-10,4046.301722290155,multi_sweep
NOR,B,multi_5,1.0,3.775e-14,4e-07,3.0,27.0,0.0002230907025614,0.0001875130276511,8.872545396712611e-11,1.0495431781974829e-10,9.68398858934372e-11,3717.818826890766,multi_sweep
NOR,B,multi_5,1.0,3.775e-14,4e-07,3.5,27.0,0.0002231208776616,0.0002220197816114,8.96381336229554e-11,9.093041284212369e-11,9.028427323253956e-11,3466.1396768419067,multi_sweep
NOR,B,multi_5,1.0,3.775e-14,4e-07,4.0,27.0,0.0002231805955244,0.0002559085697676,9.052186582262879e-11,8.06618117006945e-11,8.559183876166165e-11,3285.9905465653774,multi_sweep
NOR,B,multi_5,1.0,3.775e-14,5e-07,2.0,27.0,0.000280193136632,0.0001589045730026,7.166179872314403e-11,1.2331461200442628e-10,9.748820536378518e-11,3742.708719216247,multi_sweep
NOR,B,multi_5,1.0,3.775e-14,5e-07,2.5,27.0,0.0002803603182649,0.0001958034609528,7.257867320491029e-11,1.017124538921056e-10,8.714556354850793e-11,3345.6402168541304,multi_sweep
NOR,B,multi_5,1.0,3.775e-14,5e-07,3.0,27.0,0.0002805406115865,0.0002378955319294,7.346303406381625e-11,8.605991513178367e-11,7.976147459779997e-11,3062.1547019022933,multi_sweep
NOR,B,multi_5,1.0,3.775e-14,5e-07,3.5,27.0,0.0002807315565309,0.0002754898104472,7.431773950021962e-11,7.58478839515009e-11,7.508281172586026e-11,2882.534282593733,multi_sweep
NOR,B,multi_5,1.0,3.775e-14,5e-07,4.0,27.0,0.0002809338418154,0.0003159289705221,7.514767642971072e-11,6.763156059216084e-11,7.138961851093579e-11,2740.747423397094,multi_sweep
NOR,B,multi_5,1.0,5e-14,1e-07,2.0,27.0,5.607082769392609e-05,3.117702214468095e-05,4.0678396238680937e-10,2.376348136008796e-10,3.222093879938445e-10,9339.402550546218,multi_sweep
NOR,B,multi_5,1.0,5e-14,1e-07,2.5,27.0,5.639351361080365e-05,3.919098630698948e-05,4.0616438479996386e-10,1.9071226557073447e-10,2.984383251853492e-10,8650.386237256498,multi_sweep
NOR,B,multi_5,1.0,5e-14,1e-07,3.0,27.0,5.64421137016532e-05,4.73637870801223e-05,4.070814354969528e-10,1.58414163941583e-10,2.827477997192679e-10,8195.58839765994,multi_sweep
NOR,B,multi_5,1.0,5e-14,1e-07,3.5,27.0,5.647740107057815e-05,5.543957587063128e-05,4.080240764085406e-10,1.358663711395575e-10,2.71945223774049e-10,7882.470254320263,multi_sweep
NOR,B,multi_5,1.0,5e-14,1e-07,4.0,27.0,5.650212962325583e-05,6.348871341936856e-05,4.089895854546474e-10,1.192290648540114e-10,2.641093251543294e-10,7655.342758096504,multi_sweep
NOR,B,multi_5,1.0,5e-14,2e-07,2.0,27.0,0.000112987172796,6.283882287664944e-05,2.082266393071417e-10,3.4074963447773906e-10,2.7448813689244036e-10,7956.177880940302,multi_sweep
NOR,B,multi_5,1.0,5e-14,2e-07,2.5,27.0,0.0001129456835214,7.892435771439072e-05,2.0935339638219048e-10,2.737301671812879e-10,2.4154178178173923e-10,7001.211066137369,multi_sweep
NOR,B,multi_5,1.0,5e-14,2e-07,3.0,27.0,0.0001129177266584,9.327772427878026e-05,2.104299581342514e-10,2.317537273290967e-10,2.2109184273167403e-10,6408.459209613741,multi_sweep
NOR,B,multi_5,1.0,5e-14,2e-07,3.5,27.0,0.0001128976948091,0.0001101766596039,2.1147309589237827e-10,1.9851259105954739e-10,2.0499284347596283e-10,5941.821550027909,multi_sweep
NOR,B,multi_5,1.0,5e-14,2e-07,4.0,27.0,0.0001128875702879,0.0001283380850049,2.1247944133322948e-10,1.730103453508158e-10,1.9274489334202264e-10,5586.808502667323,multi_sweep
NOR,B,multi_5,1.0,5e-14,3e-07,2.0,27.0,0.0001685058409291,9.423162070793758e-05,1.434145069053565e-10,2.531125335919562e-10,1.9826352024865635e-10,5746.768702859605,multi_sweep
NOR,B,multi_5,1.0,5e-14,3e-07,2.5,27.0,0.0001685404702512,0.0001193268505031,1.444080695742479e-10,2.034904380310032e-10,1.7394925380262556e-10,5042.007356597843,multi_sweep
NOR,B,multi_5,1.0,5e-14,3e-07,3.0,27.0,0.0001685837296099,0.0001401086842154,1.45369726090063e-10,1.7344129676067937e-10,1.594055114253712e-10,4620.449606532498,multi_sweep
NOR,B,multi_5,1.0,5e-14,3e-07,3.5,27.0,0.0001686364124434,0.0001649598331374,1.463057663173804e-10,1.494939873024419e-10,1.478998768099111e-10,4286.952951011917,multi_sweep
NOR,B,multi_5,1.0,5e-14,3e-07,4.0,27.0,0.0001686937316782,0.0001924938918724,1.4722048659363808e-10,1.308096654914614e-10,1.390150760425497e-10,4029.422493986949,multi_sweep
NOR,B,multi_5,1.0,5e-14,4e-07,2.0,27.0,0.0002251050843155,0.0001240105926242,1.1042207888387559e-10,1.9660425139506578e-10,1.535131651394707e-10,4449.656960564368,multi_sweep
NOR,B,multi_5,1.0,5e-14,4e-07,2.5,27.0,0.0002249025316731,0.0001570218638799,1.1136116647732349e-10,1.583703826117444e-10,1.3486577454453395e-10,3909.1528853488094,multi_sweep
NOR,B,multi_5,1.0,5e-14,4e-07,3.0,27.0,0.000223690277195,0.0001906627111102,1.1280377954320949e-10,1.3304136948000929e-10,1.229225745116094e-10,3562.973174249548,multi_sweep
NOR,B,multi_5,1.0,5e-14,4e-07,3.5,27.0,0.0002234128087136,0.0002191264927186,1.1384492448241819e-10,1.1659986778131528e-10,1.1522239613186676e-10,3339.7795980251235,multi_sweep
NOR,B,multi_5,1.0,5e-14,4e-07,4.0,27.0,0.0002231566833561,0.0002511155245063,1.1485988791610859e-10,1.0332387638192139e-10,1.09091882149015e-10,3162.08354055116,multi_sweep
NOR,B,multi_5,1.0,5e-14,5e-07,2.0,27.0,0.0002785829389106,0.0001577166733933,9.134807093738296e-11,1.589121793706458e-10,1.2513012515401439e-10,3626.9601493917216,multi_sweep
NOR,B,multi_5,1.0,5e-14,5e-07,2.5,27.0,0.0002784552229646,0.0001982156732051,9.234889219918105e-11,1.2901959465391548e-10,1.1068424342654827e-10,3208.2389398999503,multi_sweep
NOR,B,multi_5,1.0,5e-14,5e-07,3.0,27.0,0.0002798942461816,0.0002348118570322,9.300648530945264e-11,1.1019462489133889e-10,1.0160055510039576e-10,2944.9436260984285,multi_sweep
NOR,B,multi_5,1.0,5e-14,5e-07,3.5,27.0,0.0002799923741813,0.0002759983395677,9.390636147120654e-11,9.572737355595858e-11,9.481686751358256e-11,2748.3150003936976,multi_sweep
NOR,B,multi_5,1.0,5e-14,5e-07,4.0,27.0,0.0002801247252252,0.0003213967823704,9.477720259592384e-11,8.442994827021094e-11,8.960357543306738e-11,2597.2050850164464,multi_sweep
