sweep_set,input_pin,VDD,CL,Wn,k,Temp,Wp,I_D_NMOS,I_D_PMOS,TpHL,TpLH,Tp,Req
multi_1,A,0.9,1e-15,2e-07,2.0,27.0,4e-07,7.531834727256183e-05,4.975785328812969e-05,1.982761470624846e-11,2.982769267088796e-11,2.4827653688568208e-11,35982.10679502639
multi_1,A,0.9,1.325e-14,2e-07,2.0,27.0,4e-07,0.0001076666825546163,4.900612904185725e-05,6.584020382851439e-11,1.321321722113466e-10,9.89861880199305e-11,10827.037245822314
multi_1,A,0.9,2.55e-14,2e-07,2.0,27.0,4e-07,0.0001077964267190325,5.031372962824624e-05,1.108848845335372e-10,2.304915115199022e-10,1.706881980267197e-10,9700.949021126442
multi_1,A,0.9,3.775e-14,2e-07,2.0,27.0,4e-07,0.0001070994089960072,4.986451366729681e-05,1.56583613185054e-10,3.260806543908571e-10,2.4133213378795555e-10,9265.078559860085
multi_1,A,0.9,5e-14,2e-07,2.0,27.0,4e-07,0.0001086390768218943,5.012565658634009e-05,1.999685514897201e-10,3.971125580008785e-10,2.985405547452993e-10,8653.349412907226
multi_1,A,1.0,1e-15,2e-07,2.0,27.0,4e-07,8.201836011055078e-05,6.297607057720738e-05,1.842989229811168e-11,2.663149166835563e-11,2.2530691983233654e-11,32653.176787295153
multi_1,A,1.0,1.325e-14,2e-07,2.0,27.0,4e-07,0.0001117125184748586,6.241425928027402e-05,6.727091983230307e-11,1.158224717826397e-10,9.154669580747138e-11,10013.310998903078
multi_1,A,1.0,2.55e-14,2e-07,2.0,27.0,4e-07,0.0001121843178738121,6.191225772896211e-05,1.154861548168501e-10,2.048391804863296e-10,1.6016266765158985e-10,9102.737576106274
multi_1,A,1.0,3.775e-14,2e-07,2.0,27.0,4e-07,0.000112486898287925,6.343759906541764e-05,1.634418852600954e-10,2.841207929557269e-10,2.2378133910791114e-10,8591.278975253332
multi_1,A,1.0,5e-14,2e-07,2.0,27.0,4e-07,0.000113075204443247,6.24946787218127e-05,2.109507985425878e-10,3.436331556471254e-10,2.772919770948566e-10,8037.448611445119
multi_1,A,1.1,1e-15,2e-07,2.0,27.0,4e-07,8.949432251232295e-05,7.090095159241519e-05,1.726557720138664e-11,2.401841185285504e-11,2.064199452712084e-11,29915.93409727658
multi_1,A,1.1,1.325e-14,2e-07,2.0,27.0,4e-07,0.0001145800911956503,7.576652237967754e-05,6.892750852591158e-11,1.044193570295402e-10,8.66734327777259e-11,9480.277033385388
multi_1,A,1.1,2.55e-14,2e-07,2.0,27.0,4e-07,0.0001160601156745107,7.551368607600031e-05,1.198228990836685e-10,1.843775946317221e-10,1.521002468576953e-10,8644.515308763588
multi_1,A,1.1,3.775e-14,2e-07,2.0,27.0,4e-07,0.0001160172878578741,7.564444501439352e-05,1.714010697020157e-10,2.573189965334318e-10,2.1436003311772373e-10,8229.581845387225
multi_1,A,1.1,5e-14,2e-07,2.0,27.0,4e-07,0.0001167496762095911,7.694225112379806e-05,2.217999928743475e-10,3.000477649976151e-10,2.609238789359813e-10,7563.010983651633
multi_1,A,1.2,1e-15,2e-07,2.0,27.0,4e-07,9.797284887614475e-05,7.994194310551806e-05,1.635099145431412e-11,2.20161039027501e-11,1.9183547678532112e-11,27802.24301236538
multi_1,A,1.2,1.325e-14,2e-07,2.0,27.0,4e-07,0.0001183499304202334,9.141318627386889e-05,7.017286150006423e-11,9.463019434145655e-11,8.240152792076039e-11,9013.019187395175
multi_1,A,1.2,2.55e-14,2e-07,2.0,27.0,4e-07,0.0001195685422667038,9.006132436973229e-05,1.240172715225878e-10,1.682102544812231e-10,1.4611376300190547e-10,8304.2775221316
multi_1,A,1.2,3.775e-14,2e-07,2.0,27.0,4e-07,0.0001188185369405521,9.144102732252728e-05,1.799632730070788e-10,2.315276703154491e-10,2.0574547166126394e-10,7898.856767876532
multi_1,A,1.2,5e-14,2e-07,2.0,27.0,4e-07,0.0001199758707568631,9.074659123422266e-05,2.325032859051608e-10,2.669322847908649e-10,2.497177853480128e-10,7238.196676753995
multi_1,A,1.3,1e-15,2e-07,2.0,27.0,4e-07,0.0001059861662754089,8.967550782937839e-05,1.552527298185383e-11,2.083956154104307e-11,1.818241726144845e-11,26351.329364418045
multi_1,A,1.3,1.325e-14,2e-07,2.0,27.0,4e-07,0.0001216927288618242,0.0001046366512715626,7.199726247274803e-11,8.822998371016326e-11,8.011362309145565e-11,8762.769821324107
multi_1,A,1.3,2.55e-14,2e-07,2.0,27.0,4e-07,0.0001223375770267578,0.0001043452075819641,1.298509623902997e-10,1.549875500805452e-10,1.4241925623542245e-10,8094.302713010655
multi_1,A,1.3,3.775e-14,2e-07,2.0,27.0,4e-07,0.0001222604566077457,0.0001045041298925784,1.889739078020685e-10,2.121271386267113e-10,2.005505232143899e-10,7699.415422377961
multi_1,A,1.3,5e-14,2e-07,2.0,27.0,4e-07,0.0001227359161612352,0.00010604474836097,2.461320776683557e-10,2.32879208896298e-10,2.3950564328232686e-10,6942.192558908026
multi_1,B,0.9,1e-15,2e-07,2.0,27.0,4e-07,6.355730457565991e-05,4.978225586355695e-05,1.64370179574317e-11,2.528261905981434e-11,2.085981850862302e-11,30231.621026989884
multi_1,B,0.9,1.325e-14,2e-07,2.0,27.0,4e-07,0.0001074117317701352,4.950863734126647e-05,6.323843574140285e-11,1.269120032770126e-10,9.507521950920773e-11,10399.258354849082
multi_1,B,0.9,2.55e-14,2e-07,2.0,27.0,4e-07,0.0001079150924547437,4.95759902833841e-05,1.08110067939836e-10,2.276813542054361e-10,1.6789571107263604e-10,9542.239901826433
multi_1,B,0.9,3.775e-14,2e-07,2.0,27.0,4e-07,0.0001074828021206153,5.039528724737395e-05,1.535829935268736e-10,3.207876422636384e-10,2.37185317895256e-10,9105.876490843884
multi_1,B,0.9,5e-14,2e-07,2.0,27.0,4e-07,0.00010706510878043,5.010688927201186e-05,1.993702349733265e-10,3.942134528230317e-10,2.967918438981791e-10,8602.662141976207
multi_1,B,1.0,1e-15,2e-07,2.0,27.0,4e-07,6.892482971795934e-05,6.413782573085273e-05,1.491593688334754e-11,2.340415920320345e-11,1.9160048043275495e-11,27768.185569964488
multi_1,B,1.0,1.325e-14,2e-07,2.0,27.0,4e-07,0.0001110823020884633,6.280858496531243e-05,6.45902183156624e-11,1.116309235120984e-10,8.81105709138804e-11,9637.470157383692
multi_1,B,1.0,2.55e-14,2e-07,2.0,27.0,4e-07,0.0001124130231994498,6.336356312925545e-05,1.124265265704093e-10,1.989084827611722e-10,1.5566750466579074e-10,8847.258008854264
multi_1,B,1.0,3.775e-14,2e-07,2.0,27.0,4e-07,0.0001108957764196279,6.320174192555846e-05,1.623503658486627e-10,2.819154879915755e-10,2.221329269201191e-10,8527.994123049011
multi_1,B,1.0,5e-14,2e-07,2.0,27.0,4e-07,0.000112987172796097,6.283882287664944e-05,2.082266393071417e-10,3.407496344777391e-10,2.744881368924404e-10,7956.177880940302
multi_1,B,1.1,1e-15,2e-07,2.0,27.0,4e-07,7.452145072538975e-05,7.155849530835903e-05,1.36105787218364e-11,2.198107544495606e-11,1.779582708339623e-11,25791.053744052508
multi_1,B,1.1,1.325e-14,2e-07,2.0,27.0,4e-07,0.0001147186840830191,7.686479550611225e-05,6.57562194330654e-11,1.008035632674636e-10,8.32798913502645e-11,9109.093940417228
multi_1,B,1.1,2.55e-14,2e-07,2.0,27.0,4e-07,0.0001146082074077202,7.545360788898417e-05,1.177968822790595e-10,1.816795141264164e-10,1.4973819820273793e-10,8510.269860911507
multi_1,B,1.1,3.775e-14,2e-07,2.0,27.0,4e-07,0.0001155017346495352,7.619629424662579e-05,1.691522014892397e-10,2.539404233282963e-10,2.11546312408768e-10,8121.55916724323
multi_1,B,1.1,5e-14,2e-07,2.0,27.0,4e-07,0.0001159349825374974,7.66546680022282e-05,2.198668664520663e-10,3.000906323626984e-10,2.5997874940738235e-10,7535.615924851662
multi_1,B,1.2,1e-15,2e-07,2.0,27.0,4e-07,8.284884744068007e-05,7.890610361960298e-05,1.26628366192e-11,2.114296723427694e-11,1.690290192673847e-11,24496.959314113727
multi_1,B,1.2,1.325e-14,2e-07,2.0,27.0,4e-07,0.0001181886398342985,8.985158135235438e-05,6.702006337561272e-11,9.372064412343158e-11,8.037035374952215e-11,8790.850833964689
multi_1,B,1.2,2.55e-14,2e-07,2.0,27.0,4e-07,0.0001195811882351774,9.011790326636479e-05,1.208151732450438e-10,1.660488646844402e-10,1.43432018964742e-10,8151.862402088208
multi_1,B,1.2,3.775e-14,2e-07,2.0,27.0,4e-07,0.0001187772362600181,8.948085287006551e-05,1.768679936788361e-10,2.327106217562914e-10,2.0478930771756374e-10,7862.148295136339
multi_1,B,1.2,5e-14,2e-07,2.0,27.0,4e-07,0.000119012965507767,9.049677357995058e-05,2.309268461331453e-10,2.67141728806385e-10,2.4903428746976514e-10,7218.3851440511635
multi_1,B,1.3,1e-15,2e-07,2.0,27.0,4e-07,9.132425100007716e-05,8.818086219950012e-05,1.18212998584219e-11,2.067480366011578e-11,1.624805175926884e-11,23547.901100389623
multi_1,B,1.3,1.325e-14,2e-07,2.0,27.0,4e-07,0.0001210234263648704,0.000104606482375202,6.899176924285761e-11,8.715489022801288e-11,7.807332973543524e-11,8539.604018095188
multi_1,B,1.3,2.55e-14,2e-07,2.0,27.0,4e-07,0.0001222781930400606,0.0001050402772969647,1.266935483401645e-10,1.531829157552026e-10,1.3993823204768355e-10,7953.295370712337
multi_1,B,1.3,3.775e-14,2e-07,2.0,27.0,4e-07,0.0001213302246921315,0.0001047154229738065,1.86923029798934e-10,2.106004154015172e-10,1.9876172260022561e-10,7630.740861895601
multi_1,B,1.3,5e-14,2e-07,2.0,27.0,4e-07,0.0001222709185464082,0.0001047507508867351,2.434924283716005e-10,2.349286253789555e-10,2.39210526875278e-10,6933.638460152986
multi_2,A,0.9,1e-14,1e-07,2.0,27.0,2e-07,5.351972105126592e-05,2.38904379687424e-05,9.130077956487078e-11,1.945665465666444e-10,1.429336630657576e-10,20715.023632718494
multi_2,A,0.9,1e-14,2e-07,2.0,27.0,4e-07,0.0001070770785872766,5.000735185967913e-05,5.400111048979494e-11,1.041440659189445e-10,7.907258820436972e-11,11459.795391937641
multi_2,A,0.9,1e-14,3e-07,2.0,27.0,6e-07,0.0001602749691075475,7.506483645248164e-05,4.184762257437835e-11,7.613197544849571e-11,5.898979901143703e-11,8549.246233541598
multi_2,A,0.9,1e-14,4e-07,2.0,27.0,8e-07,0.0002130349550009917,9.999663856316858e-05,3.579191346554469e-11,6.22330061384327e-11,4.9012459801988696e-11,7103.255043766479
multi_2,A,0.9,1e-14,5e-07,2.0,27.0,1e-06,0.0002658136807943465,0.0001264193362730519,3.210977828908574e-11,5.36693652666928e-11,4.2889571777889267e-11,6215.8799678100395
multi_2,A,1.0,1e-14,1e-07,2.0,27.0,2e-07,5.540963954139602e-05,3.102107531798776e-05,9.490369388393584e-11,1.683389541517956e-10,1.3162132401786573e-10,19075.554205487788
multi_2,A,1.0,1e-14,2e-07,2.0,27.0,4e-07,0.0001113741041733768,6.277881655741653e-05,5.448624916458845e-11,9.197396140397149e-11,7.323010528427997e-11,10613.05873685217
multi_2,A,1.0,1e-14,3e-07,2.0,27.0,6e-07,0.0001671197560432694,9.522787098684812e-05,4.137099673408264e-11,6.685627172178145e-11,5.4113634227932046e-11,7842.555685207543
multi_2,A,1.0,1e-14,4e-07,2.0,27.0,8e-07,0.0002217445998990175,0.0001272771154133555,3.492701059585927e-11,5.48183100389984e-11,4.4872660317428835e-11,6503.284103975194
multi_2,A,1.0,1e-14,5e-07,2.0,27.0,1e-06,0.0002759906287793799,0.000159960277754726,3.103061835806666e-11,4.741549385117612e-11,3.922305610462139e-11,5684.500884727739
multi_2,A,1.1,1e-14,1e-07,2.0,27.0,2e-07,5.750709121906942e-05,3.694071910778932e-05,9.790002387487663e-11,1.536794629324317e-10,1.2578974340365416e-10,18230.39759473249
multi_2,A,1.1,1e-14,2e-07,2.0,27.0,4e-07,0.0001144556784160033,7.595610218668995e-05,5.517435980369671e-11,8.311703359804978e-11,6.914569670087325e-11,10021.115463894674
multi_2,A,1.1,1e-14,3e-07,2.0,27.0,6e-07,0.000171945758051606,0.0001155994840742051,4.105275947067045e-11,6.040717810258173e-11,5.072996878662609e-11,7352.1693893661
multi_2,A,1.1,1e-14,4e-07,2.0,27.0,8e-07,0.0002286401578990805,0.0001552887972465967,3.417422950365784e-11,4.938933671942147e-11,4.1781783111539656e-11,6055.3308857303855
multi_2,A,1.1,1e-14,5e-07,2.0,27.0,1e-06,0.0002852261902298725,0.000194318528135675,3.003295156922765e-11,4.289048175039081e-11,3.646171665980923e-11,5284.306762291193
multi_2,A,1.2,1e-14,1e-07,2.0,27.0,2e-07,5.900983676904984e-05,4.398376045398754e-05,1.014428494581104e-10,1.402762275833875e-10,1.2085953852074896e-10,17515.875147934632
multi_2,A,1.2,1e-14,2e-07,2.0,27.0,4e-07,0.0001184523740061288,9.044278126498008e-05,5.558396746701707e-11,7.60482651557734e-11,6.581611631139524e-11,9538.567581361629
multi_2,A,1.2,1e-14,3e-07,2.0,27.0,6e-07,0.0001771434260905209,0.0001378103370083934,4.075024614730162e-11,5.527122009451491e-11,4.801073312090827e-11,6958.07726389975
multi_2,A,1.2,1e-14,4e-07,2.0,27.0,8e-07,0.0002353249898594637,0.0001841513915708417,3.353367689619732e-11,4.538773350808208e-11,3.94607052021397e-11,5718.942782918798
multi_2,A,1.2,1e-14,5e-07,2.0,27.0,1e-06,0.0002932655090420455,0.0002302720591052593,2.923357574696665e-11,3.953507146885709e-11,3.438432360791187e-11,4983.235305494474
multi_2,A,1.3,1e-14,1e-07,2.0,27.0,2e-07,6.055561220760501e-05,5.104288508201854e-05,1.057404738749862e-10,1.293243335803435e-10,1.1753240372766484e-10,17033.681699661574
multi_2,A,1.3,1e-14,2e-07,2.0,27.0,4e-07,0.0001210529142329755,0.000105404642182389,5.690604442043882e-11,7.019513333351434e-11,6.355058887697658e-11,9210.230272025592
multi_2,A,1.3,1e-14,3e-07,2.0,27.0,6e-07,0.000181513326311612,0.0001600699712823985,4.103809628231853e-11,5.133823888792346e-11,4.6188167585121e-11,6693.937331176957
multi_2,A,1.3,1e-14,4e-07,2.0,27.0,8e-07,0.0002414679711413892,0.0002132095870227415,3.328661161594323e-11,4.23930567207205e-11,3.7839834168331865e-11,5484.033937439402
multi_2,A,1.3,1e-14,5e-07,2.0,27.0,1e-06,0.0003007822389210337,0.0002674571883939638,2.872792536998044e-11,3.694012201122286e-11,3.283402369060165e-11,4758.55415805821
multi_2,B,0.9,1e-14,1e-07,2.0,27.0,2e-07,5.322189426403464e-05,2.464925364826039e-05,8.84642223881942e-11,1.857748457864501e-10,1.3711953408732214e-10,19872.396244539443
multi_2,B,0.9,1e-14,2e-07,2.0,27.0,4e-07,0.0001071674448339515,4.909799255901951e-05,5.133148954473663e-11,1.004802064627283e-10,7.590584800373247e-11,11000.847536772822
multi_2,B,0.9,1e-14,3e-07,2.0,27.0,6e-07,0.0001601516002289887,7.536263339543276e-05,3.928884012035476e-11,7.117716754788942e-11,5.523300383412209e-11,8004.783164365521
multi_2,B,0.9,1e-14,4e-07,2.0,27.0,8e-07,0.0002126009248855572,9.974880046142415e-05,3.332212939945346e-11,5.768249389291119e-11,4.550231164618232e-11,6594.537919736569
multi_2,B,0.9,1e-14,5e-07,2.0,27.0,1e-06,0.0002641405581541941,0.000125912977415958,2.980334349898436e-11,4.903575500026292e-11,3.941954924962364e-11,5712.978152119369
multi_2,B,1.0,1e-14,1e-07,2.0,27.0,2e-07,5.533441107391454e-05,3.084397049250818e-05,9.162776314532571e-11,1.642920735636793e-10,1.279599183545025e-10,18544.91570355109
multi_2,B,1.0,1e-14,2e-07,2.0,27.0,4e-07,0.0001111075973208868,6.193090678461923e-05,5.168962946896955e-11,8.88604021817275e-11,7.027501582534852e-11,10184.784902224425
multi_2,B,1.0,1e-14,3e-07,2.0,27.0,6e-07,0.0001666486848668411,9.423697238009532e-05,3.86015269081141e-11,6.356270057128006e-11,5.108211373969708e-11,7403.204889811172
multi_2,B,1.0,1e-14,4e-07,2.0,27.0,8e-07,0.0002208415302305929,0.0001267651479593537,3.222903998461265e-11,5.13288772885235e-11,4.1778958636568075e-11,6054.921541531606
multi_2,B,1.0,1e-14,5e-07,2.0,27.0,1e-06,0.0002745134335303144,0.0001591351727795866,2.843153586177784e-11,4.40829588617342e-11,3.625724736175602e-11,5254.673530689279
multi_2,B,1.1,1e-14,1e-07,2.0,27.0,2e-07,5.756551256258323e-05,3.732896616128451e-05,9.426026170114487e-11,1.490992142949404e-10,1.2167973799804264e-10,17634.744637397485
multi_2,B,1.1,1e-14,2e-07,2.0,27.0,4e-07,0.0001146821091155373,7.564490514080883e-05,5.203379404830671e-11,8.052368677619937e-11,6.627874041225304e-11,9605.614552500441
multi_2,B,1.1,1e-14,3e-07,2.0,27.0,6e-07,0.0001719832562740767,0.0001155180304505558,3.806481167774055e-11,5.785595599185192e-11,4.7960383834796235e-11,6950.780265912498
multi_2,B,1.1,1e-14,4e-07,2.0,27.0,8e-07,0.000227970401217527,0.0001556861294901736,3.124218543201875e-11,4.692050924775913e-11,3.908134733988894e-11,5663.9633825926
multi_2,B,1.1,1e-14,5e-07,2.0,27.0,1e-06,0.0002837111718113857,0.0001951428652702925,2.718878435473507e-11,4.061142487875845e-11,3.390010461674676e-11,4913.058640108226
multi_2,B,1.2,1e-14,1e-07,2.0,27.0,2e-07,5.91643985990305e-05,4.410022620588392e-05,9.739675056667072e-11,1.372779157495734e-10,1.1733733315812205e-10,17005.410602626383
multi_2,B,1.2,1e-14,2e-07,2.0,27.0,4e-07,0.0001179465399055741,9.089464366602815e-05,5.247383133231399e-11,7.409478377270573e-11,6.328430755250986e-11,9171.638775726067
multi_2,B,1.2,1e-14,3e-07,2.0,27.0,6e-07,0.000176958981115094,0.0001378129467946232,3.761158803190373e-11,5.38521477880678e-11,4.5731867909985765e-11,6627.806943476198
multi_2,B,1.2,1e-14,4e-07,2.0,27.0,8e-07,0.0002347280360574355,0.0001836684602058693,3.038797468321724e-11,4.417189381030017e-11,3.7279934246758704e-11,5402.889021269378
multi_2,B,1.2,1e-14,5e-07,2.0,27.0,1e-06,0.000291807111828037,0.0002304316355195441,2.614816833340216e-11,3.834734210472397e-11,3.2247755219063064e-11,4673.587712907691
multi_2,B,1.3,1e-14,1e-07,2.0,27.0,2e-07,6.013699761251225e-05,5.173528609392097e-05,1.022387190990307e-10,1.265004037012908e-10,1.1436956140016074e-10,16575.298753646486
multi_2,B,1.3,1e-14,2e-07,2.0,27.0,4e-07,0.0001208538392158839,0.0001050638017929295,5.352073131068276e-11,6.938182602315437e-11,6.145127866691856e-11,8905.982415495444
multi_2,B,1.3,1e-14,3e-07,2.0,27.0,6e-07,0.0001813802582885739,0.0001588318750503407,3.765032896514597e-11,5.095256141560582e-11,4.4301445190375895e-11,6420.499302953029
multi_2,B,1.3,1e-14,4e-07,2.0,27.0,8e-07,0.0002405740857988262,0.0002132815959748681,2.998974396281624e-11,4.207760076665455e-11,3.6033672364735395e-11,5222.271357208028
multi_2,B,1.3,1e-14,5e-07,2.0,27.0,1e-06,0.0002991472084729975,0.0002672152674417533,2.544145884773881e-11,3.691739598888738e-11,3.1179427418313095e-11,4518.757596856971
multi_3,A,0.9,1e-14,2e-07,2.0,-20.0,4e-07,0.0001454886424456761,5.899978779082355e-05,4.291003686222392e-11,8.978954394384163e-11,6.634979040303277e-11,9615.911652613446
multi_3,A,0.9,1e-14,2e-07,2.0,-4.444444,4e-07,0.0001351564947357255,5.713312033371022e-05,4.522020053782295e-11,9.28974171952804e-11,6.905880886655167e-11,10008.523024137925
multi_3,A,0.9,1e-14,2e-07,2.0,11.11111,4e-07,0.0001264364607535546,5.363443220179178e-05,4.756663943409348e-11,9.717138986630546e-11,7.236901465019947e-11,10488.262992782533
multi_3,A,0.9,1e-14,2e-07,2.0,26.66667,4e-07,0.0001179550187626022,5.197248923864961e-05,5.00211019660757e-11,1.001457694326648e-10,7.508343569937025e-11,10881.65734773482
multi_3,A,0.9,1e-14,2e-07,2.0,42.22222,4e-07,0.0001105072645420479,5.062812716977751e-05,5.265328928951988e-11,1.028332897848447e-10,7.77432895371823e-11,11267.143411185842
multi_3,A,0.9,1e-14,2e-07,2.0,57.77778,4e-07,0.0001038077097017195,4.855915521843459e-05,5.53739020319154e-11,1.063333839847773e-10,8.085364300834636e-11,11717.919276571936
multi_3,A,0.9,1e-14,2e-07,2.0,73.33333,4e-07,9.707351846182444e-05,4.788167798703825e-05,5.839412928063849e-11,1.082527125278087e-10,8.33234209042236e-11,12075.858102061391
multi_3,A,0.9,1e-14,2e-07,2.0,88.88889,4e-07,9.086358797380352e-05,4.632471719068312e-05,6.159915222394954e-11,1.11382099095609e-10,8.649062565977926e-11,12534.873284025982
multi_3,A,0.9,1e-14,2e-07,2.0,104.4444,4e-07,8.5596442078968e-05,4.491781914199368e-05,6.47770401011492e-11,1.142799034217092e-10,8.952847176142919e-11,12975.14083498974
multi_3,A,0.9,1e-14,2e-07,2.0,120.0,4e-07,7.996796570064029e-05,4.306433431159221e-05,6.851069245816796e-11,1.180271314255483e-10,9.326891194185813e-11,13517.23361476205
multi_3,A,1.0,1e-14,2e-07,2.0,-20.0,4e-07,0.0001495663925772908,7.520816069339243e-05,4.284290398099604e-11,7.890011291243602e-11,6.087150844671603e-11,8821.957745900874
multi_3,A,1.0,1e-14,2e-07,2.0,-4.444444,4e-07,0.0001398777400531556,7.165328077240354e-05,4.521463905710021e-11,8.212413359530012e-11,6.366938632620017e-11,9227.4472936522
multi_3,A,1.0,1e-14,2e-07,2.0,11.11111,4e-07,0.0001312021452741899,6.797065203695274e-05,4.76601789466043e-11,8.546862253340707e-11,6.656440074000568e-11,9647.014600000824
multi_3,A,1.0,1e-14,2e-07,2.0,26.66667,4e-07,0.0001224674702769682,6.57880993543988e-05,5.02821610458773e-11,8.810882259718141e-11,6.919549182152936e-11,10028.332148047733
multi_3,A,1.0,1e-14,2e-07,2.0,42.22222,4e-07,0.0001148905181516555,6.370475663567484e-05,5.306171138389445e-11,9.072153541409797e-11,7.189162339899621e-11,10419.075854926989
multi_3,A,1.0,1e-14,2e-07,2.0,57.77778,4e-07,0.0001073462735874981,6.194890574742083e-05,5.614671584351743e-11,9.317061164133026e-11,7.465866374242385e-11,10820.096194554182
multi_3,A,1.0,1e-14,2e-07,2.0,73.33333,4e-07,0.0001008705221326887,6.042666384617738e-05,5.924282898870003e-11,9.548404597568755e-11,7.736343748219379e-11,11212.092388723739
multi_3,A,1.0,1e-14,2e-07,2.0,88.88889,4e-07,9.501855789095784e-05,5.7822625404749e-05,6.243576095461045e-11,9.861073510419911e-11,8.052324802940478e-11,11670.035946290549
multi_3,A,1.0,1e-14,2e-07,2.0,104.4444,4e-07,8.881742825511931e-05,5.653456600260166e-05,6.614187290809385e-11,1.007973983357109e-10,8.346963562190238e-11,12097.048640855419
multi_3,A,1.0,1e-14,2e-07,2.0,120.0,4e-07,8.335889373074453e-05,5.539984755394018e-05,6.991132721592487e-11,1.028733885129068e-10,8.639235786441583e-11,12520.631574553021
multi_3,A,1.1,1e-14,2e-07,2.0,-20.0,4e-07,0.0001537189496941927,9.045955871098496e-05,4.271479995197186e-11,7.167352816909427e-11,5.719416406053306e-11,8289.009284135227
multi_3,A,1.1,1e-14,2e-07,2.0,-4.444444,4e-07,0.0001442294581804488,8.65591728886492e-05,4.513921777322809e-11,7.439243442460611e-11,5.97658260989171e-11,8661.71392737929
multi_3,A,1.1,1e-14,2e-07,2.0,11.11111,4e-07,0.0001347048170579332,8.307627537610964e-05,4.780973669818962e-11,7.698272784500491e-11,6.239623227159727e-11,9042.932213274968
multi_3,A,1.1,1e-14,2e-07,2.0,26.66667,4e-07,0.0001268502124547203,7.990704873881659e-05,5.045387170826656e-11,7.952369887426353e-11,6.498878529126504e-11,9418.664534965948
multi_3,A,1.1,1e-14,2e-07,2.0,42.22222,4e-07,0.000118230779296828,7.848059642280336e-05,5.360005174141569e-11,8.129110550970011e-11,6.74455786255579e-11,9774.721539935928
multi_3,A,1.1,1e-14,2e-07,2.0,57.77778,4e-07,0.0001109844439752763,7.51996653332879e-05,5.674165858623863e-11,8.404926998527142e-11,7.039546428575503e-11,10202.241200834063
multi_3,A,1.1,1e-14,2e-07,2.0,73.33333,4e-07,0.0001048844933901355,7.256105591907151e-05,5.984272221664365e-11,8.647836585781396e-11,7.31605440372288e-11,10602.977396699827
multi_3,A,1.1,1e-14,2e-07,2.0,88.88889,4e-07,9.82740420577616e-05,7.097970386839427e-05,6.340926743673949e-11,8.836786393301071e-11,7.58885656848751e-11,10998.34285288045
multi_3,A,1.1,1e-14,2e-07,2.0,104.4444,4e-07,9.186251318252953e-05,6.924160767008626e-05,6.735489760296923e-11,9.036875855297597e-11,7.88618280779726e-11,11429.250446082986
multi_3,A,1.1,1e-14,2e-07,2.0,120.0,4e-07,8.669385919030134e-05,6.725251783654375e-05,7.112945308500295e-11,9.25611627150683e-11,8.184530790003562e-11,11861.638826092121
multi_3,A,1.2,1e-14,2e-07,2.0,-20.0,4e-07,0.0001577039041700772,0.0001078207572788442,4.258112271544339e-11,6.584138492718507e-11,5.421125382131423e-11,7856.7034523643815
multi_3,A,1.2,1e-14,2e-07,2.0,-4.444444,4e-07,0.0001476513573672158,0.0001029056290581926,4.524879689074601e-11,6.834894598128998e-11,5.679887143601799e-11,8231.720497973623
multi_3,A,1.2,1e-14,2e-07,2.0,11.11111,4e-07,0.0001387471973161667,9.940739571119438e-05,4.790893347920777e-11,7.046649355236017e-11,5.918771351578397e-11,8577.929495041155
multi_3,A,1.2,1e-14,2e-07,2.0,26.66667,4e-07,0.0001295995466637579,9.598491424881125e-05,5.098377016483249e-11,7.263386375587625e-11,6.180881696035437e-11,8957.799559471649
multi_3,A,1.2,1e-14,2e-07,2.0,42.22222,4e-07,0.0001221094526813333,9.208645167763137e-05,5.403090942774507e-11,7.498258047143422e-11,6.450674494958964e-11,9348.803615882558
multi_3,A,1.2,1e-14,2e-07,2.0,57.77778,4e-07,0.0001147488017482084,8.89636189988008e-05,5.724841732560677e-11,7.691765239849648e-11,6.708303486205162e-11,9722.17896551473
multi_3,A,1.2,1e-14,2e-07,2.0,73.33333,4e-07,0.0001072194919714074,8.648293265960312e-05,6.096470137490447e-11,7.890765685823156e-11,6.993617911656801e-11,10135.678132835945
multi_3,A,1.2,1e-14,2e-07,2.0,88.88889,4e-07,0.0001007932986124646,8.425124905728256e-05,6.468903309141355e-11,8.054990915327301e-11,7.261947112234328e-11,10524.561032223666
multi_3,A,1.2,1e-14,2e-07,2.0,104.4444,4e-07,9.499476373866894e-05,8.237428171372988e-05,6.851699445037079e-11,8.216834524362693e-11,7.534266984699886e-11,10919.227514057806
multi_3,A,1.2,1e-14,2e-07,2.0,120.0,4e-07,8.97743971743752e-05,8.06285171081763e-05,7.239384557016366e-11,8.373991678852588e-11,7.806688117934477e-11,11314.040750629678
multi_3,A,1.3,1e-14,2e-07,2.0,-20.0,4e-07,0.0001610126619448166,0.0001241224585283708,4.290891047956345e-11,6.168792984755568e-11,5.229842016355957e-11,7579.481183124576
multi_3,A,1.3,1e-14,2e-07,2.0,-4.444444,4e-07,0.0001511447453291289,0.0001188600524284596,4.562174473621036e-11,6.378125930277669e-11,5.470150201949352e-11,7927.753915868628
multi_3,A,1.3,1e-14,2e-07,2.0,11.11111,4e-07,0.0001414127429277914,0.0001144046843097504,4.870512001970769e-11,6.579448684893816e-11,5.724980343432292e-11,8297.072961496076
multi_3,A,1.3,1e-14,2e-07,2.0,26.66667,4e-07,0.0001327990710536118,0.0001104358339695571,5.186907349846191e-11,6.75665911864354e-11,5.971783234244865e-11,8654.758310499807
multi_3,A,1.3,1e-14,2e-07,2.0,42.22222,4e-07,0.0001247356773516571,0.0001069827693310031,5.521806966297687e-11,6.936478427734025e-11,6.229142697015856e-11,9027.743039153414
multi_3,A,1.3,1e-14,2e-07,2.0,57.77778,4e-07,0.0001172197421928019,0.0001039404034944939,5.863953378832993e-11,7.099440046353354e-11,6.481696712593174e-11,9393.76335158431
multi_3,A,1.3,1e-14,2e-07,2.0,73.33333,4e-07,0.0001101970774988795,0.0001011241772927069,6.244930502856672e-11,7.25659723321182e-11,6.750763868034246e-11,9783.71575077427
multi_3,A,1.3,1e-14,2e-07,2.0,88.88889,4e-07,0.0001037983974799599,9.881023032321652e-05,6.639235705801509e-11,7.391667516359178e-11,7.015451611080344e-11,10167.321175478759
multi_3,A,1.3,1e-14,2e-07,2.0,104.4444,4e-07,9.788771456288891e-05,9.685441720383163e-05,7.049652520930466e-11,7.514809681995739e-11,7.282231101463103e-11,10553.958118062468
multi_3,A,1.3,1e-14,2e-07,2.0,120.0,4e-07,9.237861348438658e-05,9.441085650743674e-05,7.479154430378117e-11,7.662891593349255e-11,7.571023011863686e-11,10972.497118643025
multi_3,B,0.9,1e-14,2e-07,2.0,-20.0,4e-07,0.0001453025404609016,5.857767968567903e-05,4.099726800670338e-11,8.606702145164516e-11,6.353214472917427e-11,9207.557207126707
multi_3,B,0.9,1e-14,2e-07,2.0,-4.444444,4e-07,0.0001354285738185307,5.572808172494297e-05,4.311624030975717e-11,8.953448834313257e-11,6.632536432644487e-11,9612.37164151375
multi_3,B,0.9,1e-14,2e-07,2.0,11.11111,4e-07,0.000126584268701119,5.360869448338705e-05,4.530819829207756e-11,9.273375047007548e-11,6.902097438107652e-11,10003.039765373409
multi_3,B,0.9,1e-14,2e-07,2.0,26.66667,4e-07,0.000118095650477621,5.203910822527832e-05,4.769979301332286e-11,9.542756925826309e-11,7.156368113579298e-11,10371.547990694635
multi_3,B,0.9,1e-14,2e-07,2.0,42.22222,4e-07,0.000110828070038946,5.101089314805993e-05,5.00259445475348e-11,9.789040192374467e-11,7.395817323563974e-11,10718.575831252138
multi_3,B,0.9,1e-14,2e-07,2.0,57.77778,4e-07,0.0001034966344191326,4.823199031304488e-05,5.27157362518836e-11,1.020206501037791e-10,7.736819317783134e-11,11212.781619975558
multi_3,B,0.9,1e-14,2e-07,2.0,73.33333,4e-07,9.691945336419071e-05,4.725307529147663e-05,5.550538126292658e-11,1.04325003661971e-10,7.99151924624488e-11,11581.911951079537
multi_3,B,0.9,1e-14,2e-07,2.0,88.88889,4e-07,9.110677299369095e-05,4.534214152855747e-05,5.835470906751558e-11,1.076747443192285e-10,8.301472669337203e-11,12031.119810633629
multi_3,B,0.9,1e-14,2e-07,2.0,104.4444,4e-07,8.567551321145465e-05,4.463769308209408e-05,6.137032597107681e-11,1.096257800329569e-10,8.549805300201686e-11,12391.022174205344
multi_3,B,0.9,1e-14,2e-07,2.0,120.0,4e-07,8.005995380185438e-05,4.336127163457218e-05,6.481793228408873e-11,1.12525156459134e-10,8.867154437161136e-11,12850.94845965382
multi_3,B,1.0,1e-14,2e-07,2.0,-20.0,4e-07,0.0001497151198995687,7.490110770943915e-05,4.070795458150539e-11,7.592995984903126e-11,5.831895721526832e-11,8452.022784821496
multi_3,B,1.0,1e-14,2e-07,2.0,-4.444444,4e-07,0.0001402041787805593,7.175177904645737e-05,4.288270070999248e-11,7.874488298496469e-11,6.081379184747858e-11,8813.593021373708
multi_3,B,1.0,1e-14,2e-07,2.0,11.11111,4e-07,0.0001308035137944821,6.888895909764083e-05,4.53014110453612e-11,8.14643259042002e-11,6.33828684747807e-11,9185.922967359524
multi_3,B,1.0,1e-14,2e-07,2.0,26.66667,4e-07,0.0001225942440965725,6.59083225900072e-05,4.776033786630593e-11,8.44562314429445e-11,6.610828465462521e-11,9580.910819510902
multi_3,B,1.0,1e-14,2e-07,2.0,42.22222,4e-07,0.0001149757939282501,6.298934356810565e-05,5.026590709816878e-11,8.755373996897068e-11,6.890982353356973e-11,9986.930946894165
multi_3,B,1.0,1e-14,2e-07,2.0,57.77778,4e-07,0.000107519715839749,6.194891609530867e-05,5.311894897417692e-11,8.931518634839478e-11,7.121706766128585e-11,10321.314153809544
multi_3,B,1.0,1e-14,2e-07,2.0,73.33333,4e-07,0.0001009865604204556,6.049405263392839e-05,5.601669670986198e-11,9.140407104638022e-11,7.37103838781211e-11,10682.664330162479
multi_3,B,1.0,1e-14,2e-07,2.0,88.88889,4e-07,9.508761218978033e-05,5.818075226397071e-05,5.899871705526885e-11,9.421893089487883e-11,7.660882397507384e-11,11102.728112329543
multi_3,B,1.0,1e-14,2e-07,2.0,104.4444,4e-07,8.905514191796137e-05,5.599904984917616e-05,6.237199665470777e-11,9.706931819065473e-11,7.972065742268125e-11,11553.718467055254
multi_3,B,1.0,1e-14,2e-07,2.0,120.0,4e-07,8.344677066277798e-05,5.47263775098033e-05,6.595721387640764e-11,9.912260462303838e-11,8.253990924972301e-11,11962.305688365655
multi_3,B,1.1,1e-14,2e-07,2.0,-20.0,4e-07,0.0001537095477510159,9.15434224506474e-05,4.043815027390488e-11,6.919425925880667e-11,5.481620476635578e-11,7944.377502370403
multi_3,B,1.1,1e-14,2e-07,2.0,-4.444444,4e-07,0.0001437881506849348,8.714049789753945e-05,4.280925906456191e-11,7.18866306296556e-11,5.7347944847108754e-11,8311.296354653443
multi_3,B,1.1,1e-14,2e-07,2.0,11.11111,4e-07,0.0001349478107076536,8.286355747060579e-05,4.514525520989962e-11,7.478354846051547e-11,5.996440183520754e-11,8690.493019595297
multi_3,B,1.1,1e-14,2e-07,2.0,26.66667,4e-07,0.0001264933742142537,7.955992138018192e-05,4.77423701494249e-11,7.726367252380644e-11,6.250302133661567e-11,9058.40888936459
multi_3,B,1.1,1e-14,2e-07,2.0,42.22222,4e-07,0.0001183754384405233,7.712535203068076e-05,5.059093666038316e-11,7.935253905371394e-11,6.497173785704855e-11,9416.193892325879
multi_3,B,1.1,1e-14,2e-07,2.0,57.77778,4e-07,0.0001111772701264729,7.445494339037179e-05,5.349539624150435e-11,8.165248118304685e-11,6.75739387122756e-11,9793.324451054435
multi_3,B,1.1,1e-14,2e-07,2.0,73.33333,4e-07,0.0001046350752316638,7.250225901781406e-05,5.648824685324069e-11,8.361220731142024e-11,7.005022708233046e-11,10152.206823526156
multi_3,B,1.1,1e-14,2e-07,2.0,88.88889,4e-07,9.817777240746429e-05,7.049290912433694e-05,5.978355290289386e-11,8.5650130377306e-11,7.271684164009993e-11,10538.672701463758
multi_3,B,1.1,1e-14,2e-07,2.0,104.4444,4e-07,9.196880584314698e-05,6.894650886361359e-05,6.33909815692083e-11,8.743860765114959e-11,7.541479461017895e-11,10929.680378286805
multi_3,B,1.1,1e-14,2e-07,2.0,120.0,4e-07,8.653076419204036e-05,6.762519732624714e-05,6.704759063534617e-11,8.908009425760744e-11,7.80638424464768e-11,11313.600354561857
multi_3,B,1.2,1e-14,2e-07,2.0,-20.0,4e-07,0.0001572664907414405,0.0001071760130125772,4.024390509067076e-11,6.478003285788191e-11,5.251196897427634e-11,7610.430286127006
multi_3,B,1.2,1e-14,2e-07,2.0,-4.444444,4e-07,0.0001474378489780059,0.0001021641921045735,4.270084350002522e-11,6.720610653792453e-11,5.4953475018974875e-11,7964.271741880418
multi_3,B,1.2,1e-14,2e-07,2.0,11.11111,4e-07,0.000138391201242654,9.956625344343856e-05,4.521004170633739e-11,6.879583016933281e-11,5.70029359378351e-11,8261.295063454363
multi_3,B,1.2,1e-14,2e-07,2.0,26.66667,4e-07,0.0001295788793375954,9.605070718755685e-05,4.804804908468852e-11,7.095715958987237e-11,5.950260433728044e-11,8623.565845982674
multi_3,B,1.2,1e-14,2e-07,2.0,42.22222,4e-07,0.000121639397663613,9.294554829998019e-05,5.097675356067956e-11,7.293248008293433e-11,6.195461682180694e-11,8978.92997417492
multi_3,B,1.2,1e-14,2e-07,2.0,57.77778,4e-07,0.0001144098273285745,8.890939739422671e-05,5.399693513044567e-11,7.525497601477241e-11,6.462595557260904e-11,9366.080517769427
multi_3,B,1.2,1e-14,2e-07,2.0,73.33333,4e-07,0.0001073501104215963,8.651787198327387e-05,5.734861968094741e-11,7.701825126931368e-11,6.718343547513055e-11,9736.729779004429
multi_3,B,1.2,1e-14,2e-07,2.0,88.88889,4e-07,0.000100681505455041,8.4123100204774e-05,6.092816268679201e-11,7.879293665352354e-11,6.986054967015778e-11,10124.717343501128
multi_3,B,1.2,1e-14,2e-07,2.0,104.4444,4e-07,9.475738257955826e-05,8.301626767524255e-05,6.457995019348766e-11,7.990933329010892e-11,7.224464174179829e-11,10470.237933593957
multi_3,B,1.2,1e-14,2e-07,2.0,120.0,4e-07,8.938754722709005e-05,7.982551358977295e-05,6.833263217910914e-11,8.21601888940325e-11,7.524641053657082e-11,10905.27688935809
multi_3,B,1.3,1e-14,2e-07,2.0,-20.0,4e-07,0.0001605970424007884,0.0001228958296742383,4.041912676740443e-11,6.15782007027391e-11,5.0998663735071766e-11,7391.110686242286
multi_3,B,1.3,1e-14,2e-07,2.0,-4.444444,4e-07,0.0001508807904840039,0.0001179546977541873,4.294311756235343e-11,6.35056170251217e-11,5.3224367293737566e-11,7713.676419382256
multi_3,B,1.3,1e-14,2e-07,2.0,11.11111,4e-07,0.0001417414990673313,0.0001136395911126842,4.563425921689026e-11,6.532064647390166e-11,5.547745284539596e-11,8040.2105573037625
multi_3,B,1.3,1e-14,2e-07,2.0,26.66667,4e-07,0.0001327288485475997,0.0001097941375159615,4.871994353815708e-11,6.705076965954157e-11,5.788535659884932e-11,8389.182115775266
multi_3,B,1.3,1e-14,2e-07,2.0,42.22222,4e-07,0.0001246206467423476,0.0001065718945765881,5.189899216707925e-11,6.862024056341665e-11,6.025961636524795e-11,8733.277734093906
multi_3,B,1.3,1e-14,2e-07,2.0,57.77778,4e-07,0.0001172913076890773,0.0001033139449658768,5.514072444505952e-11,7.02102612065995e-11,6.267549282582951e-11,9083.404757366596
multi_3,B,1.3,1e-14,2e-07,2.0,73.33333,4e-07,0.0001106126489545918,0.0001002509243120701,5.8402057448452e-11,7.185381721098559e-11,6.51279373297188e-11,9438.831497060695
multi_3,B,1.3,1e-14,2e-07,2.0,88.88889,4e-07,0.0001035460844768429,9.857673362931284e-05,6.241022571472051e-11,7.288832777683625e-11,6.764927674577838e-11,9804.243006634548
multi_3,B,1.3,1e-14,2e-07,2.0,104.4444,4e-07,9.730834740884727e-05,9.640797189062726e-05,6.651898884384277e-11,7.414746186688921e-11,7.033322535536599e-11,10193.221065995072
multi_3,B,1.3,1e-14,2e-07,2.0,120.0,4e-07,9.175167986616122e-05,9.436458630296707e-05,7.068464441093855e-11,7.53644591900095e-11,7.302455180047402e-11,10583.268376880294
multi_4,A,0.9,1e-15,1e-07,2.0,27.0,2e-07,4.604258291411828e-05,2.458440928514783e-05,2.491045933685887e-11,4.121515802158988e-11,3.306280867922437e-11,47917.11402786141
multi_4,A,0.9,1e-15,2e-07,2.0,27.0,4e-07,7.531834727255946e-05,4.975785328815052e-05,1.982761470624764e-11,2.982769267087845e-11,2.4827653688563045e-11,35982.10679501891
multi_4,A,0.9,1e-15,3e-07,2.0,27.0,6e-07,0.0001037110915345523,7.50247447924513e-05,1.796464962333467e-11,2.634890013285397e-11,2.215677487809432e-11,32111.26793926713
multi_4,A,0.9,1e-15,4e-07,2.0,27.0,8e-07,0.0001315565754969653,0.000100097603795623,1.710093794313385e-11,2.482390842853568e-11,2.0962423185834766e-11,30380.323457731545
multi_4,A,0.9,1e-15,5e-07,2.0,27.0,1e-06,0.0001591949624337708,0.0001255037827405385,1.656198686248136e-11,2.388583530187684e-11,2.02239110821791e-11,29310.016061129132
multi_4,A,0.9,1.325e-14,1e-07,2.0,27.0,2e-07,5.378388831545928e-05,2.462061460436772e-05,1.149793664650348e-10,2.449359262606825e-10,1.7995764636285864e-10,19683.636462987
multi_4,A,0.9,1.325e-14,2e-07,2.0,27.0,4e-07,0.0001076666825546163,4.900612904185725e-05,6.584020382851439e-11,1.321321722113466e-10,9.89861880199305e-11,10827.037245822314
multi_4,A,0.9,1.325e-14,3e-07,2.0,27.0,6e-07,0.0001614049805409441,7.446017589147721e-05,4.955915269235969e-11,9.414680409245658e-11,7.185297839240814e-11,7859.226512705293
multi_4,A,0.9,1.325e-14,4e-07,2.0,27.0,8e-07,0.0002139556536814825,0.0001007282153813294,4.173120469076423e-11,7.543670418641948e-11,5.858395443859185e-11,6407.870324155522
multi_4,A,0.9,1.325e-14,5e-07,2.0,27.0,1e-06,0.0002670935876520746,0.0001254282600246622,3.689784071166406e-11,6.45392030372662e-11,5.0718521874465125e-11,5547.555031388038
multi_4,A,0.9,2.55e-14,1e-07,2.0,27.0,2e-07,5.426492203083435e-05,2.472411341037222e-05,2.040922791424454e-10,4.083921406532879e-10,3.0624220989786666e-10,17405.07018459032
multi_4,A,0.9,2.55e-14,2e-07,2.0,27.0,4e-07,0.0001077964267190325,5.031372962824624e-05,1.108848845335372e-10,2.304915115199022e-10,1.706881980267197e-10,9700.949021126442
multi_4,A,0.9,2.55e-14,3e-07,2.0,27.0,6e-07,0.0001614459583587902,7.49156502482285e-05,7.967725697039897e-11,1.608309375890251e-10,1.2025409727971203e-10,6834.560800210972
multi_4,A,0.9,2.55e-14,4e-07,2.0,27.0,8e-07,0.0002159098409383961,9.852056576516066e-05,6.394983195601398e-11,1.266812340823279e-10,9.531553301917093e-11,5417.194260822447
multi_4,A,0.9,2.55e-14,5e-07,2.0,27.0,1e-06,0.0002698120532977925,0.0001264192464777057,5.459863787234251e-11,1.041283434482279e-10,7.93634906602852e-11,4510.570654179324
multi_4,A,0.9,3.775e-14,1e-07,2.0,27.0,2e-07,5.353042817206721e-05,2.418077283878816e-05,2.967934312248931e-10,4.259180724251248e-10,3.6135575182500897e-10,13872.953328534755
multi_4,A,0.9,3.775e-14,2e-07,2.0,27.0,4e-07,0.0001070994089960072,4.986451366729681e-05,1.56583613185054e-10,3.260806543908571e-10,2.4133213378795555e-10,9265.078559860085
multi_4,A,0.9,3.775e-14,3e-07,2.0,27.0,6e-07,0.000161946626454274,7.346300545647751e-05,1.095253806676553e-10,2.299391306850116e-10,1.6973225567633343e-10,6516.25897596059
multi_4,A,0.9,3.775e-14,4e-07,2.0,27.0,8e-07,0.0002175669806525221,9.841926741684008e-05,8.604932422840129e-11,1.772066464284767e-10,1.31627985328439e-10,5053.382678891987
multi_4,A,0.9,3.775e-14,5e-07,2.0,27.0,1e-06,0.0002682726568911405,0.0001267710074384689,7.28613385045665e-11,1.436617505497075e-10,1.08261544527137e-10,4156.312295887782
multi_4,A,0.9,5e-14,1e-07,2.0,27.0,2e-07,5.426474448681301e-05,2.47059391872462e-05,3.831728940429514e-10,3.273023484334157e-10,3.5523762123818355e-10,10296.74264458503
multi_4,A,0.9,5e-14,2e-07,2.0,27.0,4e-07,0.0001086390768218943,5.012565658634009e-05,1.999685514897201e-10,3.971125580008785e-10,2.985405547452993e-10,8653.349412907226
multi_4,A,0.9,5e-14,3e-07,2.0,27.0,6e-07,0.0001613244174754968,7.51762460101283e-05,1.39888965190538e-10,2.91120838004539e-10,2.155049015975385e-10,6246.518886885175
multi_4,A,0.9,5e-14,4e-07,2.0,27.0,8e-07,0.0002160575448229477,9.862392947188036e-05,1.089059303555099e-10,2.274194303888987e-10,1.681626803722043e-10,4874.280590498675
multi_4,A,0.9,5e-14,5e-07,2.0,27.0,1e-06,0.0002703508562240922,0.0001271236212993258,9.047096253436656e-11,1.833379487821822e-10,1.3690445565827437e-10,3968.245091544185
multi_4,A,1.0,1e-15,1e-07,2.0,27.0,2e-07,4.982835001720603e-05,3.104510171851562e-05,2.370703138718346e-11,3.669682426142523e-11,3.020192782430435e-11,43770.909890296156
multi_4,A,1.0,1e-15,2e-07,2.0,27.0,4e-07,8.201836011055078e-05,6.297607057720738e-05,1.842989229811168e-11,2.663149166835563e-11,2.2530691983233654e-11,32653.176787295153
multi_4,A,1.0,1e-15,3e-07,2.0,27.0,6e-07,0.0001129363041871735,8.780132802055307e-05,1.650364708438316e-11,2.339114254205627e-11,1.9947394813219714e-11,28909.267845245966
multi_4,A,1.0,1e-15,4e-07,2.0,27.0,8e-07,0.0001433254365603411,0.0001156681605287064,1.561633931266277e-11,2.183402558449095e-11,1.872518244857686e-11,27137.945577647624
multi_4,A,1.0,1e-15,5e-07,2.0,27.0,1e-06,0.000173482222367586,0.0001414208786910318,1.506554035851167e-11,2.09127045580027e-11,1.7989122458257185e-11,26071.191968488674
multi_4,A,1.0,1.325e-14,1e-07,2.0,27.0,2e-07,5.620117660000967e-05,3.024599962764903e-05,1.197240779670085e-10,2.185969138923018e-10,1.6916049592965515e-10,18502.65200214987
multi_4,A,1.0,1.325e-14,2e-07,2.0,27.0,4e-07,0.0001117125184748586,6.241425928027402e-05,6.727091983230307e-11,1.158224717826397e-10,9.154669580747138e-11,10013.310998903078
multi_4,A,1.0,1.325e-14,3e-07,2.0,27.0,6e-07,0.0001670467672576259,9.382384364428464e-05,4.982417765801113e-11,8.298290593651411e-11,6.640354179726262e-11,7263.17110169676
multi_4,A,1.0,1.325e-14,4e-07,2.0,27.0,8e-07,0.0002230631018101232,0.0001271596616223914,4.123194652211464e-11,6.638353710717815e-11,5.38077418146464e-11,5885.451661432475
multi_4,A,1.0,1.325e-14,5e-07,2.0,27.0,1e-06,0.0002776607823615516,0.0001586969477934362,3.610871349417927e-11,5.694212012800159e-11,4.652541681109043e-11,5088.916249504013
multi_4,A,1.0,2.55e-14,1e-07,2.0,27.0,2e-07,5.622804436133351e-05,3.096636244273599e-05,2.16219918071059e-10,3.517809591809761e-10,2.8400043862601753e-10,16140.974062291423
multi_4,A,1.0,2.55e-14,2e-07,2.0,27.0,4e-07,0.0001121843178738121,6.191225772896211e-05,1.154861548168501e-10,2.048391804863296e-10,1.6016266765158985e-10,9102.737576106274
multi_4,A,1.0,2.55e-14,3e-07,2.0,27.0,6e-07,0.0001682853748871814,9.371547622654708e-05,8.188237617641592e-11,1.418875884974624e-10,1.1188498233693916e-10,6358.907777035475
multi_4,A,1.0,2.55e-14,4e-07,2.0,27.0,8e-07,0.000225088840752963,0.0001269393243924547,6.498635688395409e-11,1.10373496238635e-10,8.767992656129454e-11,4983.2296994199805
multi_4,A,1.0,2.55e-14,5e-07,2.0,27.0,1e-06,0.0002805570765650501,0.000157091921388895,5.505753665065659e-11,9.244123345876396e-11,7.374938505471027e-11,4191.496735135566
multi_4,A,1.0,3.775e-14,1e-07,2.0,27.0,2e-07,5.601168537985404e-05,3.115597896271632e-05,3.14241385018716e-10,3.419120976797178e-10,3.280767413492169e-10,12595.325514894595
multi_4,A,1.0,3.775e-14,2e-07,2.0,27.0,4e-07,0.000112486898287925,6.343759906541764e-05,1.634418852600954e-10,2.841207929557269e-10,2.2378133910791114e-10,8591.278975253332
multi_4,A,1.0,3.775e-14,3e-07,2.0,27.0,6e-07,0.0001685001608596102,9.320251825582978e-05,1.1400798554636e-10,2.01102218320275e-10,1.575551019333175e-10,6048.760991777235
multi_4,A,1.0,3.775e-14,4e-07,2.0,27.0,8e-07,0.0002254492794564032,0.0001272745904690541,8.895290817093753e-11,1.536245117400784e-10,1.2128870995550797e-10,4656.443418965659
multi_4,A,1.0,3.775e-14,5e-07,2.0,27.0,1e-06,0.000279160013330529,0.0001559743417421803,7.463886392076285e-11,1.281217342000383e-10,1.0138029906040057e-10,3892.1316464305824
multi_4,A,1.0,5e-14,1e-07,2.0,27.0,2e-07,5.609655940329797e-05,3.11639479767311e-05,4.100881735116295e-10,2.332307821835448e-10,3.2165947784758714e-10,9323.463126017019
multi_4,A,1.0,5e-14,2e-07,2.0,27.0,4e-07,0.000113075204443247,6.24946787218127e-05,2.109507985425878e-10,3.436331556471254e-10,2.772919770948566e-10,8037.448611445119
multi_4,A,1.0,5e-14,3e-07,2.0,27.0,6e-07,0.0001689474588153998,9.411388165801088e-05,1.458035830100386e-10,2.568342108022934e-10,2.01318896906166e-10,5835.330345106261
multi_4,A,1.0,5e-14,4e-07,2.0,27.0,8e-07,0.0002247721154170054,0.0001247281846298289,1.133340498147249e-10,1.992208292870285e-10,1.562774395508767e-10,4529.780856547151
multi_4,A,1.0,5e-14,5e-07,2.0,27.0,1e-06,0.000280473309324133,0.000159292014645993,9.365634477160842e-11,1.614184530889194e-10,1.2753739893026393e-10,3696.7362008772157
multi_4,A,1.1,1e-15,1e-07,2.0,27.0,2e-07,5.365426021653862e-05,3.780306212322e-05,2.262461037096376e-11,3.341341143238264e-11,2.8019010901673197e-11,40607.26217633797
multi_4,A,1.1,1e-15,2e-07,2.0,27.0,4e-07,8.949432251232295e-05,7.090095159241519e-05,1.726557720138664e-11,2.401841185285504e-11,2.064199452712084e-11,29915.93409727658
multi_4,A,1.1,1e-15,3e-07,2.0,27.0,6e-07,0.0001235461621751515,0.0001022014350713918,1.533051287872107e-11,2.084642412688944e-11,1.8088468502805254e-11,26215.17174319602
multi_4,A,1.1,1e-15,4e-07,2.0,27.0,8e-07,0.0001578159458431307,0.0001333266407028555,1.445949737506166e-11,1.938960715991589e-11,1.6924552267488777e-11,24528.336619548954
multi_4,A,1.1,1e-15,5e-07,2.0,27.0,1e-06,0.0001919498295660841,0.0001613694804390034,1.392081048855684e-11,1.851194429701275e-11,1.6216377392784794e-11,23501.99622142724
multi_4,A,1.1,1.325e-14,1e-07,2.0,27.0,2e-07,5.791860126032537e-05,3.777972018732187e-05,1.248604504208625e-10,1.941843583375645e-10,1.595224043792135e-10,17448.44455884206
multi_4,A,1.1,1.325e-14,2e-07,2.0,27.0,4e-07,0.0001145800911956503,7.576652237967754e-05,6.892750852591158e-11,1.044193570295402e-10,8.66734327777259e-11,9480.277033385388
multi_4,A,1.1,1.325e-14,3e-07,2.0,27.0,6e-07,0.0001733216614167366,0.0001149558216742549,4.989843117780204e-11,7.456972704335904e-11,6.223407911058054e-11,6807.1183057785665
multi_4,A,1.1,1.325e-14,4e-07,2.0,27.0,8e-07,0.0002295670611156398,0.0001560449602686769,4.08812865309403e-11,5.974054911532187e-11,5.0310917823131083e-11,5502.97159673296
multi_4,A,1.1,1.325e-14,5e-07,2.0,27.0,1e-06,0.0002864462472099424,0.0001951510935138399,3.541190755221749e-11,5.117277120918345e-11,4.329233938070047e-11,4735.284591818482
multi_4,A,1.1,2.55e-14,1e-07,2.0,27.0,2e-07,5.822839089116568e-05,3.796772748876779e-05,2.271930648710841e-10,3.074306946846762e-10,2.6731187977788017e-10,15192.491035969322
multi_4,A,1.1,2.55e-14,2e-07,2.0,27.0,4e-07,0.0001160601156745107,7.551368607600031e-05,1.198228990836685e-10,1.843775946317221e-10,1.521002468576953e-10,8644.515308763588
multi_4,A,1.1,2.55e-14,3e-07,2.0,27.0,6e-07,0.0001744679391172622,0.0001166496209644699,8.384726991381348e-11,1.26588943291189e-10,1.0521810660250124e-10,5980.000375248722
multi_4,A,1.1,2.55e-14,4e-07,2.0,27.0,8e-07,0.0002314682999541823,0.0001544886352439998,6.631743115572947e-11,9.941436398596309e-11,8.286589757084628e-11,4709.627597092714
multi_4,A,1.1,2.55e-14,5e-07,2.0,27.0,1e-06,0.0002880998989089822,0.0001920381450053305,5.576572435640384e-11,8.307057660307849e-11,6.941815047974116e-11,3945.33392894238
multi_4,A,1.1,3.775e-14,1e-07,2.0,27.0,2e-07,5.79178632881296e-05,3.779276837810139e-05,3.321894240205318e-10,2.78992977915785e-10,3.055912009681584e-10,11732.074132571588
multi_4,A,1.1,3.775e-14,2e-07,2.0,27.0,4e-07,0.0001160172878578741,7.564444501439352e-05,1.714010697020157e-10,2.573189965334318e-10,2.1436003311772373e-10,8229.581845387225
multi_4,A,1.1,3.775e-14,3e-07,2.0,27.0,6e-07,0.0001743446215374235,0.0001135161671717786,1.182203976415498e-10,1.812260671770653e-10,1.4972323240930756e-10,5748.08455357741
multi_4,A,1.1,3.775e-14,4e-07,2.0,27.0,8e-07,0.0002314210267905627,0.0001543829689706067,9.200581221806798e-11,1.386941895487903e-10,1.1535000088342915e-10,4428.448061557891
multi_4,A,1.1,3.775e-14,5e-07,2.0,27.0,1e-06,0.0002896247824810173,0.0001947897644247515,7.619280476037478e-11,1.138901876456505e-10,9.504149620301264e-11,3648.776128342937
multi_4,A,1.1,5e-14,1e-07,2.0,27.0,2e-07,5.81237565386522e-05,3.793676135183984e-05,4.3374256178696e-10,1.650768008163799e-10,2.9940968130166995e-10,8678.541487004926
multi_4,A,1.1,5e-14,2e-07,2.0,27.0,4e-07,0.0001167496762095911,7.694225112379806e-05,2.217999928743475e-10,3.000477649976151e-10,2.609238789359813e-10,7563.010983651633
multi_4,A,1.1,5e-14,3e-07,2.0,27.0,6e-07,0.00017532895012765,0.000115738596098961,1.51649821974773e-10,2.295012833272951e-10,1.9057555265103405e-10,5523.929062348813
multi_4,A,1.1,5e-14,4e-07,2.0,27.0,8e-07,0.0002325791243233778,0.000152523826431521,1.174898900468121e-10,1.790598343980431e-10,1.482748622224276e-10,4297.822093403699
multi_4,A,1.1,5e-14,5e-07,2.0,27.0,1e-06,0.0002887556165995152,0.0001930194427065097,9.690291799810145e-11,1.459063729039475e-10,1.214046454510245e-10,3518.9752304644785
multi_4,A,1.2,1e-15,1e-07,2.0,27.0,2e-07,5.586172053565639e-05,4.417966595866456e-05,2.172641118970329e-11,3.099494323617271e-11,2.6360677212938e-11,38203.88001875072
multi_4,A,1.2,1e-15,2e-07,2.0,27.0,4e-07,9.797284887614475e-05,7.994194310551806e-05,1.635099145431412e-11,2.20161039027501e-11,1.9183547678532112e-11,27802.24301236538
multi_4,A,1.2,1e-15,3e-07,2.0,27.0,6e-07,0.0001375821548934684,0.0001158876513118784,1.445463337358275e-11,1.899767891393382e-11,1.6726156143758285e-11,24240.80600544679
multi_4,A,1.2,1e-15,4e-07,2.0,27.0,8e-07,0.0001760391788725932,0.0001496132928190366,1.355376673487148e-11,1.765374221165343e-11,1.5603754473262455e-11,22614.136917771677
multi_4,A,1.2,1e-15,5e-07,2.0,27.0,1e-06,0.0002140487301706847,0.000182537931543609,1.298591124807467e-11,1.684314687073592e-11,1.4914529059405295e-11,21615.259506384486
multi_4,A,1.2,1.325e-14,1e-07,2.0,27.0,2e-07,5.950220938626116e-05,4.379856192824359e-05,1.297444880541754e-10,1.79785004310752e-10,1.5476474618246372e-10,16928.0553658697
multi_4,A,1.2,1.325e-14,2e-07,2.0,27.0,4e-07,0.0001183499304202334,9.141318627386889e-05,7.017286150006423e-11,9.463019434145655e-11,8.240152792076039e-11,9013.019187395175
multi_4,A,1.2,1.325e-14,3e-07,2.0,27.0,6e-07,0.0001776714551926909,0.0001381164497813033,5.035669274130029e-11,6.794587796717532e-11,5.91512853542378e-11,6469.924567048161
multi_4,A,1.2,1.325e-14,4e-07,2.0,27.0,8e-07,0.0002364480270662154,0.0001840819484501001,4.056398372823791e-11,5.486225276046616e-11,4.7713118244352035e-11,5218.826168373206
multi_4,A,1.2,1.325e-14,5e-07,2.0,27.0,1e-06,0.0002950005813204884,0.0002310911203332791,3.479909528644781e-11,4.700997963167854e-11,4.0904537459063175e-11,4474.108554450443
multi_4,A,1.2,2.55e-14,1e-07,2.0,27.0,2e-07,5.982554210531754e-05,4.44489160082246e-05,2.38557484638005e-10,2.733564880402175e-10,2.5595698633911124e-10,14547.143298613884
multi_4,A,1.2,2.55e-14,2e-07,2.0,27.0,4e-07,0.0001195685422667038,9.006132436973229e-05,1.240172715225878e-10,1.682102544812231e-10,1.4611376300190547e-10,8304.2775221316
multi_4,A,1.2,2.55e-14,3e-07,2.0,27.0,6e-07,0.0001781913342194307,0.000135459414269695,8.65045721765909e-11,1.168308122001404e-10,1.0166769218836565e-10,5778.214958133884
multi_4,A,1.2,2.55e-14,4e-07,2.0,27.0,8e-07,0.0002375983867429912,0.0001846010924744714,6.766316537708113e-11,9.051925743586689e-11,7.909121140647401e-11,4495.095845778575
multi_4,A,1.2,2.55e-14,5e-07,2.0,27.0,1e-06,0.000298263687864654,0.0002290443585315419,5.610391101156877e-11,7.592754582469978e-11,6.601572841813428e-11,3751.9595577228924
multi_4,A,1.2,3.775e-14,1e-07,2.0,27.0,2e-07,5.965582080609057e-05,4.488154846656987e-05,3.496679366225475e-10,2.248077735688542e-10,2.8723785509570086e-10,11027.463483854532
multi_4,A,1.2,3.775e-14,2e-07,2.0,27.0,4e-07,0.0001188185369405521,9.144102732252728e-05,1.799632730070788e-10,2.315276703154491e-10,2.0574547166126394e-10,7898.856767876532
multi_4,A,1.2,3.775e-14,3e-07,2.0,27.0,6e-07,0.0001797893231885713,0.0001360986912520419,1.221788720141536e-10,1.647888579084061e-10,1.4348386496127984e-10,5508.546500097125
multi_4,A,1.2,3.775e-14,4e-07,2.0,27.0,8e-07,0.0002373326744996852,0.0001827665276261332,9.507044527962094e-11,1.269874942916996e-10,1.1102896978566026e-10,4262.557626860938
multi_4,A,1.2,3.775e-14,5e-07,2.0,27.0,1e-06,0.0002992555972429797,0.0002275450246236137,7.760391068249563e-11,1.048212036028104e-10,9.121255714265302e-11,3501.777796051561
multi_4,A,1.2,5e-14,1e-07,2.0,27.0,2e-07,5.985021325423644e-05,4.497843143695485e-05,4.575651456763739e-10,1.12038499117648e-10,2.8480182239701094e-10,8255.125286869883
multi_4,A,1.2,5e-14,2e-07,2.0,27.0,4e-07,0.0001199758707568631,9.074659123422266e-05,2.325032859051608e-10,2.669322847908649e-10,2.497177853480128e-10,7238.196676753995
multi_4,A,1.2,5e-14,3e-07,2.0,27.0,6e-07,0.0001793820883307027,0.000135449231150156,1.588497604559472e-10,2.107502090262064e-10,1.847999847410768e-10,5356.521296842807
multi_4,A,1.2,5e-14,4e-07,2.0,27.0,8e-07,0.00023995899453881,0.0001821218815410473,1.213362023247952e-10,1.632521491683763e-10,1.4229417574658574e-10,4124.468862219876
multi_4,A,1.2,5e-14,5e-07,2.0,27.0,1e-06,0.00029748064942443,0.0002300578636140861,9.994108837190513e-11,1.330418827513068e-10,1.1649148556160598e-10,3376.56479888713
multi_4,A,1.3,1e-15,1e-07,2.0,27.0,2e-07,5.731869342576936e-05,4.908569522843335e-05,2.109871910445368e-11,2.91189581366482e-11,2.510883862055094e-11,36389.62118920426
multi_4,A,1.3,1e-15,2e-07,2.0,27.0,4e-07,0.0001059861662754089,8.967550782937839e-05,1.552527298185383e-11,2.083956154104307e-11,1.818241726144845e-11,26351.329364418045
multi_4,A,1.3,1e-15,3e-07,2.0,27.0,6e-07,0.0001506824311813653,0.0001303389390389398,1.374119243712692e-11,1.808844784207749e-11,1.5914820139602206e-11,23064.95672406117
multi_4,A,1.3,1e-15,4e-07,2.0,27.0,8e-07,0.0001932597434747079,0.0001679875978447988,1.282154665955025e-11,1.681327136075921e-11,1.481740901015473e-11,21474.505811818453
multi_4,A,1.3,1e-15,5e-07,2.0,27.0,1e-06,0.0002355330698464358,0.0002062498153358531,1.225011862573242e-11,1.603589741300526e-11,1.414300801936884e-11,20497.113071549044
multi_4,A,1.3,1.325e-14,1e-07,2.0,27.0,2e-07,6.093416068572535e-05,5.07984705716472e-05,1.36052294985802e-10,1.655215534812853e-10,1.5078692423354365e-10,16492.96409445378
multi_4,A,1.3,1.325e-14,2e-07,2.0,27.0,4e-07,0.0001216927288618242,0.0001046366512715626,7.199726247274803e-11,8.822998371016326e-11,8.011362309145565e-11,8762.769821324107
multi_4,A,1.3,1.325e-14,3e-07,2.0,27.0,6e-07,0.0001818390515896779,0.0001595669840414679,5.11633885743824e-11,6.30486174501725e-11,5.710600301227745e-11,6246.213072165979
multi_4,A,1.3,1.325e-14,4e-07,2.0,27.0,8e-07,0.0002423427999040219,0.000214281050118351,4.080827599691834e-11,5.090012835769396e-11,4.585420217730615e-11,5015.499281083528
multi_4,A,1.3,1.325e-14,5e-07,2.0,27.0,1e-06,0.0003025449471362561,0.0002669594504217738,3.46216818867064e-11,4.38736174268849e-11,3.924764965679565e-11,4292.879371812486
multi_4,A,1.3,2.55e-14,1e-07,2.0,27.0,2e-07,6.113531343776072e-05,5.181101710004232e-05,2.531168145361932e-10,2.373479578329388e-10,2.4523238618456603e-10,13937.61785646866
multi_4,A,1.3,2.55e-14,2e-07,2.0,27.0,4e-07,0.0001223375770267578,0.0001043452075819641,1.298509623902997e-10,1.549875500805452e-10,1.4241925623542245e-10,8094.302713010655
multi_4,A,1.3,2.55e-14,3e-07,2.0,27.0,6e-07,0.000182838792033641,0.0001581237431776831,8.965855741228299e-11,1.074968383714632e-10,9.85776978918731e-11,5602.597208972612
multi_4,A,1.3,2.55e-14,4e-07,2.0,27.0,8e-07,0.0002443450822128799,0.0002121447352447211,6.929076861701088e-11,8.417505914448714e-11,7.673291388074901e-11,4361.063590835409
multi_4,A,1.3,2.55e-14,5e-07,2.0,27.0,1e-06,0.0003047304404112443,0.000266545693957308,5.742430739535917e-11,7.0082381529596e-11,6.375334446247759e-11,3623.3784860743167
multi_4,A,1.3,3.775e-14,1e-07,2.0,27.0,2e-07,6.142434873902447e-05,5.182360619471098e-05,3.687876023938495e-10,1.768383891750851e-10,2.728129957844673e-10,10473.67293538602
multi_4,A,1.3,3.775e-14,2e-07,2.0,27.0,4e-07,0.0001222604566077457,0.0001045041298925784,1.889739078020685e-10,2.121271386267113e-10,2.005505232143899e-10,7699.415422377961
multi_4,A,1.3,3.775e-14,3e-07,2.0,27.0,6e-07,0.0001841119366023416,0.000158137898833126,1.276954345730147e-10,1.516576395533916e-10,1.3967653706320315e-10,5362.37785058847
multi_4,A,1.3,3.775e-14,4e-07,2.0,27.0,8e-07,0.0002443795616551966,0.0002106604760053485,9.848053305654976e-11,1.175056078861925e-10,1.0799307047137113e-10,4146.005200935642
multi_4,A,1.3,3.775e-14,5e-07,2.0,27.0,1e-06,0.0003061301154472658,0.0002640236903082288,8.015074705065755e-11,9.69031735952816e-11,8.852696032296957e-11,3398.6739734319835
multi_4,A,1.3,5e-14,1e-07,2.0,27.0,2e-07,6.13832825876104e-05,5.206315290659937e-05,4.864645453504205e-10,6.401404027910715e-11,2.752392928147638e-10,7977.950516369966
multi_4,A,1.3,5e-14,2e-07,2.0,27.0,4e-07,0.0001227359161612352,0.00010604474836097,2.461320776683557e-10,2.32879208896298e-10,2.3950564328232686e-10,6942.192558908026
multi_4,A,1.3,5e-14,3e-07,2.0,27.0,6e-07,0.0001830326341658952,0.0001569600161985215,1.679993945192448e-10,1.930591364713253e-10,1.8052926549528507e-10,5232.732333196669
multi_4,A,1.3,5e-14,4e-07,2.0,27.0,8e-07,0.0002458318024515792,0.0002118897328683203,1.267047353093015e-10,1.501592806009429e-10,1.384320079551222e-10,4012.521969713687
multi_4,A,1.3,5e-14,5e-07,2.0,27.0,1e-06,0.0003062219793652792,0.0002666010454308936,1.036081187882777e-10,1.227270803508742e-10,1.1316759956957594e-10,3280.220277379013
multi_4,B,0.9,1e-15,1e-07,2.0,27.0,2e-07,4.082305062587744e-05,2.449202043589744e-05,2.178314091398642e-11,3.542386979894997e-11,2.8603505356468196e-11,41454.35558908434
multi_4,B,0.9,1e-15,2e-07,2.0,27.0,4e-07,6.355730457565379e-05,4.978225586355834e-05,1.64370179574317e-11,2.52826190598131e-11,2.08598185086224e-11,30231.621026988985
multi_4,B,0.9,1e-15,3e-07,2.0,27.0,6e-07,8.352117487344275e-05,7.978613818766235e-05,1.428505727425033e-11,2.183212681080628e-11,1.8058592042528304e-11,26171.87252540334
multi_4,B,0.9,1e-15,4e-07,2.0,27.0,8e-07,0.0001026636557597936,0.0001011352292295869,1.321830429359425e-11,2.03453597971888e-11,1.6781832045391527e-11,24321.495717958736
multi_4,B,0.9,1e-15,5e-07,2.0,27.0,1e-06,0.0001251153842429448,0.0001229549349362806,1.259587597990097e-11,1.931150775283846e-11,1.5953691866369714e-11,23121.29255995611
multi_4,B,0.9,1.325e-14,1e-07,2.0,27.0,2e-07,5.328516722280558e-05,2.426239954779511e-05,1.125701015377471e-10,2.414051573572988e-10,1.7698762944752296e-10,19358.778173095212
multi_4,B,0.9,1.325e-14,2e-07,2.0,27.0,4e-07,0.0001074117317701552,4.950863734111104e-05,6.323843574139582e-11,1.269120032772e-10,9.50752195092979e-11,10399.258354858946
multi_4,B,0.9,1.325e-14,3e-07,2.0,27.0,6e-07,0.0001607448275370145,7.510139477551585e-05,4.718027752287308e-11,8.923356123462067e-11,6.820691937874688e-11,7460.423229832856
multi_4,B,0.9,1.325e-14,4e-07,2.0,27.0,8e-07,0.0002138127408281933,0.000100530884969219,3.919298321202895e-11,7.073921339413888e-11,5.4966098303083915e-11,6012.151851581506
multi_4,B,0.9,1.325e-14,5e-07,2.0,27.0,1e-06,0.0002663677915463804,0.0001247267545152919,3.443530334629205e-11,6.02814077158524e-11,4.735835553107223e-11,5180.022480839183
multi_4,B,0.9,2.55e-14,1e-07,2.0,27.0,2e-07,5.311112483633576e-05,2.466586148064336e-05,2.040719203952376e-10,4.056829263092684e-10,3.04877423352253e-10,17327.503458496907
multi_4,B,0.9,2.55e-14,2e-07,2.0,27.0,4e-07,0.0001079150924551995,4.957599028331187e-05,1.081100679395238e-10,2.276813542056127e-10,1.6789571107256824e-10,9542.239901822579
multi_4,B,0.9,2.55e-14,3e-07,2.0,27.0,6e-07,0.0001620283115159111,7.440945809127552e-05,7.686677926211611e-11,1.571265097785487e-10,1.169966445203324e-10,6649.4256618546415
multi_4,B,0.9,2.55e-14,4e-07,2.0,27.0,8e-07,0.0002165056227416238,0.0001009823916677094,6.123954259634634e-11,1.206661154103601e-10,9.095282900335323e-11,5169.24291010817
multi_4,B,0.9,2.55e-14,5e-07,2.0,27.0,1e-06,0.0002693492534509868,0.0001243831692464675,5.208576046167732e-11,1.006278843482738e-10,7.635682240497555e-11,4339.688684568091
multi_4,B,0.9,3.775e-14,1e-07,2.0,27.0,2e-07,5.425720553937224e-05,2.252118487170471e-05,2.907065894087338e-10,4.275200913347274e-10,3.5911334037173063e-10,13786.864012735605
multi_4,B,0.9,3.775e-14,2e-07,2.0,27.0,4e-07,0.0001074828021206774,5.039528724743491e-05,1.535829935268112e-10,3.207876422632149e-10,2.3718531789501303e-10,9105.876490834555
multi_4,B,0.9,3.775e-14,3e-07,2.0,27.0,6e-07,0.0001628971281017871,7.384502157014555e-05,1.064525569977802e-10,2.249098771882895e-10,1.6568121709303485e-10,6360.733931971778
multi_4,B,0.9,3.775e-14,4e-07,2.0,27.0,8e-07,0.0002164793754342101,9.874321620459765e-05,8.371036769097713e-11,1.728131875233806e-10,1.2826177760717886e-10,4924.149250683516
multi_4,B,0.9,3.775e-14,5e-07,2.0,27.0,1e-06,0.0002688593332110468,0.000126923072314086,7.01598413251936e-11,1.395487380585221e-10,1.0485428969185785e-10,4025.5030114927677
multi_4,B,0.9,5e-14,1e-07,2.0,27.0,2e-07,5.424884352981387e-05,2.472517069293e-05,3.800005269854387e-10,3.312419338875937e-10,3.556212304365162e-10,10307.861751783079
multi_4,B,0.9,5e-14,2e-07,2.0,27.0,4e-07,0.0001070651087801012,5.010688927199526e-05,1.993702349737782e-10,3.942134528230403e-10,2.9679184389840927e-10,8602.662141982877
multi_4,B,0.9,5e-14,3e-07,2.0,27.0,6e-07,0.0001614167242695392,7.487932142120955e-05,1.371970698629034e-10,2.884760627649555e-10,2.1283656631392947e-10,6169.175835186362
multi_4,B,0.9,5e-14,4e-07,2.0,27.0,8e-07,0.0002178265444415941,9.866166522151142e-05,1.056909953663151e-10,2.230564758291716e-10,1.6437373559774334e-10,4764.456104282416
multi_4,B,0.9,5e-14,5e-07,2.0,27.0,1e-06,0.0002686411894714442,0.0001235582728512028,8.825849821107903e-11,1.816598211444966e-10,1.3495915967778782e-10,3911.8597008054444
multi_4,B,1.0,1e-15,1e-07,2.0,27.0,2e-07,4.398589791532862e-05,3.09464217124634e-05,2.041282548639131e-11,3.243338024308545e-11,2.642310286473838e-11,38294.35197788171
multi_4,B,1.0,1e-15,2e-07,2.0,27.0,4e-07,6.892482971795632e-05,6.413782573085102e-05,1.491593688334754e-11,2.340415920320387e-11,1.9160048043275705e-11,27768.185569964793
multi_4,B,1.0,1e-15,3e-07,2.0,27.0,6e-07,9.309268819727037e-05,9.020032046286502e-05,1.274903271072753e-11,2.002061625244125e-11,1.638482448158439e-11,23746.122437078826
multi_4,B,1.0,1e-15,4e-07,2.0,27.0,8e-07,0.0001136577981449842,0.0001124599695030585,1.171490186729661e-11,1.841892004532471e-11,1.506691095631066e-11,21836.10283523284
multi_4,B,1.0,1e-15,5e-07,2.0,27.0,1e-06,0.0001353151211608047,0.0001350716820333289,1.106334051310732e-11,1.747591498784864e-11,1.426962775047798e-11,20680.61992822896
multi_4,B,1.0,1.325e-14,1e-07,2.0,27.0,2e-07,5.557487520697899e-05,3.021712783790213e-05,1.172307798995714e-10,2.14225140476546e-10,1.657279601880587e-10,18127.203739464996
multi_4,B,1.0,1.325e-14,2e-07,2.0,27.0,4e-07,0.0001110823020884712,6.280858496531825e-05,6.459021831565661e-11,1.116309235120951e-10,8.811057091387586e-11,9637.470157383195
multi_4,B,1.0,1.325e-14,3e-07,2.0,27.0,6e-07,0.0001671400160109747,9.391054886703678e-05,4.711417378673857e-11,7.930721932091928e-11,6.321069655382893e-11,6913.9400113567335
multi_4,B,1.0,1.325e-14,4e-07,2.0,27.0,8e-07,0.0002225378104383436,0.0001257915720746124,3.847587704723726e-11,6.315931139223228e-11,5.081759421973477e-11,5558.3914924511655
multi_4,B,1.0,1.325e-14,5e-07,2.0,27.0,1e-06,0.0002765834637156531,0.0001591888494518264,3.342100114443579e-11,5.332782805032776e-11,4.3374414597381776e-11,4744.261919319856
multi_4,B,1.0,2.55e-14,1e-07,2.0,27.0,2e-07,5.593757689557795e-05,3.073611211552703e-05,2.135840043037484e-10,3.513035313328581e-10,2.824437678183033e-10,16052.501723120395
multi_4,B,1.0,2.55e-14,2e-07,2.0,27.0,4e-07,0.000112413023199689,6.336356312897234e-05,1.124265265702096e-10,1.989084827616938e-10,1.5566750466595168e-10,8847.258008863411
multi_4,B,1.0,2.55e-14,3e-07,2.0,27.0,6e-07,0.0001689118105448135,9.531612842268546e-05,7.879798455212864e-11,1.372002129580572e-10,1.0799909875509292e-10,6138.056195231198
multi_4,B,1.0,2.55e-14,4e-07,2.0,27.0,8e-07,0.0002235780602963649,0.0001253954533696375,6.243195435860651e-11,1.073394929700389e-10,8.48857236643227e-11,4824.423055659148
multi_4,B,1.0,2.55e-14,5e-07,2.0,27.0,1e-06,0.0002794905662059681,0.0001576657441473608,5.241204364900865e-11,8.87162114268071e-11,7.056412753790787e-11,4010.4647648711502
multi_4,B,1.0,3.775e-14,1e-07,2.0,27.0,2e-07,5.602488803821374e-05,3.117759384936416e-05,3.107364236892258e-10,3.427434904486405e-10,3.2673995706893314e-10,12544.00449444028
multi_4,B,1.0,3.775e-14,2e-07,2.0,27.0,4e-07,0.0001108957764193934,6.320174192554327e-05,1.623503658488977e-10,2.819154879915668e-10,2.2213292692023226e-10,8527.994123053357
multi_4,B,1.0,3.775e-14,3e-07,2.0,27.0,6e-07,0.0001687763332227528,9.590348644754546e-05,1.110502051992495e-10,1.94767716896951e-10,1.5290896104810025e-10,5870.389137080345
multi_4,B,1.0,3.775e-14,4e-07,2.0,27.0,8e-07,0.000223291286884527,0.0001257146608749059,8.674329965228416e-11,1.512305443036723e-10,1.1898692197797822e-10,4568.0745552539875
multi_4,B,1.0,3.775e-14,5e-07,2.0,27.0,1e-06,0.0002801931366320582,0.0001589045730031201,7.166179872314653e-11,1.233146120042302e-10,9.748820536368836e-11,3742.70871921253
multi_4,B,1.0,5e-14,1e-07,2.0,27.0,2e-07,5.607082769406357e-05,3.117702214466879e-05,4.067839623860513e-10,2.376348136012109e-10,3.2220938799363107e-10,9339.402550540031
multi_4,B,1.0,5e-14,2e-07,2.0,27.0,4e-07,0.000112987172796201,6.283882287664117e-05,2.082266393069613e-10,3.407496344777482e-10,2.7448813689235475e-10,7956.177880937819
multi_4,B,1.0,5e-14,3e-07,2.0,27.0,6e-07,0.0001685058409289678,9.423162070779659e-05,1.434145069054744e-10,2.531125335921328e-10,1.9826352024880358e-10,5746.768702863872
multi_4,B,1.0,5e-14,4e-07,2.0,27.0,8e-07,0.0002251050843155152,0.0001240105926244454,1.104220788838995e-10,1.966042513948164e-10,1.5351316513935797e-10,4449.656960561101
multi_4,B,1.0,5e-14,5e-07,2.0,27.0,1e-06,0.000278582938910605,0.0001577166733933496,9.134807093738504e-11,1.589121793705495e-10,1.2513012515396726e-10,3626.9601493903556
multi_4,B,1.1,1e-15,1e-07,2.0,27.0,2e-07,4.714667600318605e-05,3.773422025289784e-05,1.915421666672813e-11,3.061528440191495e-11,2.488475053432154e-11,36064.85584684282
multi_4,B,1.1,1e-15,2e-07,2.0,27.0,4e-07,7.452145072539035e-05,7.155849530831946e-05,1.361057872183681e-11,2.198107544495606e-11,1.7795827083396434e-11,25791.053744052806
multi_4,B,1.1,1e-15,3e-07,2.0,27.0,6e-07,0.0001017204748042107,9.824178540582107e-05,1.150866099308939e-11,1.877257261816023e-11,1.5140616805624808e-11,21942.92290670262
multi_4,B,1.1,1e-15,4e-07,2.0,27.0,8e-07,0.0001268367906683112,0.0001263291601258487,1.049208981518266e-11,1.72423455132228e-11,1.386721766420273e-11,20097.41690464164
multi_4,B,1.1,1e-15,5e-07,2.0,27.0,1e-06,0.0001514976188505243,0.0001545559673939601,9.852479931681713e-12,1.634396478900375e-11,1.3098222360342732e-11,18982.930957018452
multi_4,B,1.1,1.325e-14,1e-07,2.0,27.0,2e-07,5.717443859746902e-05,3.696111808452738e-05,1.224076152579497e-10,1.928492482391901e-10,1.576284317485699e-10,17241.28321012523
multi_4,B,1.1,1.325e-14,2e-07,2.0,27.0,4e-07,0.0001147186840830477,7.686479550602684e-05,6.575621943305548e-11,1.00803563267526e-10,8.327989135029074e-11,9109.093940420098
multi_4,B,1.1,1.325e-14,3e-07,2.0,27.0,6e-07,0.0001730118702858675,0.0001153272129987578,4.691981717427545e-11,7.194003206741716e-11,5.94299246208463e-11,6500.401927355353
multi_4,B,1.1,1.325e-14,4e-07,2.0,27.0,8e-07,0.0002295907226715183,0.0001541646505150387,3.792131085719078e-11,5.748431729540509e-11,4.7702814076297934e-11,5217.699105966414
multi_4,B,1.1,1.325e-14,5e-07,2.0,27.0,1e-06,0.0002860526467083236,0.0001940852236196747,3.243102232804282e-11,4.886522610779025e-11,4.064812421791653e-11,4446.062260641677
multi_4,B,1.1,2.55e-14,1e-07,2.0,27.0,2e-07,5.698409229987364e-05,3.766374689767736e-05,2.274753207191185e-10,3.072343506346698e-10,2.6735483567689414e-10,15194.932405620584
multi_4,B,1.1,2.55e-14,2e-07,2.0,27.0,4e-07,0.0001146082074076197,7.545360788938675e-05,1.177968822791488e-10,1.816795141255445e-10,1.4973819820234663e-10,8510.269860889268
multi_4,B,1.1,2.55e-14,3e-07,2.0,27.0,6e-07,0.0001725801576388199,0.0001153387706108889,8.147906642343503e-11,1.243889769529841e-10,1.0293402168820957e-10,5850.185944200602
multi_4,B,1.1,2.55e-14,4e-07,2.0,27.0,8e-07,0.0002307892624085171,0.0001543096038192245,6.341198604170943e-11,9.678110207886172e-11,8.009654406028558e-11,4552.2332515081325
multi_4,B,1.1,2.55e-14,5e-07,2.0,27.0,1e-06,0.0002887044076818955,0.0001916530258969624,5.271833743819212e-11,8.059290920966032e-11,6.665562332392622e-11,3788.327554642014
multi_4,B,1.1,3.775e-14,1e-07,2.0,27.0,2e-07,5.832024123658141e-05,3.766359545545651e-05,3.263633394915272e-10,2.806142550706511e-10,3.0348879728108916e-10,11651.359910973768
multi_4,B,1.1,3.775e-14,2e-07,2.0,27.0,4e-07,0.0001155017346496667,7.619629424679331e-05,1.691522014890825e-10,2.539404233280452e-10,2.1154631240856384e-10,8121.559167235392
multi_4,B,1.1,3.775e-14,3e-07,2.0,27.0,6e-07,0.0001727578776357442,0.0001146831481263214,1.159054363549164e-10,1.77477521943361e-10,1.466914791491387e-10,5631.691300475621
multi_4,B,1.1,3.775e-14,4e-07,2.0,27.0,8e-07,0.0002305346114631187,0.0001538259673060935,8.939528621287519e-11,1.362867269581275e-10,1.1284100658550135e-10,4332.124257049673
multi_4,B,1.1,3.775e-14,5e-07,2.0,27.0,1e-06,0.0002909097051551845,0.0001906048709491,7.294742658555205e-11,1.124469532685246e-10,9.269718992703832e-11,3558.7749276144864
multi_4,B,1.1,5e-14,1e-07,2.0,27.0,2e-07,5.789644919529945e-05,3.794544898075917e-05,4.317686461991064e-10,1.69771448049219e-10,3.007700471241627e-10,8717.972380410514
multi_4,B,1.1,5e-14,2e-07,2.0,27.0,4e-07,0.0001159349825375037,7.66546680021054e-05,2.198668664520568e-10,3.000906323629254e-10,2.599787494074911e-10,7535.615924854814
multi_4,B,1.1,5e-14,3e-07,2.0,27.0,6e-07,0.0001723523075578903,0.0001133197425644229,1.509023800131532e-10,2.298023683625048e-10,1.90352374187829e-10,5517.460121386348
multi_4,B,1.1,5e-14,4e-07,2.0,27.0,8e-07,0.0002309617242203138,0.0001537014773344169,1.149979327238125e-10,1.757134324609804e-10,1.4535568259239646e-10,4213.208191083956
multi_4,B,1.1,5e-14,5e-07,2.0,27.0,1e-06,0.0002891929471771091,0.0001915800878513146,9.395293622658727e-11,1.437143664177367e-10,1.18833651322162e-10,3444.453661511942
multi_4,B,1.2,1e-15,1e-07,2.0,27.0,2e-07,5.072652194105644e-05,4.631905333005903e-05,1.809700036992556e-11,2.955957780680447e-11,2.3828289088365014e-11,34533.75230197828
multi_4,B,1.2,1e-15,2e-07,2.0,27.0,4e-07,8.28488474406725e-05,7.890610361960519e-05,1.266283661919917e-11,2.114296723427694e-11,1.6902901926738057e-11,24496.959314113126
multi_4,B,1.2,1e-15,3e-07,2.0,27.0,6e-07,0.0001126915029998838,0.0001102301382097657,1.053558251213181e-11,1.805075954651356e-11,1.4293171029322685e-11,20714.74062220679
multi_4,B,1.2,1e-15,4e-07,2.0,27.0,8e-07,0.0001422529476625961,0.0001419670378501639,9.531977082104877e-12,1.664394793760141e-11,1.3087962509853143e-11,18968.061608482818
multi_4,B,1.2,1e-15,5e-07,2.0,27.0,1e-06,0.0001711730883513534,0.0001722196609166262,8.892662077735648e-12,1.575423052521016e-11,1.2323446301472905e-11,17860.067103583922
multi_4,B,1.2,1.325e-14,1e-07,2.0,27.0,2e-07,5.927107813093639e-05,4.445571091745888e-05,1.263501743975641e-10,1.756648014421378e-10,1.5100748791985093e-10,16517.089190030183
multi_4,B,1.2,1.325e-14,2e-07,2.0,27.0,4e-07,0.0001181886398343054,8.98515813524071e-05,6.7020063375609e-11,9.372064412340759e-11,8.03703537495083e-11,8790.850833963172
multi_4,B,1.2,1.325e-14,3e-07,2.0,27.0,6e-07,0.0001773513097386789,0.0001361802626259517,4.713404428333501e-11,6.669865133288552e-11,5.691634780811026e-11,6225.468723884087
multi_4,B,1.2,1.325e-14,4e-07,2.0,27.0,8e-07,0.0002361556900088696,0.0001840720737708044,3.746854861643396e-11,5.348255035642643e-11,4.547554948643019e-11,4974.082525176943
multi_4,B,1.2,1.325e-14,5e-07,2.0,27.0,1e-06,0.0002939145644758634,0.0002296729705989291,3.170162934871875e-11,4.58087508561467e-11,3.875519010243273e-11,4239.014503957641
multi_4,B,1.2,2.55e-14,1e-07,2.0,27.0,2e-07,5.870058343091049e-05,4.41465670679083e-05,2.386002723721871e-10,2.740458555335077e-10,2.563230639528474e-10,14567.949073762287
multi_4,B,1.2,2.55e-14,2e-07,2.0,27.0,4e-07,0.0001195811882351483,9.011790326629593e-05,1.208151732450781e-10,1.660488646845002e-10,1.4343201896478914e-10,8151.862402090887
multi_4,B,1.2,2.55e-14,3e-07,2.0,27.0,6e-07,0.000177462598850295,0.0001380778843836527,8.368005008193377e-11,1.13942597936247e-10,9.881132400909039e-11,5615.8751923325035
multi_4,B,1.2,2.55e-14,4e-07,2.0,27.0,8e-07,0.0002373724710017082,0.000180676590425879,6.457871589114356e-11,8.989125685038555e-11,7.723498637076455e-11,4389.598543379629
multi_4,B,1.2,2.55e-14,5e-07,2.0,27.0,1e-06,0.0002970029450726735,0.0002302151311643473,5.312787375716935e-11,7.405422451939387e-11,6.359104913828161e-11,3614.1545403967957
multi_4,B,1.2,3.775e-14,1e-07,2.0,27.0,2e-07,5.974800235739908e-05,4.464873344228402e-05,3.453015857161444e-10,2.302758935203035e-10,2.8778873961822396e-10,11048.612712092294
multi_4,B,1.2,3.775e-14,2e-07,2.0,27.0,4e-07,0.0001187772362599504,8.948085287021944e-05,1.768679936789246e-10,2.327106217559832e-10,2.0478930771745388e-10,7862.14829513212
multi_4,B,1.2,3.775e-14,3e-07,2.0,27.0,6e-07,0.0001777628701444389,0.0001367870125098773,1.201068162395888e-10,1.623208266886671e-10,1.4121382146412796e-10,5421.396351439792
multi_4,B,1.2,3.775e-14,4e-07,2.0,27.0,8e-07,0.000237472309169372,0.0001842362087734453,9.196301337531517e-11,1.246693693743012e-10,1.0831619137480819e-10,4158.410264893299
multi_4,B,1.2,3.775e-14,5e-07,2.0,27.0,1e-06,0.0002988469908026658,0.0002272380957839475,7.4617309156383e-11,1.032866177033382e-10,8.89519634298606e-11,3414.9904378485694
multi_4,B,1.2,5e-14,1e-07,2.0,27.0,2e-07,5.980324719129211e-05,4.493533740060299e-05,4.542021410188127e-10,1.176091582108364e-10,2.8590564961482454e-10,8287.120278690567
multi_4,B,1.2,5e-14,2e-07,2.0,27.0,4e-07,0.0001190129655076383,9.049677357993907e-05,2.309268461333636e-10,2.671417288063829e-10,2.4903428746987324e-10,7218.385144054298
multi_4,B,1.2,5e-14,3e-07,2.0,27.0,6e-07,0.0001776188573248755,0.0001377616607361568,1.572072758834066e-10,2.074578057945964e-10,1.823325408390015e-10,5285.001183739175
multi_4,B,1.2,5e-14,4e-07,2.0,27.0,8e-07,0.0002377023944351342,0.0001826904873540788,1.190873432815781e-10,1.609850368310766e-10,1.4003619005632733e-10,4059.020001632676
multi_4,B,1.2,5e-14,5e-07,2.0,27.0,1e-06,0.0002978794063219738,0.0002285071362007573,9.676226659082263e-11,1.316864461903437e-10,1.1422435639058317e-10,3310.850909871976
multi_4,B,1.3,1e-15,1e-07,2.0,27.0,2e-07,5.515993558557964e-05,4.96965456166944e-05,1.732346843564228e-11,2.879243538364973e-11,2.3057951909646005e-11,33417.32160818262
multi_4,B,1.3,1e-15,2e-07,2.0,27.0,4e-07,9.132425100008929e-05,8.81808621995112e-05,1.18212998584219e-11,2.067480366011578e-11,1.624805175926884e-11,23547.901100389623
multi_4,B,1.3,1e-15,3e-07,2.0,27.0,6e-07,0.0001244220891013495,0.000123593214075274,9.60552394544331e-12,1.779324960488808e-11,1.3699386775165695e-11,19854.1837321242
multi_4,B,1.3,1e-15,4e-07,2.0,27.0,8e-07,0.0001567279860085281,0.000158070167610341,8.579786521798665e-12,1.642636716390733e-11,1.2503076842852997e-11,18120.401221526085
multi_4,B,1.3,1e-15,5e-07,2.0,27.0,1e-06,0.0001908482649859089,0.0001948347138969801,7.971848171314281e-12,1.565104741915261e-11,1.1811447795233446e-11,17118.040282947022
multi_4,B,1.3,1.325e-14,1e-07,2.0,27.0,2e-07,6.032654210720418e-05,5.069803999417992e-05,1.332496984127215e-10,1.637830940845065e-10,1.48516396248614e-10,16244.615394981025
multi_4,B,1.3,1.325e-14,2e-07,2.0,27.0,4e-07,0.0001210234263648626,0.000104606482375188,6.899176924286092e-11,8.71548902280257e-11,7.807332973544331e-11,8539.60401809607
multi_4,B,1.3,1.325e-14,3e-07,2.0,27.0,6e-07,0.0001820121688854126,0.0001578332136885183,4.770603957429747e-11,6.264678194960195e-11,5.517641076194971e-11,6035.155675356819
multi_4,B,1.3,1.325e-14,4e-07,2.0,27.0,8e-07,0.0002421541242915432,0.0002124545222879888,3.745592543758758e-11,5.057697892328819e-11,4.4016452180437884e-11,4814.487523154267
multi_4,B,1.3,1.325e-14,5e-07,2.0,27.0,1e-06,0.0003017036533098969,0.0002673685541325849,3.131095894720433e-11,4.345748424173598e-11,3.7384221594470154e-11,4089.0589657610235
multi_4,B,1.3,2.55e-14,1e-07,2.0,27.0,2e-07,6.077859274914617e-05,5.113641534158936e-05,2.503096456645157e-10,2.39747097876244e-10,2.4502837177037983e-10,13926.022834349524
multi_4,B,1.3,2.55e-14,2e-07,2.0,27.0,4e-07,0.0001222781930401087,0.0001050402772969448,1.26693548340088e-10,1.531829157552287e-10,1.3993823204765837e-10,7953.295370710906
multi_4,B,1.3,2.55e-14,3e-07,2.0,27.0,6e-07,0.0001839306137751037,0.0001574199607516915,8.569998614173637e-11,1.066041827515038e-10,9.615208444662008e-11,5464.739098983808
multi_4,B,1.3,2.55e-14,4e-07,2.0,27.0,8e-07,0.0002432543666380405,0.0002132346703815851,6.625864156114363e-11,8.297597023467537e-11,7.46173058979095e-11,4240.824432958768
multi_4,B,1.3,2.55e-14,5e-07,2.0,27.0,1e-06,0.0003045087374732231,0.0002656130943525284,5.411011033401905e-11,6.940564773652068e-11,6.175787903526987e-11,3509.9675496032896
multi_4,B,1.3,3.775e-14,1e-07,2.0,27.0,2e-07,6.140109073231321e-05,5.202293665667035e-05,3.647853087392108e-10,1.816475719895979e-10,2.7321644036440436e-10,10489.16173776387
multi_4,B,1.3,3.775e-14,2e-07,2.0,27.0,4e-07,0.0001213302246921491,0.0001047154229739694,1.869230297989187e-10,2.1060041540136e-10,1.9876172260013933e-10,7630.740861892287
multi_4,B,1.3,3.775e-14,3e-07,2.0,27.0,6e-07,0.0001838887059401938,0.0001572093708465612,1.247460724343422e-10,1.506405193359887e-10,1.3769329588516544e-10,5286.238444578768
multi_4,B,1.3,3.775e-14,4e-07,2.0,27.0,8e-07,0.0002433527640724449,0.00021162788610584,9.541903526981268e-11,1.160867649304156e-10,1.0575290010011414e-10,4060.001923413539
multi_4,B,1.3,3.775e-14,5e-07,2.0,27.0,1e-06,0.0003058652997950303,0.0002672690066294645,7.708392724486098e-11,9.536155820948846e-11,8.622274272717472e-11,3310.2118332728564
multi_4,B,1.3,5e-14,1e-07,2.0,27.0,2e-07,6.1376147287361e-05,5.202540476521194e-05,4.821278473980182e-10,7.132476451239414e-11,2.7672630595520616e-10,8021.052346527716
multi_4,B,1.3,5e-14,2e-07,2.0,27.0,4e-07,0.0001222709185464192,0.000104750750886589,2.434924283715864e-10,2.349286253791648e-10,2.392105268753756e-10,6933.638460155816
multi_4,B,1.3,5e-14,3e-07,2.0,27.0,6e-07,0.0001821581022830434,0.0001573973497689174,1.650039451523537e-10,1.916771297956568e-10,1.7834053747400525e-10,5169.290941275514
multi_4,B,1.3,5e-14,4e-07,2.0,27.0,8e-07,0.0002454450643366057,0.0002139076985049744,1.23854730961173e-10,1.481711898455952e-10,1.3601296040338412e-10,3942.404649373453
multi_4,B,1.3,5e-14,5e-07,2.0,27.0,1e-06,0.0003045152220089413,0.0002631711433883513,1.008212821961037e-10,1.223488299093303e-10,1.1158505605271701e-10,3234.349450803392
multi_5,A,1.0,1e-15,1e-07,2.0,27.0,2e-07,4.982835001720887e-05,3.104510171852492e-05,2.37070313871847e-11,3.669682426142605e-11,3.0201927824305375e-11,43770.90989029765
multi_5,A,1.0,1e-15,1e-07,2.5,27.0,2.5e-07,5.191318353462329e-05,3.897691690904653e-05,2.490129214752749e-11,3.160819884332967e-11,2.825474549542858e-11,40948.906515113886
multi_5,A,1.0,1e-15,1e-07,3.0,27.0,3e-07,5.293053748548282e-05,4.699400093235766e-05,2.650115775625569e-11,2.881420934828297e-11,2.765768355226933e-11,40083.59935111497
multi_5,A,1.0,1e-15,1e-07,3.5,27.0,3.5e-07,5.315560413080253e-05,5.495899390518725e-05,2.807132068763646e-11,2.679851291649546e-11,2.743491680206596e-11,39760.74898850139
multi_5,A,1.0,1e-15,1e-07,4.0,27.0,4e-07,5.336398053997981e-05,6.09997794150911e-05,2.970473013061243e-11,2.525131495399331e-11,2.7478022542302867e-11,39823.22107580126
multi_5,A,1.0,1e-15,2e-07,2.0,27.0,4e-07,8.201836011055078e-05,6.297607057720738e-05,1.842989229811168e-11,2.663149166835563e-11,2.2530691983233654e-11,32653.176787295153
multi_5,A,1.0,1e-15,2e-07,2.5,27.0,5e-07,8.844530075775037e-05,7.437024382169766e-05,2.027573806782965e-11,2.417353799539601e-11,2.222463803161283e-11,32209.62033567077
multi_5,A,1.0,1e-15,2e-07,3.0,27.0,6e-07,9.514844070454232e-05,8.741601969057785e-05,2.209243679771045e-11,2.240333477439053e-11,2.2247885786050492e-11,32243.312733406514
multi_5,A,1.0,1e-15,2e-07,3.5,27.0,7e-07,0.0001001941001108618,9.964555042731642e-05,2.369887088673013e-11,2.117093351216054e-11,2.2434902199445336e-11,32514.351013688894
multi_5,A,1.0,1e-15,2e-07,4.0,27.0,8e-07,0.0001058604211211185,0.0001112662580373846,2.536332722482492e-11,2.021791701527716e-11,2.279062212005104e-11,33029.88713050875
multi_5,A,1.0,1e-15,3e-07,2.0,27.0,6e-07,0.0001129363041871735,8.780132802055307e-05,1.650364708438316e-11,2.339114254205627e-11,1.9947394813219714e-11,28909.267845245966
multi_5,A,1.0,1e-15,3e-07,2.5,27.0,7.5e-07,0.000123282035500241,0.0001066674445169587,1.844202496728833e-11,2.142958271215999e-11,1.993580383972416e-11,28892.469332933564
multi_5,A,1.0,1e-15,3e-07,3.0,27.0,9e-07,0.0001340925464161628,0.0001247947159757827,2.032504681971031e-11,2.00907872731446e-11,2.0207917046427457e-11,29286.83629917023
multi_5,A,1.0,1e-15,3e-07,3.5,27.0,1.05e-06,0.0001439591756008369,0.000145081469329772,2.211419367306231e-11,1.903685475466373e-11,2.057552421386302e-11,29819.600309946407
multi_5,A,1.0,1e-15,3e-07,4.0,27.0,1.2e-06,0.0001513480621528151,0.0001625725112329653,2.369241055824986e-11,1.827162081814983e-11,2.0982015688199847e-11,30408.718388695434
multi_5,A,1.0,1e-15,4e-07,2.0,27.0,8e-07,0.0001433254365603411,0.0001156681605287064,1.561633931266277e-11,2.183402558449095e-11,1.872518244857686e-11,27137.945577647624
multi_5,A,1.0,1e-15,4e-07,2.5,27.0,1e-06,0.0001576013594830808,0.0001399933448242711,1.759953794694396e-11,2.014805775814969e-11,1.8873797852546826e-11,27353.330221082357
multi_5,A,1.0,1e-15,4e-07,3.0,27.0,1.2e-06,0.0001709538209413038,0.0001630142269398064,1.946272552798886e-11,1.900217673896888e-11,1.9232451133478873e-11,27873.11758475199
multi_5,A,1.0,1e-15,4e-07,3.5,27.0,1.4e-06,0.0001859057764808194,0.0001892512493231832,2.132771104725481e-11,1.808909501593242e-11,1.9708403031593615e-11,28562.902944338573
multi_5,A,1.0,1e-15,4e-07,4.0,27.0,1.6e-06,0.0001954034539080019,0.0002117362728880039,2.291706261190911e-11,1.741724787874793e-11,2.016715524532852e-11,29227.761225113798
multi_5,A,1.0,1e-15,5e-07,2.0,27.0,1e-06,0.000173482222367586,0.0001414208786910318,1.506554035851167e-11,2.09127045580027e-11,1.7989122458257185e-11,26071.191968488674
multi_5,A,1.0,1e-15,5e-07,2.5,27.0,1.2499999999999999e-06,0.0001916970848452349,0.0001733714178243351,1.707786279084378e-11,1.934807376444543e-11,1.8212968277644606e-11,26395.606199484937
multi_5,A,1.0,1e-15,5e-07,3.0,27.0,1.5e-06,0.0002087308004634845,0.0002041658110176212,1.896476138228148e-11,1.82654699851257e-11,1.861511568370359e-11,26978.42852710665
multi_5,A,1.0,1e-15,5e-07,3.5,27.0,1.75e-06,0.0002274912227105447,0.0002323401124660233,2.083647436250164e-11,1.748787251005965e-11,1.9162173436280645e-11,27771.265849682095
multi_5,A,1.0,1e-15,5e-07,4.0,27.0,2e-06,0.0002435307716877383,0.0002602670285937608,2.258669716953167e-11,1.689244322565578e-11,1.9739570197593724e-11,28608.072750135834
multi_5,A,1.0,1.325e-14,1e-07,2.0,27.0,2e-07,5.620117660000967e-05,3.024599962764903e-05,1.197240779670085e-10,2.185969138923018e-10,1.6916049592965515e-10,18502.65200214987
multi_5,A,1.0,1.325e-14,1e-07,2.5,27.0,2.5e-07,5.616253012426716e-05,3.890755930028696e-05,1.209778542762577e-10,1.739074769577321e-10,1.474426656169949e-10,16127.171519496298
multi_5,A,1.0,1.325e-14,1e-07,3.0,27.0,3e-07,5.622089616069792e-05,4.704445124513392e-05,1.226138896555211e-10,1.465418352761284e-10,1.3457786246582475e-10,14720.028708321002
multi_5,A,1.0,1.325e-14,1e-07,3.5,27.0,3.5e-07,5.614025387328885e-05,5.405282460374458e-05,1.24426989567429e-10,1.286072182852249e-10,1.2651710392632695e-10,13838.348802442108
multi_5,A,1.0,1.325e-14,1e-07,4.0,27.0,4e-07,5.602869415185449e-05,6.276906950960728e-05,1.262740859039617e-10,1.13527054182262e-10,1.1990057004311185e-10,13114.637138978602
multi_5,A,1.0,1.325e-14,2e-07,2.0,27.0,4e-07,0.0001117125184748586,6.241425928027402e-05,6.727091983230307e-11,1.158224717826397e-10,9.154669580747138e-11,10013.310998903078
multi_5,A,1.0,1.325e-14,2e-07,2.5,27.0,5e-07,0.0001116124032214125,7.87863460400654e-05,6.899377866954292e-11,9.506419345412977e-11,8.202898606183635e-11,8972.270829842642
multi_5,A,1.0,1.325e-14,2e-07,3.0,27.0,6e-07,0.000111557337518238,9.39292391545602e-05,7.069003345833401e-11,8.189438387806558e-11,7.629220866819979e-11,8344.786291298857
multi_5,A,1.0,1.325e-14,2e-07,3.5,27.0,7e-07,0.0001115195808789687,0.0001113316232263488,7.237111455606905e-11,7.177180618086704e-11,7.207146036846805e-11,7883.123912329019
multi_5,A,1.0,1.325e-14,2e-07,4.0,27.0,8e-07,0.0001108595376230743,0.0001269824831466253,7.427207487006506e-11,6.471898863752807e-11,6.949553175379656e-11,7601.37071411502
multi_5,A,1.0,1.325e-14,3e-07,2.0,27.0,6e-07,0.0001670467672576259,9.382384364428464e-05,4.982417765801113e-11,8.298290593651411e-11,6.640354179726262e-11,7263.17110169676
multi_5,A,1.0,1.325e-14,3e-07,2.5,27.0,7.5e-07,0.0001671402898858865,0.0001197005188093572,5.147279132142956e-11,6.869756629823535e-11,6.008517880983246e-11,6572.073153933001
multi_5,A,1.0,1.325e-14,3e-07,3.0,27.0,9e-07,0.0001673656333572828,0.0001424164955848902,5.308734104856848e-11,6.000622715282535e-11,5.6546784100696915e-11,6185.046114377568
multi_5,A,1.0,1.325e-14,3e-07,3.5,27.0,1.05e-06,0.0001676559821889975,0.0001681623369970908,5.467767457953266e-11,5.336884604663402e-11,5.402326031308334e-11,5909.024918029351
multi_5,A,1.0,1.325e-14,3e-07,4.0,27.0,1.2e-06,0.000166635258291215,0.0001914466861446163,5.645381766396813e-11,4.861231221016089e-11,5.253306493706451e-11,5746.028431727046
multi_5,A,1.0,1.325e-14,4e-07,2.0,27.0,8e-07,0.0002230631018101232,0.0001271596616223914,4.123194652211464e-11,6.638353710717815e-11,5.38077418146464e-11,5885.451661432475
multi_5,A,1.0,1.325e-14,4e-07,2.5,27.0,1e-06,0.0002223934813336657,0.0001589862471938035,4.290556799490274e-11,5.619296064087135e-11,4.954926431788705e-11,5419.662490334926
multi_5,A,1.0,1.325e-14,4e-07,3.0,27.0,1.2e-06,0.0002222692148187733,0.000191524837226061,4.453235918962627e-11,4.922964399309353e-11,4.68810015913599e-11,5127.809854127417
multi_5,A,1.0,1.325e-14,4e-07,3.5,27.0,1.4e-06,0.0002226592466207127,0.0002240682080659061,4.611193213946385e-11,4.428600913670992e-11,4.519897063808689e-11,4943.830531920908
multi_5,A,1.0,1.325e-14,4e-07,4.0,27.0,1.6e-06,0.0002230072542350334,0.0002559611732031847,4.759662062978136e-11,4.063924813919987e-11,4.411793438449062e-11,4825.587572818225
multi_5,A,1.0,1.325e-14,5e-07,2.0,27.0,1e-06,0.0002776607823615516,0.0001586969477934362,3.610871349417927e-11,5.694212012800159e-11,4.652541681109043e-11,5088.916249504013
multi_5,A,1.0,1.325e-14,5e-07,2.5,27.0,1.2499999999999999e-06,0.0002773361336013229,0.0001994166936431532,3.773055151754328e-11,4.844377074760701e-11,4.3087161132575144e-11,4712.84234427948
multi_5,A,1.0,1.325e-14,5e-07,3.0,27.0,1.5e-06,0.0002780509309992433,0.0002396826860171143,3.929229578932197e-11,4.285673087658408e-11,4.1074513332953025e-11,4492.700391900797
multi_5,A,1.0,1.325e-14,5e-07,3.5,27.0,1.75e-06,0.0002785854217357119,0.0002805649697042231,4.08499341618842e-11,3.889945624159819e-11,3.98746952017412e-11,4361.465157423156
multi_5,A,1.0,1.325e-14,5e-07,4.0,27.0,2e-06,0.0002777538258640902,0.0003202565039225637,4.245942568786696e-11,3.592144550242634e-11,3.919043559514665e-11,4286.621339365234
multi_5,A,1.0,2.55e-14,1e-07,2.0,27.0,2e-07,5.622804436133351e-05,3.096636244273599e-05,2.16219918071059e-10,3.517809591809761e-10,2.8400043862601753e-10,16140.974062291423
multi_5,A,1.0,2.55e-14,1e-07,2.5,27.0,2.5e-07,5.639087184152917e-05,3.892222415302517e-05,2.170685887975272e-10,2.820553855353486e-10,2.495619871664379e-10,14183.687818496046
multi_5,A,1.0,2.55e-14,1e-07,3.0,27.0,3e-07,5.638547186200272e-05,4.688857195231336e-05,2.188540732224703e-10,2.357507940689483e-10,2.2730243364570932e-10,12918.581054032928
multi_5,A,1.0,2.55e-14,1e-07,3.5,27.0,3.5e-07,5.645542837039365e-05,5.458020040754774e-05,2.204271139870192e-10,2.035490354478878e-10,2.119880747174535e-10,12048.19975660435
multi_5,A,1.0,2.55e-14,1e-07,4.0,27.0,4e-07,5.645321464285744e-05,6.229445192890395e-05,2.221649073965914e-10,1.793631195231464e-10,2.0076401345986889e-10,11410.287778338672
multi_5,A,1.0,2.55e-14,2e-07,2.0,27.0,4e-07,0.0001121843178738121,6.191225772896211e-05,1.154861548168501e-10,2.048391804863296e-10,1.6016266765158985e-10,9102.737576106274
multi_5,A,1.0,2.55e-14,2e-07,2.5,27.0,5e-07,0.0001122936105644813,7.958667026375725e-05,1.171214581145162e-10,1.642394274153124e-10,1.406804427649143e-10,7995.478418011612
multi_5,A,1.0,2.55e-14,2e-07,3.0,27.0,6e-07,0.0001124066954270792,9.375958404231579e-05,1.187348219241028e-10,1.405697175764911e-10,1.2965226975029696e-10,7368.699616385165
multi_5,A,1.0,2.55e-14,2e-07,3.5,27.0,7e-07,0.0001125219020080744,0.0001088870425424666,1.203320542445838e-10,1.229999380054519e-10,1.2166599612501785e-10,6914.805122194821
multi_5,A,1.0,2.55e-14,2e-07,4.0,27.0,8e-07,0.0001126379342460298,0.0001265006540959793,1.219155893810881e-10,1.085564792669496e-10,1.1523603432401885e-10,6549.362564593286
multi_5,A,1.0,2.55e-14,3e-07,2.0,27.0,6e-07,0.0001682853748871814,9.371547622654708e-05,8.188237617641592e-11,1.418875884974624e-10,1.1188498233693916e-10,6358.907777035475
multi_5,A,1.0,2.55e-14,3e-07,2.5,27.0,7.5e-07,0.0001685321164001805,0.000117604211946143,8.348823185934471e-11,1.163378803656218e-10,9.991305611248325e-11,5678.491395992229
multi_5,A,1.0,2.55e-14,3e-07,3.0,27.0,9e-07,0.000168794719829588,0.0001440294539859108,8.507003774623162e-11,9.843888919895472e-11,9.175446347259317e-11,5214.803266416208
multi_5,A,1.0,2.55e-14,3e-07,3.5,27.0,1.05e-06,0.000169068650529764,0.0001655076185117305,8.663081341382632e-11,8.704234325019965e-11,8.683657833201299e-11,4935.2985695943735
multi_5,A,1.0,2.55e-14,3e-07,4.0,27.0,1.2e-06,0.0001691177352107706,0.0001893611634393804,8.824624677437366e-11,7.79770007300924e-11,8.311162375223303e-11,4723.5932794676355
multi_5,A,1.0,2.55e-14,4e-07,2.0,27.0,8e-07,0.000225088840752963,0.0001269393243924547,6.498635688395409e-11,1.10373496238635e-10,8.767992656129454e-11,4983.2296994199805
multi_5,A,1.0,2.55e-14,4e-07,2.5,27.0,1e-06,0.0002249464830926274,0.0001580676189618608,6.666749203830985e-11,9.13984274969843e-11,7.903295976764707e-11,4491.785153034788
multi_5,A,1.0,2.55e-14,4e-07,3.0,27.0,1.2e-06,0.000224286308788052,0.0001892712118136747,6.846407560724822e-11,7.867511934559359e-11,7.356959747642091e-11,4181.278628952596
multi_5,A,1.0,2.55e-14,4e-07,3.5,27.0,1.4e-06,0.0002241786943780944,0.0002218708301072294,7.013113301573499e-11,6.940067155605626e-11,6.976590228589563e-11,3965.0981691330285
multi_5,A,1.0,2.55e-14,4e-07,4.0,27.0,1.6e-06,0.0002241115517075175,0.0002545833076578155,7.178455493764181e-11,6.249932937141827e-11,6.714194215453004e-11,3815.967158541066
multi_5,A,1.0,2.55e-14,5e-07,2.0,27.0,1e-06,0.0002805570765650501,0.000157091921388895,5.505753665065659e-11,9.244123345876396e-11,7.374938505471027e-11,4191.496735135566
multi_5,A,1.0,2.55e-14,5e-07,2.5,27.0,1.2499999999999999e-06,0.0002788592864049865,0.0002001492249811087,5.692278977975992e-11,7.625235312728405e-11,6.658757145352198e-11,3784.4598723229324
multi_5,A,1.0,2.55e-14,5e-07,3.0,27.0,1.5e-06,0.0002790435591673704,0.0002393372673111062,5.855115805298658e-11,6.609863546881147e-11,6.232489676089902e-11,3542.193620966129
multi_5,A,1.0,2.55e-14,5e-07,3.5,27.0,1.75e-06,0.0002793663033336336,0.0002796446972330582,6.015431633463021e-11,5.877723093303858e-11,5.94657736338344e-11,3379.6972795586476
multi_5,A,1.0,2.55e-14,5e-07,4.0,27.0,2e-06,0.0002797656956843085,0.0003196148852425122,6.173894647185663e-11,5.330610353852738e-11,5.752252500519201e-11,3269.2540497409504
multi_5,A,1.0,3.775e-14,1e-07,2.0,27.0,2e-07,5.601168537985404e-05,3.115597896271632e-05,3.14241385018716e-10,3.419120976797178e-10,3.280767413492169e-10,12595.325514894595
multi_5,A,1.0,3.775e-14,1e-07,2.5,27.0,2.5e-07,5.572036967339526e-05,3.934263783294042e-05,3.1671534759029e-10,2.72305756105146e-10,2.94510551847718e-10,11306.6724963132
multi_5,A,1.0,3.775e-14,1e-07,3.0,27.0,3e-07,5.569919551482008e-05,4.69461932770355e-05,3.186182965072375e-10,2.280771253890456e-10,2.7334771094814154e-10,10494.201399295194
multi_5,A,1.0,3.775e-14,1e-07,3.5,27.0,3.5e-07,5.564380628431627e-05,5.47905269729992e-05,3.206304800085663e-10,1.952141222543591e-10,2.579223011314627e-10,9901.998315825425
multi_5,A,1.0,3.775e-14,1e-07,4.0,27.0,4e-07,5.563682372117532e-05,6.307115030260481e-05,3.22430150477656e-10,1.701469139886909e-10,2.4628853223317347e-10,9455.361636747231
multi_5,A,1.0,3.775e-14,2e-07,2.0,27.0,4e-07,0.000112486898287925,6.343759906541764e-05,1.634418852600954e-10,2.841207929557269e-10,2.2378133910791114e-10,8591.278975253332
multi_5,A,1.0,3.775e-14,2e-07,2.5,27.0,5e-07,0.0001125084267208407,7.779236357045212e-05,1.651590187785806e-10,2.320929159390022e-10,1.986259673587914e-10,7625.5290280753015
multi_5,A,1.0,3.775e-14,2e-07,3.0,27.0,6e-07,0.0001125101257888006,9.345003945692116e-05,1.668833093690289e-10,1.953554318778151e-10,1.8111937062342202e-10,6953.426264456169
multi_5,A,1.0,3.775e-14,2e-07,3.5,27.0,7e-07,0.0001125095941792321,0.0001117820366072127,1.685991334038652e-10,1.670586092696171e-10,1.6782887133674115e-10,6443.185385804441
multi_5,A,1.0,3.775e-14,2e-07,4.0,27.0,8e-07,0.0001125070583181559,0.0001264253599829412,1.703089832408957e-10,1.486872764400642e-10,1.5949812984047994e-10,6123.356554006333
multi_5,A,1.0,3.775e-14,3e-07,2.0,27.0,6e-07,0.0001685001608596102,9.320251825582978e-05,1.1400798554636e-10,2.01102218320275e-10,1.575551019333175e-10,6048.760991777235
multi_5,A,1.0,3.775e-14,3e-07,2.5,27.0,7.5e-07,0.0001686642060784899,0.0001192400809794338,1.156344598574379e-10,1.61736209844424e-10,1.3868533485093095e-10,5324.324209652787
multi_5,A,1.0,3.775e-14,3e-07,3.0,27.0,9e-07,0.0001688346730139924,0.0001407674140549061,1.172410139017539e-10,1.384145346456939e-10,1.278277742737239e-10,4907.487254965886
multi_5,A,1.0,3.775e-14,3e-07,3.5,27.0,1.05e-06,0.0001690086066983594,0.0001644003387836989,1.188319722658735e-10,1.207943571894917e-10,1.1981316472768259e-10,4599.795171424613
multi_5,A,1.0,3.775e-14,3e-07,4.0,27.0,1.2e-06,0.0001691839495524554,0.0001912122745288487,1.204093969650311e-10,1.06630961464461e-10,1.1352017921474606e-10,4358.198645349691
multi_5,A,1.0,3.775e-14,4e-07,2.0,27.0,8e-07,0.0002254492794564032,0.0001272745904690541,8.895290817093753e-11,1.536245117400784e-10,1.2128870995550797e-10,4656.443418965659
multi_5,A,1.0,3.775e-14,4e-07,2.5,27.0,1e-06,0.000224920283429438,0.0001561894217378565,9.076334567175556e-11,1.271854680515274e-10,1.0897440686164148e-10,4183.680079149304
multi_5,A,1.0,3.775e-14,4e-07,3.0,27.0,1.2e-06,0.0002244735272412722,0.0001887968816950139,9.254514290784541e-11,1.079637445392543e-10,1.0025444372354985e-10,3848.9084834840146
multi_5,A,1.0,3.775e-14,4e-07,3.5,27.0,1.4e-06,0.0002240959944353652,0.0002225620404110639,9.430414236801607e-11,9.424558090762715e-11,9.427486163782161e-11,3619.3439538466887
multi_5,A,1.0,3.775e-14,4e-07,4.0,27.0,1.6e-06,0.0002237957241953372,0.0002519380940798247,9.603936870605698e-11,8.468672913727022e-11,9.03630489216636e-11,3469.16398585905
multi_5,A,1.0,3.775e-14,5e-07,2.0,27.0,1e-06,0.000279160013330529,0.0001559743417421803,7.463886392076285e-11,1.281217342000383e-10,1.0138029906040057e-10,3892.1316464305824
multi_5,A,1.0,3.775e-14,5e-07,2.5,27.0,1.2499999999999999e-06,0.0002794853302084876,0.0001962813388790701,7.626928991103686e-11,1.050086267033855e-10,9.063895830721117e-11,3479.756533533398
multi_5,A,1.0,3.775e-14,5e-07,3.0,27.0,1.5e-06,0.0002798799839407083,0.000236914254741516,7.78738221336697e-11,8.981514829041548e-11,8.38444852120426e-11,3218.9071969303236
multi_5,A,1.0,3.775e-14,5e-07,3.5,27.0,1.75e-06,0.0002803151667399285,0.0002813215439908109,7.945789586943577e-11,7.846711576953492e-11,7.896250581948535e-11,3031.4811716857803
multi_5,A,1.0,3.775e-14,5e-07,4.0,27.0,2e-06,0.0002807707688072132,0.0003209940267495145,8.102461045294783e-11,7.051297432470062e-11,7.576879238882422e-11,2908.870040841702
multi_5,A,1.0,5e-14,1e-07,2.0,27.0,2e-07,5.609655940329797e-05,3.11639479767311e-05,4.100881735116295e-10,2.332307821835448e-10,3.2165947784758714e-10,9323.463126017019
multi_5,A,1.0,5e-14,1e-07,2.5,27.0,2.5e-07,5.63396659368579e-05,3.918811827756594e-05,4.101392121464075e-10,1.862066337910097e-10,2.981729229687086e-10,8642.693419382858
multi_5,A,1.0,5e-14,1e-07,3.0,27.0,3e-07,5.636670303820797e-05,4.733349669930215e-05,4.118424861310184e-10,1.538577733379111e-10,2.8285012973446476e-10,8198.55448505695
multi_5,A,1.0,5e-14,1e-07,3.5,27.0,3.5e-07,5.638575497115591e-05,5.537532471571028e-05,4.135491855648991e-10,1.318027412154382e-10,2.7267596339016865e-10,7903.651112758512
multi_5,A,1.0,5e-14,1e-07,4.0,27.0,4e-07,5.639906600638506e-05,6.351820110858174e-05,4.152606912886846e-10,1.150601039648862e-10,2.651603976267854e-10,7685.808626863345
multi_5,A,1.0,5e-14,2e-07,2.0,27.0,4e-07,0.000113075204443247,6.24946787218127e-05,2.109507985425878e-10,3.436331556471254e-10,2.772919770948566e-10,8037.448611445119
multi_5,A,1.0,5e-14,2e-07,2.5,27.0,5e-07,0.0001131034785748528,7.9872116669103e-05,2.126551846452466e-10,2.738314659544054e-10,2.43243325299826e-10,7050.531168110899
multi_5,A,1.0,5e-14,2e-07,3.0,27.0,6e-07,0.0001131396127098197,9.402699513583282e-05,2.143247529402296e-10,2.322253078189006e-10,2.232750303795651e-10,6471.740011001887
multi_5,A,1.0,5e-14,2e-07,3.5,27.0,7e-07,0.0001131675191338838,0.0001093938074614047,2.159960723641204e-10,2.007654490757056e-10,2.08380760719913e-10,6040.022049852551
multi_5,A,1.0,5e-14,2e-07,4.0,27.0,8e-07,0.0001132007653618772,0.0001271433667472695,2.176472932620505e-10,1.752218500625377e-10,1.964345716622941e-10,5693.755700356351
multi_5,A,1.0,5e-14,3e-07,2.0,27.0,6e-07,0.0001689474588153998,9.411388165801088e-05,1.458035830100386e-10,2.568342108022934e-10,2.01318896906166e-10,5835.330345106261
multi_5,A,1.0,5e-14,3e-07,2.5,27.0,7.5e-07,0.0001689283369588378,0.0001165868857051181,1.475038401228325e-10,2.091303011337592e-10,1.7831707062829585e-10,5168.610742849155
multi_5,A,1.0,5e-14,3e-07,3.0,27.0,9e-07,0.0001689230688361592,0.0001422658339096418,1.492146811027524e-10,1.74961385854226e-10,1.620880334784892e-10,4698.203868941716
multi_5,A,1.0,5e-14,3e-07,3.5,27.0,1.05e-06,0.000168924564044552,0.0001658465111824469,1.50911962123181e-10,1.520265057281373e-10,1.5146923392565916e-10,4390.412577555338
multi_5,A,1.0,5e-14,3e-07,4.0,27.0,1.2e-06,0.0001689325028380548,0.0001887539101069658,1.525977843989127e-10,1.350449229337788e-10,1.4382135366634576e-10,4168.734888879588
multi_5,A,1.0,5e-14,4e-07,2.0,27.0,8e-07,0.0002247721154170054,0.0001247281846298289,1.133340498147249e-10,1.992208292870285e-10,1.562774395508767e-10,4529.780856547151
multi_5,A,1.0,5e-14,4e-07,2.5,27.0,1e-06,0.0002249930873295557,0.0001601409824577786,1.149557327997028e-10,1.599804766214906e-10,1.374681047105967e-10,3984.582745234687
multi_5,A,1.0,5e-14,4e-07,3.0,27.0,1.2e-06,0.0002252224624725096,0.0001914768324982931,1.165583499431964e-10,1.360605474751439e-10,1.2630944870917016e-10,3661.143440845512
multi_5,A,1.0,5e-14,4e-07,3.5,27.0,1.4e-06,0.0002254563933219475,0.0002198952961187672,1.181458635391876e-10,1.198153400927721e-10,1.1898060181597985e-10,3448.7130961153584
multi_5,A,1.0,5e-14,4e-07,4.0,27.0,1.6e-06,0.0002256921714356153,0.0002559290202761825,1.197200907898953e-10,1.057657101843623e-10,1.127429004871288e-10,3267.910159047212
multi_5,A,1.0,5e-14,5e-07,2.0,27.0,1e-06,0.000280473309324133,0.000159292014645993,9.365634477160842e-11,1.614184530889194e-10,1.2753739893026393e-10,3696.7362008772157
multi_5,A,1.0,5e-14,5e-07,2.5,27.0,1.2499999999999999e-06,0.0002801141986703223,0.0001951703847267319,9.542287557534812e-11,1.335594089450698e-10,1.1449114226020896e-10,3318.5838336292454
multi_5,A,1.0,5e-14,5e-07,3.0,27.0,1.5e-06,0.0002798195300497625,0.000237589116615774,9.716669553488502e-11,1.130059074441182e-10,1.050863014895016e-10,3045.979753318887
multi_5,A,1.0,5e-14,5e-07,3.5,27.0,1.75e-06,0.0002795827471938253,0.0002821694664759138,9.889168028905857e-11,9.80939694287736e-11,9.849282485891608e-11,2854.8644886642346
multi_5,A,1.0,5e-14,5e-07,4.0,27.0,2e-06,0.0002794075337879137,0.0003175485336689474,1.005975922485421e-10,8.825654223461949e-11,9.44270672415808e-11,2737.016441784951
multi_5,B,1.0,1e-15,1e-07,2.0,27.0,2e-07,4.398589791533779e-05,3.094642171246113e-05,2.041282548639131e-11,3.243338024308462e-11,2.6423102864737965e-11,38294.35197788111
multi_5,B,1.0,1e-15,1e-07,2.5,27.0,2.5e-07,4.461047663600538e-05,3.896928011862726e-05,2.109199007165819e-11,2.814834866141502e-11,2.4620169366536604e-11,35681.40487903856
multi_5,B,1.0,1e-15,1e-07,3.0,27.0,3e-07,4.607684418554118e-05,4.933289508915496e-05,2.197583991191813e-11,2.549101218155138e-11,2.3733426046734753e-11,34396.26963294892
multi_5,B,1.0,1e-15,1e-07,3.5,27.0,3.5e-07,4.755337511265559e-05,5.607268643321646e-05,2.282496979716181e-11,2.343902430820918e-11,2.3131997052685496e-11,33524.63340968913
multi_5,B,1.0,1e-15,1e-07,4.0,27.0,4e-07,4.901695980857978e-05,6.100426326698422e-05,2.364438362529337e-11,2.180358883377846e-11,2.2723986229535913e-11,32933.313376139005
multi_5,B,1.0,1e-15,2e-07,2.0,27.0,4e-07,6.89248297179568e-05,6.413782573085529e-05,1.491593688334754e-11,2.340415920320345e-11,1.9160048043275495e-11,27768.185569964488
multi_5,B,1.0,1e-15,2e-07,2.5,27.0,5e-07,7.230248522893827e-05,7.639347404263788e-05,1.595018926825902e-11,2.072390040834754e-11,1.833704483830328e-11,26575.427301888816
multi_5,B,1.0,1e-15,2e-07,3.0,27.0,6e-07,7.589647650427783e-05,8.604701467257363e-05,1.689814184336807e-11,1.879250462777533e-11,1.78453232355717e-11,25862.78729793
multi_5,B,1.0,1e-15,2e-07,3.5,27.0,7e-07,7.938392448859703e-05,9.51822505503389e-05,1.781853848588596e-11,1.737475246375185e-11,1.7596645474818905e-11,25502.384746114356
multi_5,B,1.0,1e-15,2e-07,4.0,27.0,8e-07,8.269824769358653e-05,0.0001042425215389188,1.869830016887784e-11,1.625040244024644e-11,1.747435130456214e-11,25325.146818206
multi_5,B,1.0,1e-15,3e-07,2.0,27.0,6e-07,9.30926881972591e-05,9.020032046286939e-05,1.274903271072795e-11,2.00206162524429e-11,1.6384824481585424e-11,23746.122437080325
multi_5,B,1.0,1e-15,3e-07,2.5,27.0,7.5e-07,9.768940256655394e-05,0.0001019566819988282,1.382766632926475e-11,1.78819025595633e-11,1.5854784444414023e-11,22977.94847016525
multi_5,B,1.0,1e-15,3e-07,3.0,27.0,9e-07,0.0001032661363302744,0.0001186594574657858,1.488268105735292e-11,1.621061627757326e-11,1.554664866746309e-11,22531.374880381292
multi_5,B,1.0,1e-15,3e-07,3.5,27.0,1.05e-06,0.0001084118522010938,0.0001318329360720093,1.583779131213313e-11,1.503086785129129e-11,1.543432958171221e-11,22368.593596684364
multi_5,B,1.0,1e-15,3e-07,4.0,27.0,1.2e-06,0.000114234435984081,0.0001457732957127637,1.673352929162818e-11,1.406731259731687e-11,1.5400420944472526e-11,22319.450644163084
multi_5,B,1.0,1e-15,4e-07,2.0,27.0,8e-07,0.0001136577981449811,0.0001124599695030215,1.171490186729702e-11,1.841892004532347e-11,1.5066910956310246e-11,21836.102835232243
multi_5,B,1.0,1e-15,4e-07,2.5,27.0,1e-06,0.0001223992925041602,0.0001324406543613559,1.287816985280236e-11,1.642129487772896e-11,1.464973236526566e-11,21231.496181544437
multi_5,B,1.0,1e-15,4e-07,3.0,27.0,1.2e-06,0.0001298883256235665,0.0001513534478939015,1.39048901534695e-11,1.502086448948464e-11,1.446287732147707e-11,20960.691770256624
multi_5,B,1.0,1e-15,4e-07,3.5,27.0,1.4e-06,0.0001372061980795663,0.0001697887786888729,1.48880022501537e-11,1.394400212079192e-11,1.441600218547281e-11,20892.756790540305
multi_5,B,1.0,1e-15,4e-07,4.0,27.0,1.6e-06,0.0001441149298380716,0.0001866720349315656,1.582177217545718e-11,1.308923647461158e-11,1.445550432503438e-11,20950.00626816577
multi_5,B,1.0,1e-15,5e-07,2.0,27.0,1e-06,0.0001353151211608009,0.0001350716820333289,1.106334051310691e-11,1.747591498784905e-11,1.426962775047798e-11,20680.61992822896
multi_5,B,1.0,1e-15,5e-07,2.5,27.0,1.2499999999999999e-06,0.000146187561864914,0.000163497908792818,1.223613182216213e-11,1.5600156644324e-11,1.3918144233243064e-11,20171.223526439226
multi_5,B,1.0,1e-15,5e-07,3.0,27.0,1.5e-06,0.0001562097852267769,0.0001837731922747986,1.330132459438863e-11,1.424736870087655e-11,1.3774346647632591e-11,19962.82122845303
multi_5,B,1.0,1e-15,5e-07,3.5,27.0,1.75e-06,0.000165620093512942,0.000206493530622193,1.430325078221719e-11,1.326873237564765e-11,1.3785991578932419e-11,19979.69794048177
multi_5,B,1.0,1e-15,5e-07,4.0,27.0,2e-06,0.0001745088431563458,0.0002286208843174339,1.525137811421088e-11,1.247910838765863e-11,1.3865243250934755e-11,20094.555436137325
multi_5,B,1.0,1.325e-14,1e-07,2.0,27.0,2e-07,5.557487520675195e-05,3.02171278382188e-05,1.172307798999109e-10,2.142251404749045e-10,1.657279601874077e-10,18127.20373939379
multi_5,B,1.0,1.325e-14,1e-07,2.5,27.0,2.5e-07,5.516898166299896e-05,3.810804217185625e-05,1.18656233257336e-10,1.721944069389822e-10,1.454253200981591e-10,15906.51573400701
multi_5,B,1.0,1.325e-14,1e-07,3.0,27.0,3e-07,5.514499478522965e-05,4.666487498447432e-05,1.197067793587575e-10,1.436345156655671e-10,1.316706475121623e-10,14402.039651316634
multi_5,B,1.0,1.325e-14,1e-07,3.5,27.0,3.5e-07,5.512450148201029e-05,5.491633688124591e-05,1.207251105797078e-10,1.24049097882461e-10,1.223871042310844e-10,13386.612439823288
multi_5,B,1.0,1.325e-14,1e-07,4.0,27.0,4e-07,5.510741477129853e-05,6.195536019178953e-05,1.217145603560339e-10,1.106346735102811e-10,1.1617461693315749e-10,12707.095097966367
multi_5,B,1.0,1.325e-14,2e-07,2.0,27.0,4e-07,0.0001110823020884615,6.280858496513894e-05,6.459021831566075e-11,1.116309235122547e-10,8.811057091395773e-11,9637.47015739215
multi_5,B,1.0,1.325e-14,2e-07,2.5,27.0,5e-07,0.0001110260987744705,7.799278696856077e-05,6.556364137383079e-11,9.18907370166244e-11,7.87271891952276e-11,8611.122690208105
multi_5,B,1.0,1.325e-14,2e-07,3.0,27.0,6e-07,0.0001110018756506915,9.533599753028886e-05,6.64945985475408e-11,7.775004108264897e-11,7.212231981509489e-11,7888.686881607317
multi_5,B,1.0,1.325e-14,2e-07,3.5,27.0,7e-07,0.0001110027434308238,0.0001098684802449214,6.738809029717961e-11,6.869802103258098e-11,6.80430556648803e-11,7442.499936000033
multi_5,B,1.0,1.325e-14,2e-07,4.0,27.0,8e-07,0.0001110244561330196,0.0001263514378575469,6.825153258292651e-11,6.145242977718556e-11,6.485198118005604e-11,7093.462529948706
multi_5,B,1.0,1.325e-14,3e-07,2.0,27.0,6e-07,0.0001671400160109258,9.391054886697474e-05,4.711417378674643e-11,7.930721932095196e-11,6.321069655384919e-11,6913.94001135895
multi_5,B,1.0,1.325e-14,3e-07,2.5,27.0,7.5e-07,0.0001672707649765292,0.0001180310347285738,4.799165903089867e-11,6.557510387046803e-11,5.678338145068335e-11,6210.924960424759
multi_5,B,1.0,1.325e-14,3e-07,3.0,27.0,9e-07,0.0001676462884449835,0.0001423701152046702,4.870424092421625e-11,5.650655150392435e-11,5.26053962140703e-11,5753.939974194182
multi_5,B,1.0,1.325e-14,3e-07,3.5,27.0,1.05e-06,0.000167585599726408,0.0001671089732027645,4.954944423948064e-11,4.992286142006861e-11,4.973615282977463e-11,5440.104219827687
multi_5,B,1.0,1.325e-14,3e-07,4.0,27.0,1.2e-06,0.000167320556913575,0.0001901988915247183,5.040554082768439e-11,4.526544861246241e-11,4.78354947200734e-11,5232.2116182743675
multi_5,B,1.0,1.325e-14,4e-07,2.0,27.0,8e-07,0.000222537810438323,0.0001257915720748015,3.847587704723933e-11,6.315931139217521e-11,5.081759421970727e-11,5558.391492448157
multi_5,B,1.0,1.325e-14,4e-07,2.5,27.0,1e-06,0.0002222137969198999,0.0001600190215268058,3.9372889783456e-11,5.245685237555836e-11,4.591487107950718e-11,5022.135201477406
multi_5,B,1.0,1.325e-14,4e-07,3.0,27.0,1.2e-06,0.0002221496736806506,0.0001901896126643828,4.021520689298767e-11,4.586794883445716e-11,4.3041577863722415e-11,4707.85647948837
multi_5,B,1.0,1.325e-14,4e-07,3.5,27.0,1.4e-06,0.0002222677284167048,0.0002238398174495888,4.10123010956987e-11,4.089158750594468e-11,4.095194430082169e-11,4479.293880319572
multi_5,B,1.0,1.325e-14,4e-07,4.0,27.0,1.6e-06,0.0002226348997710438,0.0002546480850041934,4.177689834657068e-11,3.735605283306087e-11,3.956647558981577e-11,4327.752320461119
multi_5,B,1.0,1.325e-14,5e-07,2.0,27.0,1e-06,0.0002765834637156539,0.0001591888494520876,3.342100114443497e-11,5.332782805028806e-11,4.337441459736152e-11,4744.26191931764
multi_5,B,1.0,1.325e-14,5e-07,2.5,27.0,1.2499999999999999e-06,0.0002768643491952019,0.000199227331493701,3.423886792366935e-11,4.497497090704047e-11,3.9606919415354907e-11,4332.176036680877
multi_5,B,1.0,1.325e-14,5e-07,3.0,27.0,1.5e-06,0.0002769980037124506,0.0002398896996472322,3.502738782767956e-11,3.940179751228062e-11,3.721459266998009e-11,4070.505077383658
multi_5,B,1.0,1.325e-14,5e-07,3.5,27.0,1.75e-06,0.000277322451889628,0.0002792973151826564,3.577362247298731e-11,3.559599489281167e-11,3.568480868289949e-11,3903.1784175990697
multi_5,B,1.0,1.325e-14,5e-07,4.0,27.0,2e-06,0.0002769842275197678,0.0003198989486777987,3.656300828156505e-11,3.263099364272411e-11,3.459700096214458e-11,3784.1948003439525
multi_5,B,1.0,2.55e-14,1e-07,2.0,27.0,2e-07,5.593757689548982e-05,3.073611211556837e-05,2.135840043039759e-10,3.513035313325665e-10,2.8244376781827117e-10,16052.501723118568
multi_5,B,1.0,2.55e-14,1e-07,2.5,27.0,2.5e-07,5.625073578782102e-05,3.919546808232251e-05,2.13782228272896e-10,2.789051361974963e-10,2.4634368223519613e-10,14000.777620642011
multi_5,B,1.0,2.55e-14,1e-07,3.0,27.0,3e-07,5.634847168852657e-05,4.631919061269726e-05,2.145750447438346e-10,2.357421063963322e-10,2.251585755700834e-10,12796.736321118695
multi_5,B,1.0,2.55e-14,1e-07,3.5,27.0,3.5e-07,5.641508846766143e-05,5.430636689079051e-05,2.154272955187841e-10,2.02721996140827e-10,2.0907464582980556e-10,11882.616983791168
multi_5,B,1.0,2.55e-14,1e-07,4.0,27.0,4e-07,5.646057558173194e-05,6.317961811737766e-05,2.163175175150622e-10,1.766724767309399e-10,1.9649499712300105e-10,11167.661103893213
multi_5,B,1.0,2.55e-14,2e-07,2.0,27.0,4e-07,0.0001124130231994498,6.336356312925545e-05,1.124265265704093e-10,1.989084827611722e-10,1.5566750466579074e-10,8847.258008854264
multi_5,B,1.0,2.55e-14,2e-07,2.5,27.0,5e-07,0.00011108602816546,7.753200922347038e-05,1.143364000780577e-10,1.630531797881837e-10,1.386947899331207e-10,7882.625173806236
multi_5,B,1.0,2.55e-14,2e-07,3.0,27.0,6e-07,0.000110990396943665,9.572788203221163e-05,1.153846858595281e-10,1.357132931762496e-10,1.2554898951788884e-10,7135.492442051086
multi_5,B,1.0,2.55e-14,2e-07,3.5,27.0,7e-07,0.0001108994127411703,0.0001099505465317302,1.164061058572407e-10,1.188222086928395e-10,1.176141572750401e-10,6684.5215842591715
multi_5,B,1.0,2.55e-14,2e-07,4.0,27.0,8e-07,0.00011081297071367,0.0001249187840244196,1.17406008334316e-10,1.057506853839334e-10,1.115783468591247e-10,6341.480355733147
multi_5,B,1.0,2.55e-14,3e-07,2.0,27.0,6e-07,0.0001689118105448247,9.531612842080214e-05,7.879798455212367e-11,1.372002129594965e-10,1.0799909875581008e-10,6138.056195271958
multi_5,B,1.0,2.55e-14,3e-07,2.5,27.0,7.5e-07,0.0001690465999830405,0.0001172881176834637,7.970518412192202e-11,1.128647573950123e-10,9.628497075846716e-11,5472.291603209274
multi_5,B,1.0,2.55e-14,3e-07,3.0,27.0,9e-07,0.000167009716214503,0.0001421606203341521,8.130243283997573e-11,9.551836548792464e-11,8.841039916395018e-11,5024.745618866166
multi_5,B,1.0,2.55e-14,3e-07,3.5,27.0,1.05e-06,0.0001668813961903583,0.0001674448383791494,8.225305617638759e-11,8.311441539934011e-11,8.268373578786385e-11,4699.274554581635
multi_5,B,1.0,2.55e-14,3e-07,4.0,27.0,1.2e-06,0.0001681956241087296,0.0001895282336863336,8.27259779933877e-11,7.451746371977303e-11,7.862172085658036e-11,4468.412665903971
multi_5,B,1.0,2.55e-14,4e-07,2.0,27.0,8e-07,0.0002235780602963649,0.0001253954533693572,6.243195435860651e-11,1.073394929701721e-10,8.48857236643893e-11,4824.423055662934
multi_5,B,1.0,2.55e-14,4e-07,2.5,27.0,1e-06,0.0002233107955836057,0.000158282866485312,6.341168622261663e-11,8.779023793357668e-11,7.560096207809666e-11,4296.729870877901
multi_5,B,1.0,2.55e-14,4e-07,3.0,27.0,1.2e-06,0.0002231286275161053,0.0001907334946210577,6.434743836572961e-11,7.490481614600649e-11,6.962612725586805e-11,3957.1541492394463
multi_5,B,1.0,2.55e-14,4e-07,3.5,27.0,1.4e-06,0.0002230152797584483,0.0002205483429688978,6.524457864830975e-11,6.624783653366878e-11,6.574620759098926e-11,3736.6415226478703
multi_5,B,1.0,2.55e-14,4e-07,4.0,27.0,1.6e-06,0.0002229592181607581,0.0002570026860597043,6.611005361697328e-11,5.888742432367397e-11,6.249873897032362e-11,3552.0738261053502
multi_5,B,1.0,2.55e-14,5e-07,2.0,27.0,1e-06,0.0002794905662060428,0.0001576657441474746,5.241204364899914e-11,8.871621142673389e-11,7.056412753786651e-11,4010.4647648687996
multi_5,B,1.0,2.55e-14,5e-07,2.5,27.0,1.2499999999999999e-06,0.0002793823712102614,0.0001994274947516637,5.333444604806442e-11,7.28288599226482e-11,6.308165298535631e-11,3585.2033523930845
multi_5,B,1.0,2.55e-14,5e-07,3.0,27.0,1.5e-06,0.0002793623349059665,0.0002366983677962046,5.421521840739365e-11,6.295915584217907e-11,5.858718712478636e-11,3329.76340578496
multi_5,B,1.0,2.55e-14,5e-07,3.5,27.0,1.75e-06,0.0002794086630163772,0.0002788524613674699,5.50593268073791e-11,5.542189997534628e-11,5.524061339136269e-11,3139.5631367640067
multi_5,B,1.0,2.55e-14,5e-07,4.0,27.0,2e-06,0.0002794999237124674,0.0003186100952342271,5.587510777988275e-11,4.998065244265491e-11,5.292788011126883e-11,3008.12049509911
multi_5,B,1.0,3.775e-14,1e-07,2.0,27.0,2e-07,5.602488803815704e-05,3.117759384934743e-05,3.107364236894806e-10,3.427434904490094e-10,3.26739957069245e-10,12544.004494452252
multi_5,B,1.0,3.775e-14,1e-07,2.5,27.0,2.5e-07,5.563534234515357e-05,3.911673105331295e-05,3.133045150868053e-10,2.746088603929948e-10,2.939566877399e-10,11285.408877623575
multi_5,B,1.0,3.775e-14,1e-07,3.0,27.0,3e-07,5.558079836624901e-05,4.683116150285537e-05,3.146374857818895e-10,2.30193263765552e-10,2.7241537477372076e-10,10458.40770798429
multi_5,B,1.0,3.775e-14,1e-07,3.5,27.0,3.5e-07,5.554101916998036e-05,5.542147280564485e-05,3.158790444212545e-10,1.957928628931793e-10,2.558359536572169e-10,9821.900514721834
multi_5,B,1.0,3.775e-14,1e-07,4.0,27.0,4e-07,5.551147936044516e-05,6.300893636208442e-05,3.170571176974672e-10,1.72711270450502e-10,2.448841940739846e-10,9401.447128284275
multi_5,B,1.0,3.775e-14,2e-07,2.0,27.0,4e-07,0.0001108957764196279,6.320174192555846e-05,1.623503658486627e-10,2.819154879915755e-10,2.221329269201191e-10,8527.994123049011
multi_5,B,1.0,3.775e-14,2e-07,2.5,27.0,5e-07,0.000110834286953563,7.732663697287683e-05,1.634545990973666e-10,2.302583787482224e-10,1.968564889227945e-10,7557.596273070142
multi_5,B,1.0,3.775e-14,2e-07,3.0,27.0,6e-07,0.0001107856576191394,9.439388439082445e-05,1.645200263505247e-10,1.91826703620402e-10,1.7817336498546335e-10,6840.324982645681
multi_5,B,1.0,3.775e-14,2e-07,3.5,27.0,7e-07,0.0001107458610769626,0.0001090139711448156,1.655549394557803e-10,1.667470926575205e-10,1.661510160566504e-10,6378.770172056836
multi_5,B,1.0,3.775e-14,2e-07,4.0,27.0,8e-07,0.0001120773212961326,0.0001267105964808122,1.651686239990901e-10,1.459781924052753e-10,1.555734082021827e-10,5972.680994421066
multi_5,B,1.0,3.775e-14,3e-07,2.0,27.0,6e-07,0.0001687763332227951,9.590348644817275e-05,1.110502051992276e-10,1.947677168962884e-10,1.52908961047758e-10,5870.389137067205
multi_5,B,1.0,3.775e-14,3e-07,2.5,27.0,7.5e-07,0.000167529886679796,0.0001179950148926602,1.125707155893672e-10,1.593210065440104e-10,1.359458610666888e-10,5219.151974918469
multi_5,B,1.0,3.775e-14,3e-07,3.0,27.0,9e-07,0.0001673433505248964,0.0001443098972732307,1.136267774504617e-10,1.33327032679988e-10,1.2347690506522483e-10,4740.45129341491
multi_5,B,1.0,3.775e-14,3e-07,3.5,27.0,1.05e-06,0.0001671603564797884,0.0001652118321080196,1.146609849958342e-10,1.169874338423163e-10,1.1582420941907525e-10,4446.653591288042
multi_5,B,1.0,3.775e-14,3e-07,4.0,27.0,1.2e-06,0.0001669887169523857,0.0001880119531658484,1.15670917719673e-10,1.04070609659248e-10,1.098707636894605e-10,4218.092472961341
multi_5,B,1.0,3.775e-14,4e-07,2.0,27.0,8e-07,0.0002232912868843435,0.000125714660875177,8.67432996523313e-11,1.512305443035366e-10,1.1898692197793396e-10,4568.0745552522885
multi_5,B,1.0,3.775e-14,4e-07,2.5,27.0,1e-06,0.0002230428171885283,0.0001576891440688911,8.777591903239587e-11,1.230161691903097e-10,1.0539604411135279e-10,4046.301722290155
multi_5,B,1.0,3.775e-14,4e-07,3.0,27.0,1.2e-06,0.0002230907025614111,0.0001875130276511985,8.872545396712612e-11,1.049543178197483e-10,9.683988589343721e-11,3717.818826890766
multi_5,B,1.0,3.775e-14,4e-07,3.5,27.0,1.4e-06,0.0002231208776616232,0.0002220197816114898,8.96381336229554e-11,9.09304128421237e-11,9.028427323253955e-11,3466.1396768419067
multi_5,B,1.0,3.775e-14,4e-07,4.0,27.0,1.6e-06,0.000223180595524468,0.00025590856976769,9.052186582262879e-11,8.066181170069451e-11,8.559183876166165e-11,3285.9905465653774
multi_5,B,1.0,3.775e-14,5e-07,2.0,27.0,1e-06,0.0002801931366320626,0.0001589045730026087,7.166179872314404e-11,1.233146120044263e-10,9.748820536378518e-11,3742.708719216247
multi_5,B,1.0,3.775e-14,5e-07,2.5,27.0,1.2499999999999999e-06,0.0002803603182649094,0.0001958034609528592,7.257867320491029e-11,1.017124538921056e-10,8.714556354850794e-11,3345.6402168541304
multi_5,B,1.0,3.775e-14,5e-07,3.0,27.0,1.5e-06,0.0002805406115865677,0.0002378955319294423,7.346303406381626e-11,8.605991513178367e-11,7.976147459779997e-11,3062.1547019022933
multi_5,B,1.0,3.775e-14,5e-07,3.5,27.0,1.75e-06,0.000280731556530905,0.0002754898104472589,7.431773950021962e-11,7.58478839515009e-11,7.508281172586026e-11,2882.534282593733
multi_5,B,1.0,3.775e-14,5e-07,4.0,27.0,2e-06,0.000280933841815426,0.0003159289705221214,7.514767642971073e-11,6.763156059216084e-11,7.138961851093579e-11,2740.747423397094
multi_5,B,1.0,5e-14,1e-07,2.0,27.0,2e-07,5.607082769392609e-05,3.117702214468095e-05,4.067839623868094e-10,2.376348136008796e-10,3.222093879938445e-10,9339.402550546218
multi_5,B,1.0,5e-14,1e-07,2.5,27.0,2.5e-07,5.639351361080365e-05,3.919098630698948e-05,4.061643847999639e-10,1.907122655707345e-10,2.984383251853492e-10,8650.386237256498
multi_5,B,1.0,5e-14,1e-07,3.0,27.0,3e-07,5.64421137016532e-05,4.73637870801223e-05,4.070814354969528e-10,1.58414163941583e-10,2.827477997192679e-10,8195.58839765994
multi_5,B,1.0,5e-14,1e-07,3.5,27.0,3.5e-07,5.647740107057815e-05,5.543957587063128e-05,4.080240764085406e-10,1.358663711395575e-10,2.7194522377404906e-10,7882.470254320263
multi_5,B,1.0,5e-14,1e-07,4.0,27.0,4e-07,5.650212962325583e-05,6.348871341936856e-05,4.089895854546474e-10,1.192290648540114e-10,2.641093251543294e-10,7655.342758096504
multi_5,B,1.0,5e-14,2e-07,2.0,27.0,4e-07,0.000112987172796097,6.283882287664944e-05,2.082266393071417e-10,3.407496344777391e-10,2.744881368924404e-10,7956.177880940302
multi_5,B,1.0,5e-14,2e-07,2.5,27.0,5e-07,0.0001129456835214495,7.892435771439072e-05,2.093533963821905e-10,2.737301671812879e-10,2.4154178178173923e-10,7001.211066137369
multi_5,B,1.0,5e-14,2e-07,3.0,27.0,6e-07,0.0001129177266584776,9.327772427878026e-05,2.104299581342514e-10,2.317537273290967e-10,2.2109184273167405e-10,6408.459209613741
multi_5,B,1.0,5e-14,2e-07,3.5,27.0,7e-07,0.0001128976948091736,0.0001101766596039727,2.114730958923783e-10,1.985125910595474e-10,2.0499284347596285e-10,5941.821550027909
multi_5,B,1.0,5e-14,2e-07,4.0,27.0,8e-07,0.0001128875702879182,0.0001283380850049583,2.124794413332295e-10,1.730103453508158e-10,1.9274489334202264e-10,5586.808502667323
multi_5,B,1.0,5e-14,3e-07,2.0,27.0,6e-07,0.0001685058409291466,9.423162070793758e-05,1.434145069053565e-10,2.531125335919562e-10,1.9826352024865635e-10,5746.768702859605
multi_5,B,1.0,5e-14,3e-07,2.5,27.0,7.5e-07,0.0001685404702512452,0.0001193268505031337,1.444080695742479e-10,2.034904380310032e-10,1.7394925380262556e-10,5042.007356597843
multi_5,B,1.0,5e-14,3e-07,3.0,27.0,9e-07,0.0001685837296099117,0.0001401086842154773,1.45369726090063e-10,1.734412967606794e-10,1.594055114253712e-10,4620.449606532498
multi_5,B,1.0,5e-14,3e-07,3.5,27.0,1.05e-06,0.0001686364124434513,0.000164959833137421,1.463057663173804e-10,1.494939873024419e-10,1.4789987680991113e-10,4286.952951011917
multi_5,B,1.0,5e-14,3e-07,4.0,27.0,1.2e-06,0.0001686937316782343,0.0001924938918724275,1.472204865936381e-10,1.308096654914614e-10,1.3901507604254973e-10,4029.422493986949
multi_5,B,1.0,5e-14,4e-07,2.0,27.0,8e-07,0.0002251050843155761,0.0001240105926242167,1.104220788838756e-10,1.966042513950658e-10,1.535131651394707e-10,4449.656960564368
multi_5,B,1.0,5e-14,4e-07,2.5,27.0,1e-06,0.0002249025316731772,0.0001570218638799074,1.113611664773235e-10,1.583703826117444e-10,1.3486577454453395e-10,3909.1528853488103
multi_5,B,1.0,5e-14,4e-07,3.0,27.0,1.2e-06,0.0002236902771950229,0.000190662711110268,1.128037795432095e-10,1.330413694800093e-10,1.229225745116094e-10,3562.973174249548
multi_5,B,1.0,5e-14,4e-07,3.5,27.0,1.4e-06,0.0002234128087136423,0.0002191264927186442,1.138449244824182e-10,1.165998677813153e-10,1.1522239613186676e-10,3339.7795980251235
multi_5,B,1.0,5e-14,4e-07,4.0,27.0,1.6e-06,0.000223156683356143,0.000251115524506332,1.148598879161086e-10,1.033238763819214e-10,1.09091882149015e-10,3162.08354055116
multi_5,B,1.0,5e-14,5e-07,2.0,27.0,1e-06,0.0002785829389106072,0.000157716673393383,9.134807093738297e-11,1.589121793706458e-10,1.2513012515401439e-10,3626.9601493917216
multi_5,B,1.0,5e-14,5e-07,2.5,27.0,1.2499999999999999e-06,0.0002784552229646989,0.0001982156732051855,9.234889219918106e-11,1.290195946539155e-10,1.1068424342654828e-10,3208.2389398999503
multi_5,B,1.0,5e-14,5e-07,3.0,27.0,1.5e-06,0.0002798942461816919,0.0002348118570322315,9.300648530945264e-11,1.101946248913389e-10,1.0160055510039577e-10,2944.9436260984285
multi_5,B,1.0,5e-14,5e-07,3.5,27.0,1.75e-06,0.0002799923741813158,0.0002759983395677835,9.390636147120654e-11,9.572737355595858e-11,9.481686751358256e-11,2748.3150003936976
multi_5,B,1.0,5e-14,5e-07,4.0,27.0,2e-06,0.0002801247252252368,0.0003213967823704818,9.477720259592385e-11,8.442994827021094e-11,8.960357543306739e-11,2597.2050850164464
