group,variant,VDD,CL,Wn,k,I_D_NMOS,I_D_PMOS,TpHL,TpLH,Tp,log_Tp,Req_HL,Req_LH,Req_avg,log_Req_avg
1,A,0.9,1e-15,2e-07,2.0,0.0001017677227945904,5.641415746277223e-05,1.969493795147981e-11,2.485507181907151e-11,2.227500488527566e-11,-10.65218219204314,28543.388335477986,36021.843216045665,32282.615775761828,4.508968717219605
1,A,0.9,1.325e-14,2e-07,2.0,0.0001283786219288179,0.0001030388531668603,7.451590562955323e-11,1.167348850519288e-10,9.562539534074102e-11,-10.019426756346066,8150.495556965079,12768.37681727414,10459.436187119609,4.019508274643853
1,A,0.9,2.55e-14,2e-07,2.0,0.0001304094362698294,0.000106346397935412,1.294993576657195e-10,2.107543229263075e-10,1.701268402960135e-10,-9.76922716391304,7360.008960825208,11978.08030271711,9669.04463177116,3.9853835649157485
1,A,0.9,3.775e-14,2e-07,2.0,0.0001309960585663331,0.0001076136123598985,1.870384012782597e-10,2.99546751912466e-10,2.4329257659536287e-10,-9.613871142170106,7180.6661398698425,11500.019269122413,9340.342704496128,3.9703628111274303
1,A,0.9,5e-14,2e-07,2.0,0.0001312983555510128,0.0001082626793450868,2.409116065259143e-10,3.982686253081749e-10,3.195901159170446e-10,-9.4954066607381,6982.9451166931685,11544.018124874636,9263.481620783903,3.9667742441886267
1,A,1.0,1e-15,2e-07,2.0,0.0001184910942830821,6.67790554804884e-05,1.739137307327436e-11,2.219428630545713e-11,1.9792829689365745e-11,-10.703492112280392,25204.888511991823,32165.632326749463,28685.260419370643,4.4576587969823525
1,A,1.0,1.325e-14,2e-07,2.0,0.0001582467772553495,0.0001263698946610297,6.632401110439128e-11,1.04824682043985e-10,8.557434657418814e-11,-10.067656408349102,7254.472092358906,11465.64747541537,9360.059783887138,3.971278622640816
1,A,1.0,2.55e-14,2e-07,2.0,0.0001612043713735921,0.0001309659240780743,1.150806939159433e-10,1.876754380285679e-10,1.513780659722556e-10,-9.819937047671532,6540.533896899307,10666.407390086271,8603.47064349279,3.9346736811572587
1,A,1.0,3.775e-14,2e-07,2.0,0.0001620341945918264,0.0001324929806797779,1.640091250342989e-10,2.691251591113374e-10,2.1656714207281816e-10,-9.66440743459409,6296.539976362374,10332.09172132978,8314.315848846076,3.9198265187034487
1,A,1.0,5e-14,2e-07,2.0,0.000162462359471589,0.0001336362520984132,2.170363410950586e-10,3.54472958045703e-10,2.857546495703808e-10,-9.544006694383839,6290.908437537931,10274.578494078349,8282.74346580814,3.9181742105428867
1,A,1.1,1e-15,2e-07,2.0,0.0001359006807412924,7.620578289123706e-05,1.57379557379186e-11,2.03119753324072e-11,1.80249655351629e-11,-10.744125557005365,22808.631504229856,29437.645409285797,26123.138456757828,4.41702535225738
1,A,1.1,1.325e-14,2e-07,2.0,0.000188812214631933,0.000150176494906682,6.048064281563734e-11,9.605571001458598e-11,7.826817641511166e-11,-10.106414784770642,6615.32871923843,10506.503693145856,8560.916206192143,3.9325202462192763
1,A,1.1,2.55e-14,2e-07,2.0,0.0001927809183184257,0.0001560525047655752,1.042392398499858e-10,1.710032492851751e-10,1.3762124456758045e-10,-9.861314518961734,5924.367141232499,9718.854747665539,7821.610944449019,3.8932962098670556
1,A,1.1,3.775e-14,2e-07,2.0,0.0001938846452228536,0.0001583197088292528,1.492565369662194e-10,2.475647103802401e-10,1.9841062367322976e-10,-9.702435077750698,5730.16746199134,9504.355902878977,7617.261682435159,3.8817988755468398
1,A,1.1,5e-14,2e-07,2.0,0.0001944552414450106,0.0001595503468460159,1.980958273673833e-10,3.233524335266523e-10,2.607241304470178e-10,-9.583818772303044,5741.908039634299,9372.534305120356,7557.221172377327,3.878362132623682
1,A,1.2,1e-15,2e-07,2.0,0.000155445291588813,8.538825217791115e-05,1.446399523337007e-11,1.90016947440474e-11,1.6732844988708737e-11,-10.776430212184437,20962.311932420394,27538.688034851308,24250.49998363585,4.384720697078309
1,A,1.2,1.325e-14,2e-07,2.0,0.0002206524466531837,0.000173836092933617,5.420796759642719e-11,8.897233233480433e-11,7.159014996561576e-11,-10.14514672782981,5929.2280663305655,9731.728994783083,7830.478530556824,3.8937883031601084
1,A,1.2,2.55e-14,2e-07,2.0,0.000223609848102285,0.0001814397993211331,9.884328006056758e-11,1.600943709090238e-10,1.2946882548479567e-10,-9.88783479181286,5617.691393041637,9098.855976642446,7358.273684842041,3.86677593701593
1,A,1.2,3.775e-14,2e-07,2.0,0.0002250285624552783,0.0001841978022874865,1.401363766774677e-10,2.282562240783022e-10,1.8419630037788496e-10,-9.734719096949188,5380.031737305604,8763.07607556588,7071.553906435742,3.84951485634835
1,A,1.2,5e-14,2e-07,2.0,0.0002257507054175335,0.0001857753499949661,1.840022152498166e-10,3.025767058300688e-10,2.4328946053994273e-10,-9.613876704585367,5333.397543472945,8770.339299422285,7051.868421447614,3.848304200341359
1,A,1.3,1e-15,2e-07,2.0,0.0001736855570992096,9.681222791784056e-05,1.341824250928233e-11,1.804714408616721e-11,1.573269329772477e-11,-10.80319692364407,19446.72827432222,26155.28128430031,22801.004779311264,4.357953985618675
1,A,1.3,1.325e-14,2e-07,2.0,0.0002520740227869999,0.0001978459635295457,5.173806571993006e-11,8.355203162940181e-11,6.764504867466593e-11,-10.169763986382934,5659.07199561718,9138.860446202003,7398.966220909591,3.8691710446069845
1,A,1.3,2.55e-14,2e-07,2.0,0.0002559182036583608,0.0002067548545588341,9.207036756809713e-11,1.505586729162956e-10,1.2131452024219635e-10,-9.916087214931798,5232.757463375797,8556.900989843458,6894.829226609627,3.8385235138969924
1,A,1.3,3.775e-14,2e-07,2.0,0.0002576228078070385,0.0002102860788516991,1.32862976132383e-10,2.163341526364987e-10,1.7459856438444084e-10,-9.757959331549571,5100.795705245533,8305.37105812453,6703.083381685032,3.8262746217479666
1,A,1.3,5e-14,2e-07,2.0,0.0002585109735870135,0.0002120411301792469,1.731536119511538e-10,2.848958501486022e-10,2.29024731049878e-10,-9.640117618190384,5018.945273946488,8257.850728944992,6638.398001445739,3.8220632867363413
1,B,0.9,1e-15,2e-07,2.8,0.0001073141791819598,0.0001291218555587114,1.885528845538453e-11,2.965730342227082e-11,2.4256295938827677e-11,-10.615175517407877,27326.50500780367,42981.59916271134,35154.05208525751,4.545975391854868
1,B,0.9,1.325e-14,2e-07,2.8,0.0001275870086300549,0.0001597414546618656,5.90129887889299e-11,1.2383398543377e-10,9.142348711134994e-11,-10.038942217696276,6454.797789327854,13544.871253351928,9999.834521339892,3.9999928132936415
1,B,0.9,2.55e-14,2e-07,2.8,0.0001292164168870238,0.0001612523478875005,9.665970103989658e-11,2.171433758260951e-10,1.5690153843299585e-10,-9.804372798097669,5493.589146910861,12341.197830411773,8917.393488661317,3.95023793073112
1,B,0.9,3.775e-14,2e-07,2.8,0.0001298048853696001,0.0001620278024600027,1.371668411103537e-10,3.070200631306655e-10,2.2209345212050962e-10,-9.653464245368006,5266.027108565265,11786.93015186354,8526.478630214402,3.930769707929531
1,B,0.9,5e-14,2e-07,2.8,0.0001301077791426872,0.0001624211561416443,1.752325522278708e-10,4.035309823471738e-10,2.893817672875223e-10,-9.538528835400344,5079.204412402053,11696.55021296156,8387.877312681807,3.9236520695263817
1,B,1.0,1e-15,2e-07,2.8,0.0001277357230014196,0.0001486098141923072,1.663381487478875e-11,2.623862464782959e-11,2.143621976130917e-11,-10.668851799275624,24106.978079403987,38026.99224323129,31066.985161317636,4.492299109987122
1,B,1.0,1.325e-14,2e-07,2.8,0.0001574006019589613,0.0001947934913778212,5.277175158274036e-11,1.099812649189808e-10,8.137650825086058e-11,-10.089500949035662,5772.135803417048,12029.670759527571,8900.90328147231,3.949434081954257
1,B,1.0,2.55e-14,2e-07,2.8,0.0001597340063370079,0.0001974834788548229,8.616272470291238e-11,1.911776823762063e-10,1.3867020353955933e-10,-9.858016846991058,4897.000551458505,10865.455093845201,7881.227822651853,3.896593881837731
1,B,1.0,3.775e-14,2e-07,2.8,0.0001606000504025686,0.0001988128805162379,1.217972653407991e-10,2.77615642751592e-10,1.9970645404619556e-10,-9.699607899519103,4675.96757235048,10658.053277726924,7667.010425038701,3.884626053778434
1,B,1.0,5e-14,2e-07,2.8,0.0001610468319213327,0.0001994653260607878,1.568331201328374e-10,3.558199669004494e-10,2.5632654351664337e-10,-9.591206418763392,4545.8875400822435,10313.622228998534,7429.754884540389,3.8709744861633335
1,B,1.1,1e-15,2e-07,2.8,0.000148506397434184,0.0001680612457667251,1.494803933402344e-11,2.378937920258187e-11,1.9368709268302654e-11,-10.71289931972132,21663.825121773105,34477.36116316213,28070.593142467616,4.4482515895414245
1,B,1.1,1.325e-14,2e-07,2.8,0.0001879591433316626,0.0002303447487765782,4.847456965765251e-11,1.002745743260748e-10,7.437457199186366e-11,-10.12857552051861,5302.113170101451,10967.960002852044,8135.036586476747,3.910359510471308
1,B,1.1,2.55e-14,2e-07,2.8,0.0001910453623346024,0.0002344929722038888,7.898421091209071e-11,1.769180514572772e-10,1.2795113118468396e-10,-9.892955870268436,4489.014544591687,10055.01855397995,7272.016549285818,3.8616548585603536
1,B,1.1,3.775e-14,2e-07,2.8,0.0001921655167201312,0.0002363212782273542,1.106872326895373e-10,2.526044326650082e-10,1.8164583267727275e-10,-9.740774561280624,4249.437861197325,9697.83789864702,6973.637879922173,3.8434593920169133
1,B,1.1,5e-14,2e-07,2.8,0.0001927582823412549,0.0002373461173707613,1.448954769760666e-10,3.292778370095202e-10,2.3708665699279343e-10,-9.625092887006465,4199.868897857003,9544.285130710732,6872.077014283867,3.83708801792026
1,B,1.2,1e-15,2e-07,2.8,0.0001713343058929532,0.0001855105332173982,1.364451238446226e-11,2.205103972883367e-11,1.7847776056647966e-11,-10.748415891960672,19774.65562965545,31958.028592512568,25866.34211108401,4.412735017302073
1,B,1.2,1.325e-14,2e-07,2.8,0.0002190203020809051,0.0002661097362804071,4.516986570184525e-11,9.340331820366027e-11,6.928659195275276e-11,-10.159350800082585,4940.647055164917,10216.38700614277,7578.517030653844,3.8795842309073336
1,B,1.2,2.55e-14,2e-07,2.8,0.0002228629479892573,0.0002715510443338966,7.289931086137714e-11,1.651307040424247e-10,1.190150074519009e-10,-9.924398271862914,4143.183339663379,9385.092585531385,6764.137962597382,3.830212456965875
1,B,1.2,3.775e-14,2e-07,2.8,0.0002243055436373221,0.0002741694689161616,1.031673232747859e-10,2.351687809812158e-10,1.6916805212800083e-10,-9.771681651312253,3960.738008437889,9028.458814904148,6494.598411671019,3.812552301985284
1,B,1.2,5e-14,2e-07,2.8,0.0002251195673445624,0.0002756127423668231,1.306024942490337e-10,3.065264246992763e-10,2.18564459474155e-10,-9.660420456792213,3785.5795434502525,8884.82390432685,6335.201723888551,3.8017604481345133
1,B,1.3,1e-15,2e-07,2.8,0.0001944303034815295,0.0002025244315490098,1.249698708120898e-11,2.077684902788931e-11,1.6636918054549144e-11,-10.7789271225086,18111.575480013016,30111.375402738133,24111.475441375573,4.382223786754145
1,B,1.3,1.325e-14,2e-07,2.8,0.0002501648236212818,0.0003062327324358067,4.249685047016123e-11,8.74412837582134e-11,6.496906711418731e-11,-10.187293369190757,4648.2745934001905,9564.264015117682,7106.269304258936,3.851641661799162
1,B,1.3,2.55e-14,2e-07,2.8,0.0002550010186305797,0.0003087855469436928,6.885982839309245e-11,1.550712398156584e-10,1.1196553410437543e-10,-9.950915643864374,3913.6020683769516,8813.369696826283,6363.485882601617,3.803695084964416
1,B,1.3,3.775e-14,2e-07,2.8,0.0002567625803787974,0.0003121997648298767,9.775829553595869e-11,2.197450912468809e-10,1.587516933914198e-10,-9.799281633427313,3753.077859140367,8436.32176780424,6094.6998134723035,3.7849523198702246
1,B,1.3,5e-14,2e-07,2.8,0.0002576738194464655,0.0003139551960832624,1.257399092213238e-10,2.895003670596269e-10,2.0762013814047534e-10,-9.682730524334579,3644.6350498934435,8391.314987235563,6017.9750185645025,3.7794503805921464
2,A,0.9,1.5e-14,1e-07,2.0,6.716382665365417e-05,5.244414392650326e-05,1.528299841091277e-10,2.366175586597861e-10,1.9472377138445691e-10,-9.710581027674007,14766.18203952925,22861.599870510738,18813.890955019993,4.274478622533056
2,A,0.9,1.5e-14,2e-07,2.0,0.0001287608472166765,0.0001037783975475972,8.184757472801736e-11,1.295936520464449e-10,1.0572061338723113e-10,-9.97584032577191,7907.978234591051,12521.125801588882,10214.552018089966,4.009219324435152
2,A,0.9,1.5e-14,3e-07,2.0,0.0001898644628130146,0.0001523104749658758,5.685682253781209e-11,9.322052045302785e-11,7.503867149541997e-11,-10.124714863425842,5493.41280558571,9006.813570340857,7250.113187963283,3.860344786781222
2,A,0.9,1.5e-14,4e-07,2.0,0.0002505023705142636,0.0001985936791370592,4.795784729207418e-11,7.439343287667605e-11,6.117564008437512e-11,-10.213421477903305,4633.60843401683,7187.771292432471,5910.68986322465,3.7716381723037595
2,A,0.9,1.5e-14,5e-07,2.0,0.0003093931272735896,0.0002429030764968375,4.031611891505689e-11,6.309583272993896e-11,5.170597582249792e-11,-10.286459261224078,3895.27718986057,6096.215722699418,4995.746456279994,3.6986003889829853
2,A,1.0,1.5e-14,1e-07,2.0,8.209057462502315e-05,6.456945385338953e-05,1.375094913362742e-10,2.151745566600207e-10,1.7634202399814744e-10,-9.753644178820016,13285.941191910553,20789.812237683163,17037.876714796857,4.231415471387049
2,A,1.0,1.5e-14,2e-07,2.0,0.0001587842277082648,0.000127500233867386,7.346938177385024e-11,1.159097664846609e-10,9.468957412925556e-11,-10.023697836703148,7098.490992642536,11199.01125455661,9148.751123599573,3.9613618135039155
2,A,1.0,1.5e-14,3e-07,2.0,0.0002354866585542802,0.0001865980876843976,5.288082849420052e-11,8.237386229382543e-11,6.762734539401297e-11,-10.169877659792737,5109.258791710196,7958.827274765743,6534.043033237969,3.815181990414326
2,A,1.0,1.5e-14,4e-07,2.0,0.0003088656963016421,0.00024199197875582,4.184677039054268e-11,6.632270000799746e-11,5.408473519927007e-11,-10.266925292271903,4043.1662213084724,6407.990338936954,5225.578280122713,3.718134357935161
2,A,1.0,1.5e-14,5e-07,2.0,0.0003815979029347452,0.0002962842459477087,3.80651931431932e-11,5.586013881189366e-11,4.696266597754343e-11,-10.328247257022968,3677.796438955865,5397.114861052529,4537.455650004197,3.6568123931840963
2,A,1.1,1.5e-14,1e-07,2.0,9.692400644440947e-05,7.683797317227713e-05,1.252560134740889e-10,1.979070630624087e-10,1.615815382682488e-10,-9.791608261669433,12102.030287351587,19121.45536834867,15611.742827850128,4.193451388537631
2,A,1.1,1.5e-14,2e-07,2.0,0.000189524777354247,0.0001515252486548215,6.614879435434824e-11,1.067561797889789e-10,8.645248707166357e-11,-10.063222508393958,6391.187860323503,10314.606742896514,8352.897301610008,3.9218371418131057
2,A,1.1,1.5e-14,3e-07,2.0,0.0002802626721787588,0.0002209667888998661,4.823836780796001e-11,7.574932573641456e-11,6.199384677218729e-11,-10.207651414461447,4660.711865503384,7318.775433470008,5989.743649486696,3.7774082357456176
2,A,1.1,1.5e-14,4e-07,2.0,0.0003688880633562617,0.0002854293418484523,3.911377438851567e-11,5.9866368764075e-11,4.9490071576295334e-11,-10.305481918078769,3779.1086365715632,5784.190218751209,4781.649427661386,3.679577732128295
2,A,1.1,1.5e-14,5e-07,2.0,0.0004559115493181307,0.0003492779549171384,3.501655858145569e-11,5.110515635594162e-11,4.306085746869866e-11,-10.365917326342153,3383.242375019874,4937.696266274554,4160.469320647214,3.61914232386491
2,A,1.2,1.5e-14,1e-07,2.0,0.0001124132702014254,8.949455846261728e-05,1.16522109258689e-10,1.851378157353511e-10,1.5082996249702005e-10,-9.821512376937347,11258.174807602803,17887.711665251318,14572.943236427061,4.163547273269716
2,A,1.2,1.5e-14,2e-07,2.0,0.0002207145075318424,0.0001758240222221505,6.228465654352447e-11,9.94144584591236e-11,8.084955750132404e-11,-10.092322352693376,6017.841211934733,9605.261686871847,7811.5514494032905,3.8927372975136874
2,A,1.2,1.5e-14,3e-07,2.0,0.0003273654719598951,0.0002541533967666933,4.278057562429793e-11,7.033557932983827e-11,5.65580774770681e-11,-10.24750536150414,4133.3889492075305,6795.708147810462,5464.548548508996,3.7375542887029227
2,A,1.2,1.5e-14,4e-07,2.0,0.0004312719645897158,0.0003300256145660589,3.666294785384337e-11,5.58286166986207e-11,4.624578227623203e-11,-10.33492786979382,3542.313802303708,5394.069246243546,4468.191524273627,3.6501317804132434
2,A,1.2,1.5e-14,5e-07,2.0,0.0005325452925971376,0.0004040866497702585,3.260498715278578e-11,4.730448390601234e-11,3.995473552939906e-11,-10.398431739694052,3150.240304616984,4570.481536812787,3860.3609207148857,3.586627910513011
2,A,1.3,1.5e-14,1e-07,2.0,0.0001278817065683517,0.0001019534007288822,1.108711225801452e-10,1.75716291833709e-10,1.4329370720692712e-10,-9.84377288137736,10712.185756535771,16977.419500841454,13844.802628688612,4.141286768829704
2,A,1.3,1.5e-14,2e-07,2.0,0.0002531803031064307,0.0001998276316332761,5.709263081027572e-11,9.354771163025748e-11,7.53201712202666e-11,-10.123088701401889,5516.196213553211,9038.426244469323,7277.311229011268,3.861970948805175
2,A,1.3,1.5e-14,3e-07,2.0,0.0003747602600195193,0.0002898179187861393,4.220033577265707e-11,6.610623244103258e-11,5.4153284106844823e-11,-10.26637520060409,4077.327127792954,6387.0755981674,5232.201362980177,3.7186844496029736
2,A,1.3,1.5e-14,4e-07,2.0,0.0004932155041618571,0.0003766358917274057,3.557373414390891e-11,5.285228573644595e-11,4.421300994017743e-11,-10.354449918120297,3437.0757626965137,5106.501037337774,4271.788400017143,3.630609732086767
2,A,1.3,1.5e-14,5e-07,2.0,0.0006073428416808043,0.0004559552265184185,3.076835410484262e-11,4.46298918955673e-11,3.769912300020496e-11,-10.423668752727941,2972.787836216679,4312.066849813266,3642.4273430149724,3.5613908974791224
2,B,0.9,2e-14,1e-07,2.8,6.621495901978184e-05,8.007053388434344e-05,1.449115405513654e-10,3.196435065061558e-10,2.322775235287606e-10,-9.633992812927707,10500.836271838074,23162.572935228683,16831.704603533377,4.226128100671057
2,B,0.9,2e-14,2e-07,2.8,0.0001287240781131008,0.0001603569573600609,7.815703010416755e-11,1.734009174061831e-10,1.2577897375517531e-10,-9.900391953050647,5663.552906099098,12565.28387001327,9114.418388056185,3.9597289605481167
2,B,0.9,2e-14,3e-07,2.8,0.0001908129310034719,0.000240515803937427,5.88337058882114e-11,1.241995140654452e-10,9.15166099768283e-11,-10.038500075697304,4263.312020884884,8999.964787351102,6631.638404117994,3.8216208379014596
2,B,0.9,2e-14,4e-07,2.8,0.0002520461062504366,0.0003187996416879846,4.798567589012722e-11,9.931574356124009e-11,7.365070972568365e-11,-10.132823063777726,3477.222890588929,7196.793011684065,5337.0079511364975,3.727297849821038
2,B,0.9,2e-14,5e-07,2.8,0.0003124633935628731,0.0004055385232734428,4.165895826703093e-11,8.410315664399359e-11,6.288105745551226e-11,-10.20148016348213,3018.765091813836,6094.431640869102,4556.598366341469,3.658640750116634
2,B,1.0,2e-14,1e-07,2.8,8.107118785199192e-05,9.808726141817031e-05,1.280719444436559e-10,2.872491514824478e-10,2.0766054796305187e-10,-9.682646004328703,9280.575684322892,20815.155904525207,15047.86579442405,4.177474909270061
2,B,1.0,2e-14,2e-07,2.8,0.0001590661272401807,0.0001965880561602946,7.060746982210874e-11,1.563721749562337e-10,1.1348982238917122e-10,-9.945043083655081,5116.483320442662,11331.317025814038,8223.90017312835,3.915077829943682
2,B,1.0,2e-14,3e-07,2.8,0.0002361853778917913,0.0002933288735929786,5.260445235235047e-11,1.098499374147923e-10,8.122719488357138e-11,-10.090298544520444,3811.916837126846,7960.140392376255,5886.028614751551,3.769822369078321
2,B,1.0,2e-14,4e-07,2.8,0.0003119842941965624,0.0003878269146172484,4.310856184585981e-11,8.793710796629556e-11,6.552283490607769e-11,-10.183607320688546,3123.8088294101312,6372.254200456201,4748.031514933166,3.6765135929102177
2,B,1.0,2e-14,5e-07,2.8,0.0003860109567337272,0.0004909288941733424,3.740397683515305e-11,7.428166585113013e-11,5.5842821343141587e-11,-10.253032647999424,2710.433103996598,5382.729409502183,4046.581256749391,3.6070882655993395
2,B,1.1,2e-14,1e-07,2.8,9.627605418434662e-05,0.0001167153779185992,1.185254672574586e-10,2.658302353759197e-10,1.9217785131668913e-10,-9.716296666642627,8588.80197517816,19263.060534486936,13925.931254832547,4.143824246956137
2,B,1.1,2e-14,2e-07,2.8,0.0001901107230588495,0.0002327379176486867,6.429991639212182e-11,1.421461330007134e-10,1.0322302469641761e-10,-9.986223419149836,4659.414231313176,10300.444420341551,7479.929325827364,3.8738974944489275
2,B,1.1,2e-14,3e-07,2.8,0.0002825331800609494,0.000346891319891903,4.824841711860661e-11,1.00427627692285e-10,7.43380224054458e-11,-10.12878899650672,3496.2621100439574,7277.364325527899,5386.813217785928,3.731331917092043
2,B,1.1,2e-14,4e-07,2.8,0.0003730498121908432,0.0004664749095343632,3.957443027413777e-11,7.906253471190887e-11,5.931848249302332e-11,-10.226809967780811,2867.712338705636,5729.169182022382,4298.440760364009,3.6333109458179518
2,B,1.1,2e-14,5e-07,2.8,0.0004612915450803915,0.0005761448052165638,3.433397262707427e-11,6.733506938484404e-11,5.083452100595915e-11,-10.293841264276683,2487.9690309474113,4879.352853974206,3683.6609424608087,3.5662796493220803
2,B,1.2,2e-14,1e-07,2.8,0.0001117552837075416,0.0001354471357806003,1.10773470757022e-10,2.475255318577749e-10,1.7914950130739845e-10,-9.746784396427518,8027.063098334928,17936.632743317023,12981.847920825976,4.113336517171245
2,B,1.2,2e-14,2e-07,2.8,0.0002216988950526054,0.0002692870111115492,5.949440007807047e-11,1.323096734728453e-10,9.590203677545789e-11,-10.01817216914895,4311.188411454382,9587.65749803227,6949.422954743326,3.841948744449813
2,B,1.2,2e-14,3e-07,2.8,0.0003297337708102944,0.0004007670843826496,4.497488070416927e-11,9.327175013490341e-11,6.912331541953634e-11,-10.160375439599209,3259.049326389078,6758.822473543726,5008.935899966402,3.6997454739995552
2,B,1.2,2e-14,4e-07,2.8,0.0004347989734066487,0.0005361968205257153,3.678024938510126e-11,7.399329638154462e-11,5.538677288332294e-11,-10.256593938333987,2665.235462688497,5361.833071126422,4013.5342669074594,3.6035269752647765
2,B,1.2,2e-14,5e-07,2.8,0.0005383118747775569,0.0006602773280698722,3.196250648357847e-11,6.216437248741353e-11,4.7063439485496e-11,-10.327316336935027,2316.123658230324,4504.664673000981,3410.394165615652,3.5328045766637373
2,B,1.3,2e-14,1e-07,2.8,0.0001273852385081482,0.0001537483950674885,1.025520036824828e-10,2.366405279733659e-10,1.6959626582792435e-10,-9.770583714273766,7431.304614672667,17147.86434589608,12289.584480284373,4.089537199324998
2,B,1.3,2e-14,2e-07,2.8,0.0002535342674447465,0.0003059254474079091,5.581362244140583e-11,1.236690988078491e-10,8.974136062462746e-11,-10.047007350144064,4044.4653943047706,8961.528899119501,6502.997146712136,3.8131135634547006
2,B,1.3,2e-14,3e-07,2.8,0.0003767186854399453,0.0004611959781599033,4.229788348074026e-11,8.714808516688876e-11,6.472298432381451e-11,-10.188941465971125,3065.0640203434973,6315.078635281795,4690.071327812646,3.671179447627638
2,B,1.3,2e-14,4e-07,2.8,0.0004973852360151041,0.0006049946400141507,3.460674358879392e-11,6.943676016021306e-11,5.202175187450349e-11,-10.283815026676498,2507.735042666226,5031.649286971961,3769.6921648190937,3.576305886922265
2,B,1.3,2e-14,5e-07,2.8,0.0006155510562323637,0.000742718999147845,3.006682089846412e-11,5.816968545892865e-11,4.411825317869639e-11,-10.355381691378527,2178.755137569864,4215.194598473091,3196.9748680214775,3.504739222220236
3,A,0.9,1.5e-14,2e-07,2.0,0.000175697396365094,0.0001187516910745608,7.31401610419836e-11,9.557114060756873e-11,8.435565082477617e-11,-10.073885819538186,7066.682226278611,9233.926628750603,8150.304427514608,3.9111738306688784
3,A,1.0,1.5e-14,2e-07,2.0,0.0002162691372529111,0.0001443634144237148,6.312917857056783e-11,8.519772086208955e-11,7.416344971632869e-11,-10.129810077165597,6099.437543050033,8231.66385140962,7165.550697229826,3.8552495730414664
3,A,1.1,1.5e-14,2e-07,2.0,0.0002563847420048621,0.000171603386186613,5.95031432673816e-11,7.781229324436555e-11,6.865771825587358e-11,-10.16331063384574,5749.095967862957,7518.095965639185,6633.595966751071,3.821749016361324
3,A,1.2,1.5e-14,2e-07,2.0,0.0002984255328561004,0.0001977771164857343,5.537741584165589e-11,7.296373982685149e-11,6.417057783425369e-11,-10.19266405001693,5350.474960546464,7049.636698246522,6200.055829396493,3.7923956001901344
3,A,1.3,1.5e-14,2e-07,2.0,0.0003395247897714168,0.0002239151132521588,5.061325569669351e-11,6.916631439958837e-11,5.988978504814094e-11,-10.2226472456497,4890.169632530775,6682.7356907814865,5786.452661656131,3.7624124045573635
3,B,0.9,2e-14,2e-07,2.8,0.000176489653651036,0.0001821956641369245,7.054101140308381e-11,1.262123012887358e-10,9.83766563459098e-11,-10.007107942451603,5111.667492977088,9145.818933966362,7128.7432134717255,3.8530129711471606
3,B,1.0,2e-14,2e-07,2.8,0.0002171162695014108,0.0002220408768025382,6.271050300702056e-11,1.128635038509719e-10,8.778700342899623e-11,-10.056569775174339,4544.239348334824,8178.514771809559,6361.377060072191,3.8035511384244254
3,B,1.1,2e-14,2e-07,2.8,0.0002582122978860208,0.0002622302753071543,5.77544245121449e-11,1.043798017523527e-10,8.10671131322488e-11,-10.09115529229736,4185.103225517747,7563.7537501704865,5874.428487844117,3.768965621301403
3,B,1.2,2e-14,2e-07,2.8,0.0002995145267120086,0.0003059751788688875,5.40739310072164e-11,9.699570038613437e-11,7.553481569667539e-11,-10.121852826122083,3918.4007976243774,7028.673941024231,5473.537369324304,3.7382680874766803
3,B,1.3,2e-14,2e-07,2.8,0.0003408240773945685,0.0003412143338374555,5.067197435710613e-11,9.115901007026678e-11,7.091549221368645e-11,-10.149258878386146,3671.8821997902996,6605.725367410637,5138.803783600468,3.7108620352126174
4,A,0.9,1e-15,1e-07,2.0,5.782173881327647e-05,3.785047052014668e-05,2.599634334088442e-11,3.213598832559906e-11,2.906616583324174e-11,-10.536612252965996,37675.85991432525,46573.89612405661,42124.87801919093,4.624538656296749
4,A,0.9,1e-15,2e-07,2.0,0.0001017677227945895,5.641415746277214e-05,1.969493795147981e-11,2.485507181907151e-11,2.227500488527566e-11,-10.65218219204314,28543.388335477986,36021.843216045665,32282.615775761828,4.508968717219605
4,A,0.9,1e-15,3e-07,2.0,0.0001410126869925563,7.33262215992239e-05,1.731921013097091e-11,2.213519654991218e-11,1.9727203340441546e-11,-10.704934478858451,25100.304537639,32079.994999872728,28590.149768755866,4.456216430404294
4,A,0.9,1e-15,4e-07,2.0,0.0001797448830258667,8.649129614205331e-05,1.613083336337241e-11,2.074673856002859e-11,1.84387859617005e-11,-10.734267676964135,23378.01936720639,30067.737043519697,26722.878205363042,4.426883232298609
4,A,0.9,1e-15,5e-07,2.0,0.0002170472446919954,0.000101347768319534,1.537170390680365e-11,1.985513115392728e-11,1.7613417530365467e-11,-10.754156369723859,22277.831748990797,28775.55239699606,25526.692072993428,4.4069945395388865
4,A,0.9,1.325e-14,1e-07,2.0,6.704089561858655e-05,5.222981443821359e-05,1.376759035016361e-10,2.127256675019446e-10,1.7520078550179036e-10,-9.75646395103136,15058.89018338924,23267.778780633813,19163.334482011527,4.282471079958557
4,A,0.9,1.325e-14,2e-07,2.0,0.0001283786219288163,0.0001030388531668763,7.451590562963926e-11,1.167348850519246e-10,9.562539534078193e-11,-10.01942675634588,8150.495556974489,12768.37681727368,10459.436187124084,4.019508274644038
4,A,0.9,1.325e-14,3e-07,2.0,0.0001890959255415817,0.0001506324234120239,5.407767327668786e-11,8.364171119827441e-11,6.885969223748114e-11,-10.162034922669138,5914.976568409938,9148.669532214866,7531.823050312402,3.876900108320781
4,A,0.9,1.325e-14,4e-07,2.0,0.0002487282796143799,0.0001962504199326971,4.288871050360233e-11,6.791256286359739e-11,5.540063668359986e-11,-10.256485244177973,4691.135958829897,7428.22672831254,6059.681343571219,3.7824497868119447
4,A,0.9,1.325e-14,5e-07,2.0,0.0003071983007932443,0.0002390121012021525,3.809187310283397e-11,5.736235125993155e-11,4.772711218138276e-11,-10.321234842642601,4166.46137301985,6274.252257033804,5220.3568150268275,3.717700188347316
4,A,0.9,2.55e-14,1e-07,2.0,6.755295755018131e-05,5.315607912263714e-05,2.482702901906158e-10,3.934131516831148e-10,3.208417209368653e-10,-9.493709162848791,14110.275088980727,22359.372076335032,18234.82358265788,4.260901565979999
4,A,0.9,2.55e-14,2e-07,2.0,0.0001304094362698289,0.000106346397935533,1.294993576674153e-10,2.107543229273588e-10,1.7012684029738704e-10,-9.769227163909534,7360.0089609215875,11978.08030277686,9669.044631849223,3.985383564919255
4,A,0.9,2.55e-14,3e-07,2.0,0.0001923481226236636,0.000157826033358577,9.059164041807741e-11,1.45767187766325e-10,1.181794140922012e-10,-9.927458167488478,5148.71499960656,8284.580151538792,6716.647575572676,3.827152561340311
4,A,0.9,2.55e-14,4e-07,2.0,0.0002542266533584783,0.0002070723196660832,6.914888232957086e-11,1.148915270189327e-10,9.202020467425178e-11,-10.036116805098615,3930.0302545934,6529.782723440337,5229.906489016868,3.7184939237301737
4,A,0.9,2.55e-14,5e-07,2.0,0.0003154299583442463,0.0002554313513745538,5.800564546672821e-11,9.522565853585722e-11,7.661565200129272e-11,-10.115682498208155,3296.711876483559,5412.08630496489,4354.399090724224,3.6389282306206345
4,A,0.9,3.775e-14,1e-07,2.0,6.773637902884907e-05,5.348958242969328e-05,3.671694505267911e-10,5.767648134677216e-10,4.719671319972563e-10,-9.326088244775338,14096.149362771519,22142.808847978566,18119.47910537504,4.2581457085222
4,A,0.9,3.775e-14,2e-07,2.0,0.000130996058566333,0.0001076136123600046,1.870384012790174e-10,2.995467519127328e-10,2.432925765958751e-10,-9.613871142169193,7180.666139898933,11500.019269132656,9340.342704515795,3.9703628111283447
4,A,0.9,3.775e-14,3e-07,2.0,0.0001940906950722226,0.0001603946823465147,1.271719433300518e-10,2.070824292989917e-10,1.6712718631452174e-10,-9.776952898364982,4882.308986660977,7950.184443765878,6416.246715213428,3.807281054932556
4,A,0.9,3.775e-14,4e-07,2.0,0.0002569395036371258,0.0002121186883519046,9.668787974520446e-11,1.625587916636291e-10,1.2962333570441678e-10,-9.887316806680266,3711.983098001899,6240.859647322359,4976.421372662129,3.696917146617272
4,A,0.9,3.775e-14,5e-07,2.0,0.0003185493250036884,0.0002623676408390674,8.138982288143805e-11,1.320264478613991e-10,1.0670813537141857e-10,-9.97180246893327,3124.66927273013,5068.6802135099,4096.674743120015,3.6124314843642686
4,A,0.9,5e-14,1e-07,2.0,6.783067670686061e-05,5.366562742481007e-05,4.76757487909644e-10,7.547469264614776e-10,6.157522071855608e-10,-9.210594022742141,13819.05762056939,21876.722506129787,17847.890063349587,4.251586882184585
4,A,0.9,5e-14,2e-07,2.0,0.0001312983555510129,0.0001082626793450811,2.409116065249713e-10,3.982686253054192e-10,3.1959011591519524e-10,-9.495406660740613,6982.9451166658355,11544.01812479476,9263.481620730297,3.9667742441861136
4,A,0.9,5e-14,3e-07,2.0,0.0001947150930513914,0.0001618974413051795,1.639025700738919e-10,2.725712918088692e-10,2.1823693094138053e-10,-9.661071754449363,4750.799132576577,7900.617153880266,6325.708143228421,3.8011091504773633
4,A,0.9,5e-14,4e-07,2.0,0.000258020415196246,0.0002144385319352192,1.260791594048254e-10,2.062896217305223e-10,1.6618439056767384e-10,-9.779409771217908,3654.468388545664,5979.409325522386,4816.938857034025,3.6827711337088167
4,A,0.9,5e-14,5e-07,2.0,0.0003201923845271032,0.0002661056805234607,1.028278490700834e-10,1.706816409180401e-10,1.3675474499406176e-10,-9.864057595970863,2980.5173643502435,4947.293939653337,3963.9056520017903,3.598123308955863
4,A,1.0,1e-15,1e-07,2.0,6.879281150208649e-05,4.422765022697743e-05,2.354314449410373e-11,2.922611756102611e-11,2.6384631027564923e-11,-10.578648974778993,34120.499266817,42356.69211742915,38238.595692123075,4.582501934483752
4,A,1.0,1e-15,2e-07,2.0,0.0001184910942830821,6.677905548048859e-05,1.739137307327436e-11,2.219428630545754e-11,1.979282968936595e-11,-10.703492112280388,25204.888511991823,32165.63232675006,28685.26041937094,4.457658796982357
4,A,1.0,1e-15,3e-07,2.0,0.0001657153014578784,8.466451133303603e-05,1.519805644918303e-11,1.958368553170862e-11,1.7390870990445828e-11,-10.7596786665958,22026.16876693193,28382.15294450525,25204.16085571859,4.401472242666944
4,A,1.0,1e-15,4e-07,2.0,0.0002091736215705551,0.0001034812529693718,1.40435901742623e-11,1.829441861708408e-11,1.616900439567319e-11,-10.791316720896138,20353.029238061306,26513.650169687076,23433.33970387419,4.369834188366607
4,A,1.0,1e-15,5e-07,2.0,0.0002541817533670884,0.0001217386527858407,1.331939458786223e-11,1.747668461463997e-11,1.53980396012511e-11,-10.812534567770939,19303.47041719164,25328.528427014448,22315.999422103043,4.348616341491806
4,A,1.0,1.325e-14,1e-07,2.0,8.192387331547337e-05,6.425074549607141e-05,1.23181834799115e-10,1.924530907864242e-10,1.578174627927696e-10,-9.801844942983813,13473.539491289583,21050.379085198165,17261.959288243874,4.237090088006105
4,A,1.0,1.325e-14,2e-07,2.0,0.0001582467772553494,0.0001263698946610652,6.632401110442768e-11,1.048246820439863e-10,8.5574346574207e-11,-10.067656408349006,7254.4720923628865,11465.647475415512,9360.059783889199,3.9712786226409116
4,A,1.0,1.325e-14,3e-07,2.0,0.0002334713433859021,0.0001840510443192553,4.82501492485256e-11,7.495576646475155e-11,6.160295785663858e-11,-10.210398434751541,5277.566228988308,8198.607215176544,6738.086722082426,3.828536596238376
4,A,1.0,1.325e-14,4e-07,2.0,0.0003070303978013098,0.0002391601874155047,3.778453811480762e-11,6.041632914650147e-11,4.9100433630654546e-11,-10.30891467238683,4132.845295576442,6608.294136888321,5370.569716232381,3.7300203586030873
4,A,1.0,1.325e-14,5e-07,2.0,0.0003788108884298477,0.0002923893832697305,3.527552929004044e-11,5.138487263038127e-11,4.3330200960210855e-11,-10.36320929675588,3858.4117353065844,5620.439992385154,4739.42586384587,3.6757257342340384
4,A,1.0,2.55e-14,1e-07,2.0,8.26189123624254e-05,6.546204439574675e-05,2.245949618870299e-10,3.578704499895381e-10,2.91232705938284e-10,-9.53575985459621,12764.703716227903,20339.32651261939,16552.015114423648,4.218850874232581
4,A,1.0,2.55e-14,2e-07,2.0,0.0001612043713735923,0.0001309659240780965,1.150806939161666e-10,1.876754380286618e-10,1.513780659724142e-10,-9.819937047671075,6540.533896911998,10666.407390091606,8603.470643501802,3.9346736811577134
4,A,1.0,2.55e-14,3e-07,2.0,0.000238114067188585,0.0001938926394314833,8.077071133308963e-11,1.297310114294858e-10,1.0525086138128771e-10,-9.977774341177717,4590.549095373097,7373.174846802263,5981.86197108768,3.776836387651073
4,A,1.0,2.55e-14,4e-07,2.0,0.0003149086568794811,0.0002534147007878565,6.177305216378912e-11,1.021473302239889e-10,8.196019119388901e-11,-10.086397037162568,3510.8299041653386,5805.474863540149,4658.152383852744,3.668213691666221
4,A,1.0,2.55e-14,5e-07,2.0,0.000390703692163015,0.0003125861845492233,5.3476927859675e-11,8.402337734560435e-11,6.875015260263967e-11,-10.16272633350627,3039.3252548834903,4775.41218218837,3907.3687185359304,3.5918843953225195
4,A,1.0,3.775e-14,1e-07,2.0,8.286829156090104e-05,6.595447108942211e-05,3.247992575265637e-10,5.19819818815132e-10,4.2230953817084784e-10,-9.374369109604723,12469.498321396057,19956.610761690452,16213.054541543253,4.209864843692815
4,A,1.0,3.775e-14,2e-07,2.0,0.0001620341945918255,0.0001324929806797629,1.640091250342129e-10,2.691251591112567e-10,2.165671420727348e-10,-9.664407434594256,6296.539976359072,10332.091721326682,8314.315848842878,3.9198265187032812
4,A,1.0,3.775e-14,3e-07,2.0,0.0002408195724289482,0.0001974155283483352,1.138925069394389e-10,1.845194300207422e-10,1.4920596848009055e-10,-9.826213804034099,4372.4928280809645,7083.959305911977,5728.226066996471,3.758020149263439
4,A,1.0,3.775e-14,4e-07,2.0,0.0003191183342923128,0.0002607526342156578,8.767437331337761e-11,1.440017529063157e-10,1.1583806310984666e-10,-9.936148712781408,3365.9419642337125,5528.428943519176,4447.185453876444,3.6480852405161293
4,A,1.0,3.775e-14,5e-07,2.0,0.0003951934987644521,0.0003223920593912072,7.165482840258609e-11,1.18264171359629e-10,9.495949988110754e-11,-10.022461581326498,2750.9292025179425,4540.327146928842,3645.6281747233925,3.5617723719710392
4,A,1.0,5e-14,1e-07,2.0,8.299657361895044e-05,6.624030823487685e-05,4.309691514860316e-10,6.846860553699809e-10,5.578276034280062e-10,-9.253499998998162,12491.859463363237,19845.972619419736,16168.916041391487,4.2086809059285635
4,A,1.0,5e-14,2e-07,2.0,0.0001624623594715888,0.0001336362520984003,2.170363410944201e-10,3.54472958045315e-10,2.8575464956986753e-10,-9.544006694384619,6290.908437519423,10274.578494067102,8282.743465793263,3.9181742105421065
4,A,1.0,5e-14,3e-07,2.0,0.000241716346483519,0.0001995203578098165,1.458491558897568e-10,2.422151327987272e-10,1.94032144344242e-10,-9.712126316693931,4227.511764920488,7020.728486919628,5624.120125920058,3.7500545882327954
4,A,1.0,5e-14,4e-07,2.0,0.0003206761623995722,0.0002641461957395657,1.131313307760153e-10,1.843990404885732e-10,1.4876518563229425e-10,-9.82749869148382,3279.1690080004437,5344.89972430647,4312.034366153457,3.6346822134429067
4,A,1.0,5e-14,5e-07,2.0,0.0003990923845169231,0.0003275227041620498,9.257522050045204e-11,1.519042436148555e-10,1.2223973205765377e-10,-9.912787610715457,2683.339724650784,4403.021554053783,3543.1806393522834,3.5493932942112694
4,A,1.1,1e-15,1e-07,2.0,7.9706982258656e-05,4.961088827536043e-05,2.165557449868465e-11,2.718717638095044e-11,2.4421375439817544e-11,-10.612229879739989,31384.890577803842,39401.704899928176,35393.29773886601,4.548921029522756
4,A,1.1,1e-15,2e-07,2.0,0.0001359006807412853,7.62057828912371e-05,1.57379557379186e-11,2.03119753324072e-11,1.80249655351629e-11,-10.744125557005365,22808.631504229856,29437.645409285797,26123.138456757828,4.41702535225738
4,A,1.1,1e-15,3e-07,2.0,0.0001898486904047835,9.919859324007459e-05,1.358855299433065e-11,1.7840430117724e-11,1.5714491556027326e-11,-10.80369966606122,19693.555064247317,25855.69582278841,22774.625443517863,4.357451243201524
4,A,1.1,1e-15,4e-07,2.0,0.0002412304675545343,0.0001212860959464258,1.252162349851331e-11,1.661047202233772e-11,1.4566047760425515e-11,-10.836658270376857,18147.280432627987,24073.147858460467,21110.214145544225,4.3244926388858875
4,A,1.1,1e-15,5e-07,2.0,0.0002943226812216431,0.0001409814957214873,1.190676424150534e-11,1.587732592758682e-11,1.389204508454608e-11,-10.857233815921468,17256.180060152667,23010.617286357712,20133.39867325519,4.303917093341277
4,A,1.1,1.325e-14,1e-07,2.0,9.670168394674286e-05,7.656214922527233e-05,1.118760466323118e-10,1.763276823117386e-10,1.441018644720252e-10,-9.84133040000021,12236.920605120242,19286.593635410292,15761.757120265267,4.197604630989708
4,A,1.1,1.325e-14,2e-07,2.0,0.0001888122146319305,0.0001501764949066611,6.048064281557778e-11,9.605571001452353e-11,7.826817641505065e-11,-10.10641478477098,6615.328719231915,10506.503693139026,8560.91620618547,3.932520246218938
4,A,1.1,1.325e-14,3e-07,2.0,0.0002787875618339825,0.0002167248816611339,4.313900750411511e-11,6.860679217138365e-11,5.587289983774938e-11,-10.252798787905077,4718.5132626869145,7504.161025035128,6111.337143861021,3.786136243084842
4,A,1.1,1.325e-14,4e-07,2.0,0.0003663822811477054,0.0002832874441213193,3.728870181942841e-11,5.477266553422053e-11,4.603068367682447e-11,-10.336952574641822,4078.6110822453834,5990.994316020841,5034.802699133113,3.7019824563480954
4,A,1.1,1.325e-14,5e-07,2.0,0.0004534837411918044,0.0003439021487013749,3.244187250056927e-11,4.672460898005289e-11,3.958324074031108e-11,-10.402488652322186,3548.468416797296,5110.703744058287,4329.586080427792,3.6364463786677326
4,A,1.1,2.55e-14,1e-07,2.0,9.804437855287343e-05,7.808034013952138e-05,2.04913090616567e-10,3.306821669578161e-10,2.6779762878719154e-10,-9.572193272765373,11646.09779008622,18794.098718830133,15220.098254458177,4.1824174560634155
4,A,1.1,2.55e-14,2e-07,2.0,0.0001927809183184254,0.0001560525047655824,1.042392398499643e-10,1.710032492851717e-10,1.37621244567568e-10,-9.861314518961773,5924.367141231277,9718.854747665344,7821.61094444831,3.893296209867016
4,A,1.1,2.55e-14,3e-07,2.0,0.0002850167893281275,0.0002306908783314666,7.299822928036014e-11,1.195417730653845e-10,9.627000117287232e-11,-10.016509022893757,4148.805301526579,6794.076332218501,5471.44081687254,3.738101705935033
4,A,1.1,2.55e-14,4e-07,2.0,0.0003770350299597941,0.0003023677146003373,5.827369461170494e-11,9.202315887871188e-11,7.514842674520841e-11,-10.124080107066781,3311.9462694916147,5230.074389241938,4271.010329366776,3.6305306217620075
4,A,1.1,2.55e-14,5e-07,2.0,0.0004676826874812496,0.0003694987819263195,4.711607777203829e-11,7.721784016720935e-11,6.216695896962382e-11,-10.206440376560003,2677.8106150632734,4388.624050423948,3533.2173327436103,3.5481703522687864
4,A,1.1,3.775e-14,1e-07,2.0,9.836693145074126e-05,7.871049380559778e-05,2.961671578814291e-10,4.784960507776159e-10,3.873316043295225e-10,-9.411917065301727,11370.27192173641,18370.1334399699,14870.202680853155,4.17231688799581
4,A,1.1,3.775e-14,2e-07,2.0,0.0001938846452228536,0.0001583197088292528,1.492565369662194e-10,2.475647103802401e-10,1.9841062367322976e-10,-9.702435077750698,5730.16746199134,9504.355902878977,7617.261682435159,3.8817988755468398
4,A,1.1,3.775e-14,3e-07,2.0,0.0002887712984022885,0.0002349129530360211,1.030792635148348e-10,1.689375412809622e-10,1.360084023978985e-10,-9.866434260730362,3957.357270940966,6485.748777462798,5221.553024201882,3.7177996925671764
4,A,1.1,3.775e-14,4e-07,2.0,0.0003829000791445595,0.0003101633690487932,8.001979546364333e-11,1.309404875611554e-10,1.0548014151239936e-10,-9.976829296227741,3072.072001675529,5026.9886768847455,4049.530339280137,3.6074046570697966
4,A,1.1,3.775e-14,5e-07,2.0,0.0004737316303822341,0.0003822630443066233,6.516888046766359e-11,1.07441691622301e-10,8.630528604498229e-11,-10.063962603707019,2501.924578852619,4124.8369948095215,3313.3807868310705,3.520271349590519
4,A,1.1,5e-14,1e-07,2.0,9.85231002057087e-05,7.910718981507311e-05,3.926712992433978e-10,6.315702058461422e-10,5.1212075254477e-10,-9.290627624999296,11381.776789663705,18306.38277814905,14844.079783906378,4.17155327992743
4,A,1.1,5e-14,2e-07,2.0,0.0001944552414450103,0.0001595503468460713,1.980958273674346e-10,3.233524335267664e-10,2.607241304471005e-10,-9.583818772302907,5741.908039635786,9372.534305123663,7557.2211723797245,3.8783621326238196
4,A,1.1,5e-14,3e-07,2.0,0.0002899774023328144,0.0002380241894610231,1.335812338158005e-10,2.207429901193742e-10,1.7716211196758736e-10,-9.751629151087652,3871.9198207478407,6398.347539692006,5135.133680219923,3.7105517538390744
4,A,1.1,5e-14,4e-07,2.0,0.00038499893950211,0.0003146855501633672,1.031645334985372e-10,1.684709939513094e-10,1.358177637249233e-10,-9.867043424582874,2990.2763332909335,4883.217215979983,3936.746774635458,3.595137480343851
4,A,1.1,5e-14,5e-07,2.0,0.0004792718968745355,0.0003898074649302056,8.401104263299911e-11,1.38086508811587e-10,1.1104877572229306e-10,-9.95448622504872,2435.102685014467,4002.507501785131,3218.8050933997993,3.5076946798780053
4,A,1.2,1e-15,1e-07,2.0,9.027184994141979e-05,5.59270258262212e-05,2.011423525478796e-11,2.560036026554974e-11,2.285729776016885e-11,-10.640975114151393,29151.06558664922,37101.97139934745,33126.51849299834,4.520175795111352
4,A,1.2,1e-15,2e-07,2.0,0.0001554452915888112,8.53882521779111e-05,1.446399523337007e-11,1.90016947440474e-11,1.6732844988708737e-11,-10.776430212184437,20962.311932420394,27538.688034851308,24250.49998363585,4.384720697078309
4,A,1.2,1e-15,3e-07,2.0,0.0002175923525480265,0.0001129646121753207,1.241466911997649e-11,1.660381129945643e-11,1.4509240209716459e-11,-10.838355329214027,17992.27408692245,24063.494636893374,21027.884361907913,4.3227955800487186
4,A,1.2,1e-15,4e-07,2.0,0.0002780106075841797,0.0001390551998493948,1.14465071038264e-11,1.544358687355276e-11,1.3445046988689581e-11,-10.87143767563533,16589.14073018319,22382.00996167067,19485.57534592693,4.289713233627416
4,A,1.2,1e-15,5e-07,2.0,0.000337610043048515,0.0001645552751246173,1.082696032056491e-11,1.472981284935699e-11,1.2778386584960951e-11,-10.893523977279502,15691.24684139842,21347.554854140566,18519.400847769495,4.2676269319832425
4,A,1.2,1.325e-14,1e-07,2.0,0.0001121502874452939,8.899790662717771e-05,1.037191230004454e-10,1.663329038485404e-10,1.350260134244929e-10,-9.869582554479923,11344.72223138588,18193.372037029305,14769.047134207593,4.169352476509996
4,A,1.2,1.325e-14,2e-07,2.0,0.0002206524466531841,0.0001738360929335491,5.420796759755546e-11,8.897233233472079e-11,7.159014996613813e-11,-10.14514672782664,5929.228066453975,9731.728994773945,7830.47853061396,3.8937883031632774
4,A,1.2,1.325e-14,3e-07,2.0,0.0003263345015141537,0.0002524201825035565,4.039419874232544e-11,6.329110594086207e-11,5.184265234159375e-11,-10.285312787464402,4418.2880768198465,6922.735131622869,5670.511604221358,3.7536222435255158
4,A,1.2,1.325e-14,4e-07,2.0,0.0004284738831973198,0.0003263701234768029,3.481306200362231e-11,5.096929484497368e-11,4.289117842429799e-11,-10.367632021465768,3807.8273999039993,5574.984396496985,4691.405898200492,3.6713030095241495
4,A,1.2,1.325e-14,5e-07,2.0,0.0005252507889535237,0.0003945766716954192,3.028087990734069e-11,4.327731889642023e-11,3.677909940188046e-11,-10.434398909398713,3312.10061879581,4733.641662173392,4022.8711404846013,3.6045361215912055
4,A,1.2,2.55e-14,1e-07,2.0,0.000113179362527594,9.101148056086431e-05,1.910380421513906e-10,3.074616446923677e-10,2.4924984342187916e-10,-9.603365105838915,10857.51873551524,17474.37594159521,14165.947338555226,4.151245622989874
4,A,1.2,2.55e-14,2e-07,2.0,0.0002236098481022875,0.0001814397993211336,9.884328006056924e-11,1.600943709090763e-10,1.2946882548482276e-10,-9.887834791812768,5617.691393041731,9098.85597664543,7358.27368484358,3.866775937016021
4,A,1.2,2.55e-14,3e-07,2.0,0.0003326423064215101,0.0002676551432850113,6.699615222264205e-11,1.107173558975213e-10,8.885675406008167e-11,-10.051309555595967,3807.6812857426576,6292.546513073107,5050.113899407883,3.7033011732328216
4,A,1.2,2.55e-14,4e-07,2.0,0.0004417304112503643,0.0003502283011650608,5.404600147940239e-11,8.597676468869855e-11,7.001138308405047e-11,-10.154831342718888,3071.668171605706,4886.431639028051,3979.0499053168787,3.599779386109902
4,A,1.2,2.55e-14,5e-07,2.0,0.000547146361908023,0.0004283250467833867,4.34920699722441e-11,7.145472754887233e-11,5.747339876055821e-11,-10.240533119565267,2471.8425673341353,4061.0814179523923,3266.461992643264,3.514077609263522
4,A,1.2,3.775e-14,1e-07,2.0,0.0001135789528762872,9.176166539934403e-05,2.769585295455661e-10,4.507329204966818e-10,3.6384572502112394e-10,-9.439082723423972,10632.825781574667,17304.26799104259,13968.546886308628,4.145151229873565
4,A,1.2,3.775e-14,2e-07,2.0,0.0002250285624552784,0.0001841978022874789,1.401363766773965e-10,2.282562240783051e-10,1.8419630037785078e-10,-9.734719096949268,5380.031737302871,8763.07607556599,7071.55390643443,3.8495148563482693
4,A,1.2,3.775e-14,3e-07,2.0,0.0003355781702371587,0.0002739180981174438,9.70606650622884e-11,1.560540977253788e-10,1.265573813938336e-10,-9.897712519765912,3726.2948483458454,5991.135338338759,4858.715093342302,3.686521433531625
4,A,1.2,3.775e-14,4e-07,2.0,0.0004451485935615218,0.0003605004440569296,7.422445912416524e-11,1.216451777936238e-10,9.793481845889452e-11,-10.00906287738783,2849.5809242409155,4670.1287184422235,3759.8548213415697,3.5751710759097075
4,A,1.2,3.775e-14,5e-07,2.0,0.0005549462544949331,0.0004451654433839364,6.195597155922274e-11,9.87485999165212e-11,8.035228573787197e-11,-10.095001764585446,2378.576506736644,3791.0970310594575,3084.8367688980507,3.4892321887120916
4,A,1.2,5e-14,1e-07,2.0,0.000113785401791604,9.215551804884093e-05,3.667471264052658e-10,5.905722415807413e-10,4.786596839930036e-10,-9.319973150242545,10630.351490007704,17118.035987847576,13874.193738927639,4.142207754684181
4,A,1.2,5e-14,2e-07,2.0,0.000225750705417537,0.0001857753499949438,1.840022152497273e-10,3.025767058298178e-10,2.4328946053977254e-10,-9.613876704585671,5333.397543470357,8770.339299415009,7051.868421442683,3.848304200341055
4,A,1.2,5e-14,3e-07,2.0,0.0003371569228269398,0.0002768335674073521,1.232708326419341e-10,2.054824298955352e-10,1.6437663126873465e-10,-9.784159924219432,3573.0676128096843,5956.012460740151,4764.540036774918,3.6780209807072946
4,A,1.2,5e-14,4e-07,2.0,0.0004478134331852903,0.0003664337651377436,9.614919101305082e-11,1.557134307560826e-10,1.2593131088456672e-10,-9.899866275819335,2786.9330728420528,4513.432775538627,3650.1829241903397,3.5623146291073917
4,A,1.2,5e-14,5e-07,2.0,0.0005575588495600108,0.0004529923306532203,7.693502553138332e-11,1.28215870970937e-10,1.0257544825116016e-10,-9.988956576505041,2230.0007400400964,3716.402057128609,2973.201398584353,3.473224328421684
4,A,1.3,1e-15,1e-07,2.0,0.0001001527509176646,6.230197525183733e-05,1.888846781231214e-11,2.444403884359838e-11,2.166625332795526e-11,-10.66421618326606,27374.591032336437,35426.14325159186,31400.367141964147,4.4969347259966845
4,A,1.3,1e-15,2e-07,2.0,0.0001736855570992118,9.681222791784057e-05,1.341824250928233e-11,1.804714408616721e-11,1.573269329772477e-11,-10.80319692364407,19446.72827432222,26155.28128430031,22801.004779311264,4.357953985618675
4,A,1.3,1e-15,3e-07,2.0,0.0002474555037817453,0.0001289433142049224,1.152412519235056e-11,1.581446128658037e-11,1.3669293239465464e-11,-10.864253939721507,16701.630713551534,22919.509110986044,19810.569912268787,4.296896969541237
4,A,1.3,1e-15,4e-07,2.0,0.0003171632753831963,0.0001600065141637803,1.057584088508063e-11,1.470637669835227e-11,1.264110879171645e-11,-10.898214831037444,15327.305630551638,21313.589417901843,18320.44752422674,4.2629360782253
4,A,1.3,1e-15,5e-07,2.0,0.000386123904720676,0.0001905242378807412,9.985192122648188e-12,1.402023173486194e-11,1.2002711928755065e-11,-10.920720617066664,14471.292931374186,20319.176427336148,17395.234679355166,4.240430292196081
4,A,1.3,1.325e-14,1e-07,2.0,0.0001275647499693363,0.0001012610058213501,9.765079339348527e-11,1.575755908941324e-10,1.2761319214380883e-10,-9.894104427659405,10680.972752910613,17235.503515901823,13958.238134406218,4.144830603330513
4,A,1.3,1.325e-14,2e-07,2.0,0.0002520740227869898,0.0001978459635292901,5.173806572073739e-11,8.355203162935259e-11,6.764504867504499e-11,-10.1697639863805,5659.071995705485,9138.86044619662,7398.966220951053,3.869171044609418
4,A,1.3,1.325e-14,3e-07,2.0,0.0003724775197398427,0.0002855700195487584,3.883722397130267e-11,5.979782725701221e-11,4.931752561415744e-11,-10.30699872118975,4247.987308865482,6540.642850097043,5394.315079481263,3.7319363098001674
4,A,1.3,1.325e-14,4e-07,2.0,0.0004888722577696639,0.0003688294809472199,3.282783055791867e-11,4.792720013351005e-11,4.037751534571436e-11,-10.393860409137938,3590.684228375026,5242.242289692103,4416.463259033565,3.64507462185198
4,A,1.3,1.325e-14,5e-07,2.0,0.0005991906626173805,0.0004415508448865928,2.858004889074329e-11,4.084118679014607e-11,3.4710617840444676e-11,-10.459537655925022,3126.0649593375215,4467.179304363804,3796.6221318506623,3.5793973750648953
4,A,1.3,2.55e-14,1e-07,2.0,0.0001288944877618,0.0001038456063155117,1.799593401400816e-10,2.924905935836777e-10,2.362249668618796e-10,-9.626674203262207,10227.868152320638,16623.506313366168,13425.687232843404,4.127936525566582
4,A,1.3,2.55e-14,2e-07,2.0,0.0002559182036583608,0.0002067548545588338,9.207036756809548e-11,1.505586729162956e-10,1.2131452024219553e-10,-9.9160872149318,5232.757463375703,8556.900989843458,6894.8292266095805,3.8385235138969898
4,A,1.3,2.55e-14,3e-07,2.0,0.0003816117007957376,0.0003052152485448267,6.503989181786727e-11,1.039574477846616e-10,8.449866980126444e-11,-10.073150127766494,3696.498540373247,5908.351678582644,4802.425109477946,3.681460601062295
4,A,1.3,2.55e-14,4e-07,2.0,0.0005057128289081018,0.0003978242110075148,5.063618069614867e-11,8.12264867046295e-11,6.593133370038909e-11,-10.180908138986146,2877.873299013849,4616.452782303468,3747.1630406586582,3.573702589842643
4,A,1.3,2.55e-14,5e-07,2.0,0.0006269172479444196,0.0004870466683654253,4.27030793488872e-11,6.697829762399275e-11,5.484068848643997e-11,-10.260897101585208,2427.000815509361,3806.666531627892,3116.833673568626,3.493713627243581
4,A,1.3,3.775e-14,1e-07,2.0,0.0001293778398751445,0.0001047627076179452,2.607588202685346e-10,4.266920624123866e-10,3.437254413404606e-10,-9.463788321732839,10010.89625755004,16381.305784140002,13196.10102084502,4.120445631564699
4,A,1.3,3.775e-14,2e-07,2.0,0.0002576228078070346,0.0002102860788517998,1.32862976132335e-10,2.163341526366054e-10,1.745985643844702e-10,-9.757959331549499,5100.7957052436905,8305.371058128627,6703.083381686159,3.8262746217480395
4,A,1.3,3.775e-14,3e-07,2.0,0.0003846906907293883,0.0003122038773517345,9.083603672805463e-11,1.476430070747623e-10,1.1923952190140846e-10,-9.92357977396779,3487.3226500836795,5668.221789989915,4577.772220036797,3.660654179329748
4,A,1.3,3.775e-14,4e-07,2.0,0.0005104156214263229,0.0004110018227014737,7.086692278439222e-11,1.142070732094266e-10,9.25369979969094e-11,-10.033684593603404,2720.6804025104993,4384.569467681222,3552.6249350958606,3.550549359694134
4,A,1.3,3.775e-14,5e-07,2.0,0.0006365768411878382,0.0005059221565426181,5.691663601374649e-11,9.32467035909313e-11,7.50816698023389e-11,-10.124466077314976,2185.1093584315768,3579.871526669788,2882.4904425506825,3.4597678759825627
4,A,1.3,5e-14,1e-07,2.0,0.0001296279539332574,0.0001052606031630761,3.460758942616806e-10,5.62536728407847e-10,4.543063113347638e-10,-9.342651229817946,10031.185340918279,16305.412417618754,13168.298879268517,4.119529675108779
4,A,1.3,5e-14,2e-07,2.0,0.000258510973587011,0.0002120411301792447,1.731536119511504e-10,2.848958501485327e-10,2.2902473104984153e-10,-9.640117618190454,5018.945273946389,8257.850728942976,6638.398001444682,3.822063286736272
4,A,1.3,5e-14,3e-07,2.0,0.0003865809669894431,0.0003158120607535806,1.155272944546199e-10,1.931818066110406e-10,1.5435455053283024e-10,-9.811480562539733,3348.617230568693,5599.472655392481,4474.044942980587,3.650700342386993
4,A,1.3,5e-14,4e-07,2.0,0.0005145725767680694,0.0004173239282173025,8.821053119311304e-11,1.472136524379452e-10,1.1771209181552913e-10,-9.929178922551388,2556.826991104726,4267.062389505659,3411.944690305192,3.5330019823753376
4,A,1.3,5e-14,5e-07,2.0,0.0006396278291542258,0.0005165782225057728,7.228966593144344e-11,1.203019469498698e-10,9.629580644065663e-11,-10.016392625433493,2095.352635694013,3487.01295506869,2791.1827953813518,3.4457882794932324
4,B,0.9,1e-15,1e-07,2.0,5.69269613199923e-05,5.520576651271224e-05,2.855298686905991e-11,3.529818379014222e-11,3.1925585329601066e-11,-10.495861131555996,41381.1403899419,51156.788101655395,46268.96424579865,4.665289777706749
4,B,0.9,1e-15,2e-07,2.0,0.0001020494595454441,9.769883095262244e-05,2.198881641920912e-11,2.677145242172174e-11,2.4380134420465428e-11,-10.612963904217823,31867.849882911767,38799.206408292375,35333.528145602075,4.548187005044921
4,B,0.9,1e-15,3e-07,2.0,0.0001451782262616241,0.0001410575246618741,1.957125150499324e-11,2.378044437749066e-11,2.167584794124195e-11,-10.664023904278542,28364.13261593223,34464.41214129081,31414.272378611524,4.497127004984202
4,B,0.9,1e-15,4e-07,2.0,0.0001853655991812115,0.000183464875131741,1.845424978709093e-11,2.240018313189297e-11,2.042721645949195e-11,-10.689790809023137,26745.289546508597,32464.033524482566,29604.66153549558,4.4713601002396075
4,B,0.9,1e-15,5e-07,2.0,0.0002260515235608571,0.0002257463701916094,1.775896580658505e-11,2.153477226378983e-11,1.964686903518744e-11,-10.706706649822014,25737.63160374645,31209.814875057727,28473.72323940209,4.454444259440731
4,B,0.9,1.325e-14,1e-07,2.0,6.575285814353955e-05,5.670712720022717e-05,1.392245643279975e-10,2.180703286435779e-10,1.786474464857877e-10,-9.748003187046526,15228.281578123873,23852.37392874793,19540.3277534359,4.290931843943392
4,B,0.9,1.325e-14,2e-07,2.0,0.0001272762147239335,0.0001141170020549474,7.577282324857669e-11,1.20288247712246e-10,9.803053548041134e-11,-10.008638625072418,8287.976291886978,13157.04104044255,10722.508666164764,4.0302964059175
4,B,0.9,1.325e-14,3e-07,2.0,0.0001879438416121048,0.0001711989148836861,5.691700877646087e-11,8.697937988690432e-11,7.19481943316826e-11,-10.142980100985564,6225.541020121507,9513.741305649914,7869.64116288571,3.8959549300043537
4,B,0.9,1.325e-14,4e-07,2.0,0.0002471228095246927,0.0002271200220116483,4.685921329439897e-11,6.986966418889021e-11,5.836443874164459e-11,-10.23385168648905,5125.426666054031,7642.293047732044,6383.859856893037,3.805083344500868
4,B,0.9,1.325e-14,5e-07,2.0,0.0003045860275315811,0.000289172497539067,4.093710523258074e-11,5.998638532877394e-11,5.046174528067734e-11,-10.297037732957172,4477.670793828903,6561.267194834449,5519.468994331675,3.7418972980327463
4,B,0.9,2.55e-14,1e-07,2.0,6.633922041957992e-05,5.690034100146531e-05,2.538483601797815e-10,4.006547367097244e-10,3.2725154844475296e-10,-9.485118289836272,14427.300947984175,22770.942694499827,18599.121821242,4.2694924389925175
4,B,0.9,2.55e-14,2e-07,2.0,0.000129052974863341,0.0001151752092875176,1.30997775088085e-10,2.134609018934686e-10,1.722293384907768e-10,-9.763892866474944,7445.170507990055,12131.906899316205,9788.53870365313,3.9907178623538457
4,B,0.9,2.55e-14,3e-07,2.0,0.0001914134211132273,0.0001728724584696011,9.234171924629404e-11,1.501227437244201e-10,1.2123223148535707e-10,-9.916381900835727,5248.179553639901,8532.12524719637,6890.152400418136,3.8382288279930616
4,B,0.9,2.55e-14,4e-07,2.0,0.0002530550446647596,0.0002299461264808212,7.26468422150186e-11,1.16075452178027e-10,9.43611471965228e-11,-10.025206787815153,4128.834453823166,6597.0703141817,5362.952384002433,3.7294039410136377
4,B,0.9,2.55e-14,5e-07,2.0,0.0003139514991311659,0.0002874353443294112,6.287103575943697e-11,9.776585623796554e-11,8.031844599870126e-11,-10.095184702847435,3573.2330639066204,5556.456734183891,4564.844899045256,3.6594260259813547
4,B,0.9,3.775e-14,1e-07,2.0,6.655032926941741e-05,5.696078403545589e-05,3.62841602598145e-10,5.774011498395419e-10,4.701213762188434e-10,-9.327790001177576,13929.997220391402,22167.23869237132,18048.61795638136,4.256443952119962
4,B,0.9,3.775e-14,2e-07,2.0,0.0001296926884925516,0.0001155281897071533,1.865897718320734e-10,3.036877851700958e-10,2.451387785010846e-10,-9.6105879822734,7163.442627203126,11658.999334680713,9411.22098094192,3.9736459710241387
4,B,0.9,3.775e-14,3e-07,2.0,0.0001927252780058802,0.0001736820204086817,1.294467436413634e-10,2.10371819824611e-10,1.699092817329872e-10,-9.7697828960261,4969.641756074994,8076.468752264556,6523.055254169775,3.814451057271438
4,B,0.9,3.775e-14,4e-07,2.0,0.0002552434946113865,0.0002314410376521925,1.000643195910828e-10,1.64046762809706e-10,1.3205554120039442e-10,-9.879243370585314,3841.6093518027765,6297.98494326542,5069.797147534098,3.704990582712224
4,B,0.9,3.775e-14,5e-07,2.0,0.0003172969766987769,0.0002888088295678391,8.355114108188224e-11,1.357814549465799e-10,1.0966629801423106e-10,-9.959926816684469,3207.6453049959596,5212.84019374527,4210.242749370615,3.624307136613069
4,B,0.9,5e-14,1e-07,2.0,6.665890504900789e-05,5.703864062310182e-05,4.798442255463681e-10,7.642829837058178e-10,6.220636046260929e-10,-9.206165207389752,13908.528276706322,22153.129962487474,18030.8291195969,4.2560156975369745
4,B,0.9,5e-14,2e-07,2.0,0.0001300220426366257,0.0001157148474204166,2.434514904710837e-10,3.997076395050382e-10,3.2157956498806096e-10,-9.492711556611694,7056.564941190832,11585.728681305456,9321.146811248143,3.969469348315033
4,B,0.9,5e-14,3e-07,2.0,0.0001934375242674962,0.0001741312079726967,1.651504994662238e-10,2.751992344525496e-10,2.201748669593867e-10,-9.657232257407008,4786.97099902098,7976.789404421727,6381.880201721354,3.804948647519717
4,B,0.9,5e-14,4e-07,2.0,0.0002564007682445286,0.0002322749612359417,1.282854232369604e-10,2.097712835609808e-10,1.690283533989706e-10,-9.772040439221326,3718.4180648394317,6080.3270597385745,4899.372562289003,3.6901404657054
4,B,0.9,5e-14,5e-07,2.0,0.0003190435332663467,0.0002899304799578553,1.043399917174716e-10,1.722686632893711e-10,1.3830432750342135e-10,-9.85916423072617,3024.3475860136696,4993.294588097713,4008.8210870556914,3.6030166742005547
4,B,1.0,1e-15,1e-07,2.0,6.791453765157391e-05,6.56206039889573e-05,2.599200508660702e-11,3.141861272595892e-11,2.8705308906282973e-11,-10.542037775200393,37669.57258928554,45534.22134196945,41601.8969656275,4.619113134062351
4,B,1.0,1e-15,2e-07,2.0,0.0001212669627716935,0.0001146258332570485,1.968981278403987e-11,2.341521379095621e-11,2.155251328749804e-11,-10.66650207848479,28535.960556579525,33935.09245066118,31235.52650362035,4.4946488307779555
4,B,1.0,1e-15,3e-07,2.0,0.0001721204410926395,0.0001628196539307436,1.739387241744997e-11,2.052257710883063e-11,1.89582247631403e-11,-10.722202332170314,25208.510749927493,29742.865375116857,27475.688062522175,4.4389485770924315
4,B,1.0,1e-15,4e-07,2.0,0.0002215725267353151,0.0002118051016288385,1.634986980267554e-11,1.923297122215723e-11,1.7791420512416385e-11,-10.749789375351995,23695.463482138468,27873.871336459753,25784.66740929911,4.411361533910751
4,B,1.0,1e-15,5e-07,2.0,0.0002703015331433885,0.0002604825536088575,1.570097326226244e-11,1.843497425733516e-11,1.70679737597988e-11,-10.767818033493961,22755.03371342383,26717.353996137917,24736.193854780875,4.393332875768783
4,B,1.0,1.325e-14,1e-07,2.0,8.049358212780678e-05,6.943941745506133e-05,1.231059461830449e-10,1.964083142187066e-10,1.5975713020087576e-10,-9.796539749521418,13465.238849663103,21482.99854730179,17474.118698482445,4.2423952814685
4,B,1.0,1.325e-14,2e-07,2.0,0.0001570129622580517,0.0001396943395484364,6.86153503874641e-11,1.069689834721102e-10,8.779216692978716e-11,-10.056544231370971,7505.097116485,11700.189605918536,9602.643361201768,3.9823907996189463
4,B,1.0,1.325e-14,3e-07,2.0,0.0002320475429647672,0.0002086943913774549,5.099078352627654e-11,7.63350341494909e-11,6.366290883788372e-11,-10.196113521803918,5577.334812827624,8349.470511292417,6963.40266206002,3.8428215091860007
4,B,1.0,1.325e-14,4e-07,2.0,0.0003048174660915017,0.0002762006144693461,4.213257266577089e-11,6.19744177409323e-11,5.20534952033516e-11,-10.283550103875534,4608.430152121508,6778.716734036895,5693.573443079202,3.7553849271143838
4,B,1.0,1.325e-14,5e-07,2.0,0.0003754738788935743,0.0003499515262823654,3.682727988907554e-11,5.279045463661774e-11,4.480886726284664e-11,-10.34863603461213,4028.141087128854,5774.181529846075,4901.161308487464,3.690298996377787
4,B,1.0,2.55e-14,1e-07,2.0,8.124942859349718e-05,6.987848165948522e-05,2.257813687136549e-10,3.598057030923197e-10,2.927935359029873e-10,-9.533438515566692,12832.132350875529,20449.31532209831,16640.72383648692,4.221172213262098
4,B,1.0,2.55e-14,2e-07,2.0,0.0001595319951010603,0.0001412328517083559,1.168592230633292e-10,1.881977388367947e-10,1.5252848095006195e-10,-9.816649054910213,6641.615405702144,10696.092005501265,8668.853705601705,3.9379616739185757
4,B,1.0,2.55e-14,3e-07,2.0,0.0002371678910013704,0.0002116702043118646,8.211152247030127e-11,1.325279138193313e-10,1.0731971814481628e-10,-9.969320476591896,4666.75319524304,7532.134914426333,6099.4440548346865,3.7852902522368934
4,B,1.0,2.55e-14,4e-07,2.0,0.0003136389110687021,0.0002812572313245538,6.517510708648491e-11,1.035445746502036e-10,8.435984086834427e-11,-10.073864248160445,3704.183409291556,5884.88631146369,4794.534860377623,3.680746480668344
4,B,1.0,2.55e-14,5e-07,2.0,0.0003885450459228412,0.0003508390510637568,5.639127748772836e-11,8.571431336026208e-11,7.105279542399522e-11,-10.148418830990087,3204.960357358816,4871.515394160961,4038.237875759888,3.6061918978387033
4,B,1.0,3.775e-14,1e-07,2.0,8.153782491254787e-05,7.00003575894691e-05,3.25542338531018e-10,5.212727768886885e-10,4.2340755770985326e-10,-9.373241394208929,12498.026241712949,20012.39185674973,16255.20904923134,4.210992559088609
4,B,1.0,3.775e-14,2e-07,2.0,0.000160462585805834,0.000141871637573571,1.665185885948812e-10,2.743755097940838e-10,2.204470491944825e-10,-9.656695710070275,6392.881796521018,10533.660036244702,8463.27091638286,3.9275382432272625
4,B,1.0,3.775e-14,3e-07,2.0,0.000239032032621219,0.0002130687307610378,1.149177770773429e-10,1.866519223333361e-10,1.507848497053395e-10,-9.821642292550532,4411.854384387865,7165.828671977584,5788.841528182725,3.7625916607470065
4,B,1.0,3.775e-14,4e-07,2.0,0.0003168963865068246,0.000283622894871593,8.973327884658679e-11,1.461121499915105e-10,1.1792271441904866e-10,-9.928402532507018,3444.9862307932353,5609.450042864402,4527.218136828818,3.65583142079052
4,B,1.0,3.775e-14,5e-07,2.0,0.0003939441565849525,0.000353384387129202,7.395359179055631e-11,1.186425400193077e-10,9.6298065904932e-11,-10.016382435359896,2839.1819480010104,4554.853249613503,3697.017598807257,3.567851517937642
4,B,1.0,5e-14,1e-07,2.0,8.168610839206684e-05,7.001708386067981e-05,4.29186833878714e-10,6.877315791895715e-10,5.584592065341428e-10,-9.25300854506254,12440.198083440986,19934.248672161495,16187.223377801241,4.209172359864185
4,B,1.0,5e-14,2e-07,2.0,0.0001609421387361088,0.0001421978803863023,2.163132455337506e-10,3.522151133896891e-10,2.8426417946171983e-10,-9.54627786293436,6269.9491459058145,10209.133721440265,8239.54143367304,3.9159030419923653
4,B,1.0,5e-14,3e-07,2.0,0.0002400088285936838,0.0002138153273004533,1.480018658090168e-10,2.439995943453907e-10,1.9600073007720376e-10,-9.707742310950103,4289.909153884545,7072.452010011325,5681.180581947935,3.7544385939766225
4,B,1.0,5e-14,4e-07,2.0,0.0003185907002806168,0.0002848942238066818,1.138786673018296e-10,1.858899561396199e-10,1.4988431172072476e-10,-9.824243822052859,3300.830936284916,5388.114670713621,4344.472803499269,3.6379370828738673
4,B,1.0,5e-14,5e-07,2.0,0.0003965813085923812,0.0003555458935248269,9.40110951749919e-11,1.539652345333514e-10,1.2398816485417165e-10,-9.90661976793318,2724.959280434548,4462.760421256562,3593.8598508455552,3.5555611369935467
4,B,1.1,1e-15,1e-07,2.0,7.869095001726003e-05,7.369902699648385e-05,2.398625821875457e-11,2.86624427050025e-11,2.6324350461878535e-11,-10.579642335975414,34762.693070658795,41539.77203623551,38151.23255344715,4.58150857328733
4,B,1.1,1e-15,2e-07,2.0,0.0001407714750249214,0.0001304341112986865,1.793221043685919e-11,2.095752730299566e-11,1.9444868869927425e-11,-10.711194981251875,25988.710778056797,30373.22797535603,28180.969376706413,4.449955928010869
4,B,1.1,1e-15,3e-07,2.0,0.0001995435594681479,0.0001855082141871538,1.577256520194125e-11,1.822787901762326e-11,1.7000222109782252e-11,-10.769545404479215,22858.790147740943,26417.21596756994,24638.00305765544,4.391605504783529
4,B,1.1,1e-15,4e-07,2.0,0.0002563285326680956,0.0002409010406692659,1.480352104031234e-11,1.701542401948099e-11,1.5909472529896665e-11,-10.798344218917382,21454.378319293246,24660.034810842015,23057.20656506763,4.362806690345362
4,B,1.1,1e-15,5e-07,2.0,0.0003127320733857224,0.0002956708036555288,1.420795545925997e-11,1.627059208981508e-11,1.5239273774537524e-11,-10.81703572874615,20591.23979602894,23580.56824610881,22085.904021068876,4.344115180516594
4,B,1.1,1.325e-14,1e-07,2.0,9.552337214924907e-05,8.242765325712803e-05,1.122207605283595e-10,1.789076997835883e-10,1.4556423015597389e-10,-9.836945332127415,12274.625160334646,19568.794069848325,15921.709615091486,4.201989698862503
4,B,1.1,1.325e-14,2e-07,2.0,0.0001874754355050447,0.0001654498960239481,6.247303591727678e-11,9.749567495647457e-11,7.998435543687568e-11,-10.096994950656363,6833.255227484472,10664.006011099216,8748.630619291844,3.9419400803335547
4,B,1.1,1.325e-14,3e-07,2.0,0.0002764865165121151,0.000246717809308737,4.686031284259823e-11,6.981553881459275e-11,5.833792582859549e-11,-10.234049016030347,5125.5469338362855,7636.3728536606795,6380.9598937484825,3.8048860149595702
4,B,1.1,1.325e-14,4e-07,2.0,0.0003632401008373502,0.000332192037360192,3.87081548177712e-11,5.581072474050503e-11,4.725943977913812e-11,-10.325511430868504,4233.86981873352,6104.53647694887,5169.2031478411955,3.713423600121414
4,B,1.1,1.325e-14,5e-07,2.0,0.0004474219552148012,0.0004106368661417662,3.384304265736513e-11,4.764069206875558e-11,4.0741867363060355e-11,-10.389959069423062,3701.727389375459,5210.90424596725,4456.315817671355,3.6489759615668564
4,B,1.1,2.55e-14,1e-07,2.0,9.649191141458284e-05,8.312604202834645e-05,2.050770463560921e-10,3.295727825744199e-10,2.67324914465256e-10,-9.572960563463639,11655.416104353062,18731.047602979255,15193.231853666159,4.181650165365151
4,B,1.1,2.55e-14,2e-07,2.0,0.0001908025405946465,0.0001679050730704323,1.073707266444583e-10,1.741724846229085e-10,1.407716056336834e-10,-9.85148493582026,6102.343088630765,9898.976108150528,8000.659598390646,3.9031257930085306
4,B,1.1,2.55e-14,3e-07,2.0,0.0002839819563554192,0.0002512631689802138,7.495734265706425e-11,1.194344317973939e-10,9.719588722722907e-11,-10.012352111537812,4260.150193638207,6787.975663392664,5524.0629285154355,3.7422586172909784
4,B,1.1,2.55e-14,4e-07,2.0,0.0003754619594320111,0.0003333579183684996,5.967375774438545e-11,9.413745150550869e-11,7.690560462494707e-11,-10.114042009106338,3391.5179167027823,5350.2387897418985,4370.878353222341,3.6405687197224506
4,B,1.1,2.55e-14,5e-07,2.0,0.000464750873321411,0.0004152463840083975,5.149145341930682e-11,7.824512310080935e-11,6.486828826005809e-11,-10.187967562051575,2926.4821494348867,4447.008985553246,3686.7455674940666,3.566643166777214
4,B,1.1,3.775e-14,1e-07,2.0,9.686418854047368e-05,8.330336915272496e-05,2.994975468685594e-10,4.84549346895751e-10,3.920234468821552e-10,-9.406687957094302,11498.130218583721,18602.527954535024,15050.329086559374,4.177545996203235
4,B,1.1,3.775e-14,2e-07,2.0,0.0001920010830905778,0.000168795003753126,1.531409462191436e-10,2.495393597655249e-10,2.0134015299233424e-10,-9.696069605717176,5879.295372651642,9580.165457933581,7729.730415292612,3.888164347580363
4,B,1.1,3.775e-14,3e-07,2.0,0.0002865861932994508,0.0002532951987663101,1.049373044639561e-10,1.71454962530791e-10,1.3819613349737355e-10,-9.859504107643769,4028.6900648413907,6582.396104454977,5305.543084648184,3.7247298456537683
4,B,1.1,3.775e-14,4e-07,2.0,0.0003799774438632654,0.0003367398722429438,8.154973449064136e-11,1.318754849301055e-10,1.0671260971037343e-10,-9.971784259075386,3130.8085033358816,5062.884535180172,4096.846519258027,3.612449694222151
4,B,1.1,3.775e-14,5e-07,2.0,0.0004722402849658519,0.0004191017597605588,6.748018090760514e-11,1.083996116158112e-10,8.793989626170817e-11,-10.055814051031462,2590.658639316831,4161.612884760964,3376.1357620388976,3.528419902266075
4,B,1.1,5e-14,1e-07,2.0,9.706509705802302e-05,8.339236009803667e-05,3.913907435616112e-10,6.308127634174559e-10,5.111017534895335e-10,-9.291492629063306,11344.65923366989,18284.42792514365,14814.54357940677,4.1706882758634185
4,B,1.1,5e-14,2e-07,2.0,0.0001926321457584628,0.0001691797259137308,1.943296528425797e-10,3.264594567239142e-10,2.60394554783247e-10,-9.584368101717956,5632.743560654485,9462.592948519254,7547.66825458687,3.8778128032087698
4,B,1.1,5e-14,3e-07,2.0,0.0002879325145161273,0.0002543698492259366,1.359203209378552e-10,2.208915886685696e-10,1.784059548032124e-10,-9.748590653911602,3939.7194474740636,6402.65474401651,5171.187095745287,3.713590251015124
4,B,1.1,5e-14,4e-07,2.0,0.0003823241709248736,0.0003387081499206464,1.03992200924503e-10,1.704635487246614e-10,1.372278748245822e-10,-9.862557662296213,3014.266693463855,4940.97242680178,3977.6195601328172,3.599623242630512
4,B,1.1,5e-14,5e-07,2.0,0.0004758775462026799,0.0004222145508561857,8.552435051022948e-11,1.39308465034393e-10,1.1241640777231124e-10,-9.949170296552321,2478.966681455927,4037.9265227360293,3258.446602095978,3.5130106083744055
4,B,1.2,1e-15,1e-07,2.0,8.988383516443356e-05,8.238398131962333e-05,2.240160454437885e-11,2.696155089351818e-11,2.4681577718948516e-11,-10.607627082372465,32466.093542578044,39074.71143988142,35770.40249122973,4.553523826890279
4,B,1.2,1e-15,2e-07,2.0,0.0001611558337829707,0.0001465133068791513,1.6588399547771e-11,1.940566859936318e-11,1.7997034073567088e-11,-10.744799061097611,24041.15876488551,28124.15739038142,26082.658077633467,4.416351848165134
4,B,1.2,1e-15,3e-07,2.0,0.0002311100630102726,0.0002077790171384812,1.456290900015695e-11,1.682893573338179e-11,1.569592236676937e-11,-10.804213158012487,21105.665217618767,24389.761932437377,22747.713575028072,4.356937751250258
4,B,1.2,1e-15,4e-07,2.0,0.0002939862603951801,0.0002683792560744288,1.366231814707627e-11,1.567402017521911e-11,1.466816916114769e-11,-10.833624090167028,19800.461082719234,22715.971268433495,21258.216175576366,4.327526819095717
4,B,1.2,1e-15,5e-07,2.0,0.0003577140419927475,0.0003277213949574474,1.310963699324089e-11,1.497336296468777e-11,1.404149997896433e-11,-10.852586496352126,18999.47390324767,21700.526035779378,20349.999969513523,4.308564412910619
4,B,1.2,1.325e-14,1e-07,2.0,0.0001108458861489431,9.57814226607748e-05,1.066850633938758e-10,1.687603438986635e-10,1.3772270364626965e-10,-9.86099446021126,11669.134634276817,18458.883664059453,15064.009149168134,4.177940570778658
4,B,1.2,1.325e-14,2e-07,2.0,0.0002182373714893842,0.0001914314882997013,5.792301014337657e-11,9.011558794982137e-11,7.401929904659897e-11,-10.130655031935254,6335.576717897356,9856.777462381338,8096.177090139347,3.908279999054664
4,B,1.2,1.325e-14,3e-07,2.0,0.0003223473214797208,0.0002850078081216605,4.368077508738733e-11,6.466849547148422e-11,5.4174635279435775e-11,-10.266204003804392,4777.771406878571,7073.3929966075175,5925.582201743044,3.772731027185527
4,B,1.2,1.325e-14,4e-07,2.0,0.0004230799734289386,0.0003817986026534352,3.608501062959852e-11,5.179471130823988e-11,4.39398609689192e-11,-10.35714132157406,3946.9522154332544,5665.267848864084,4806.110032148669,3.681793709415859
4,B,1.2,1.325e-14,5e-07,2.0,0.0005203073210842859,0.0004706073384124906,3.158882800570296e-11,4.410456850214111e-11,3.7846698253922034e-11,-10.421972002363342,3455.1630304296377,4824.1256223288065,4139.644326379223,3.6169630286265773
4,B,1.2,2.55e-14,1e-07,2.0,0.0001120392485980894,9.646114953200254e-05,1.892652192124272e-10,3.110055195297371e-10,2.5013536937108215e-10,-9.601824894288578,10756.761535233147,17675.789686259574,14216.275610746361,4.152785834540212
4,B,1.2,2.55e-14,2e-07,2.0,0.0002225760060571864,0.0001948114564575532,1.004456924635102e-10,1.624214806258845e-10,1.3143358654469734e-10,-9.881293640962248,5708.7634250361025,9231.115693429072,7469.939559232587,3.8733170878665417
4,B,1.2,2.55e-14,3e-07,2.0,0.0003316202412993003,0.0002911577122226138,6.997218521507237e-11,1.115284273804511e-10,9.075030629776174e-11,-10.042151900471428,3976.8221207770607,6338.643215711914,5157.732668244487,3.712458828357361
4,B,1.2,2.55e-14,4e-07,2.0,0.0004384231153800493,0.0003855974398663424,5.499072033533523e-11,8.717940016318362e-11,7.108506024925943e-11,-10.148221664151652,3125.360632869295,4954.782617970085,4040.07162541969,3.606389064677138
4,B,1.2,2.55e-14,5e-07,2.0,0.0005424714303992558,0.0004799680329730119,4.798378271401594e-11,7.266128324148957e-11,6.032253297775276e-11,-10.219520430481047,2727.1260422856462,4129.655199857322,3428.390621071484,3.535090298347743
4,B,1.2,3.775e-14,1e-07,2.0,0.0001124963307256193,9.682732155043051e-05,2.788115106202247e-10,4.502286074291407e-10,3.645200590246827e-10,-9.438278568075674,10703.964319808994,17284.906706176822,13994.435512992908,4.145955385221864
4,B,1.2,3.775e-14,2e-07,2.0,0.0002241087537668914,0.000196007583381031,1.430930809240404e-10,2.322645348144405e-10,1.8767880786924045e-10,-9.726584763846699,5493.543753682327,8916.960737669278,7205.252245675803,3.857649189450839
4,B,1.2,3.775e-14,3e-07,2.0,0.000334931633505173,0.0002938755508250157,9.804589100842765e-11,1.599911587321147e-10,1.2901852487027118e-10,-9.889347927907506,3764.119052055962,6142.284623557529,4953.201837806746,3.694886025390031
4,B,1.2,3.775e-14,4e-07,2.0,0.0004441759532180259,0.0003902383959913834,7.538347495750615e-11,1.217297097967099e-10,9.855659237710803e-11,-10.006314320778293,2894.077165083258,4673.374020413088,3783.725592748173,3.5779196325192446
4,B,1.2,3.775e-14,5e-07,2.0,0.0005519790714312441,0.000485316736876914,6.278398668338734e-11,1.007996436634538e-10,8.179181517342056e-11,-10.087290153576436,2410.365166844701,3869.8394726347565,3140.102319739729,3.496943799721101
4,B,1.2,5e-14,1e-07,2.0,0.0001127311975456285,9.696681097619728e-05,3.639924674631236e-10,5.956806868498916e-10,4.798365771565076e-10,-9.318906649549168,10550.506303278946,17266.10686521425,13908.306584246599,4.143274255377558
4,B,1.2,5e-14,2e-07,2.0,0.000224972139884394,0.0001966918160683303,1.808229485543603e-10,3.036435962757358e-10,2.4223327241504803e-10,-9.615766203745386,5241.244885633631,8801.263660166254,7021.254272899943,3.84641470118134
4,B,1.2,5e-14,3e-07,2.0,0.0003366436883091512,0.000295352272778375,1.263140547566961e-10,2.042874916745818e-10,1.6530077321563894e-10,-9.781725114955474,3661.276949469452,5921.376570277734,4791.326759873593,3.6804557899712522
4,B,1.2,5e-14,4e-07,2.0,0.0004471641975244466,0.0003929725578140705,9.704721000748513e-11,1.58941387509339e-10,1.2799429875841205e-10,-9.892809374671705,2812.9626089126127,4606.996739401131,3709.9796741568716,3.569371530255021
4,B,1.2,5e-14,5e-07,2.0,0.0005566205294410858,0.0004893566163673886,7.909871775466119e-11,1.286029233882115e-10,1.0385082057143634e-10,-9.983590067561824,2292.7164566568463,3727.6209677742463,3010.1687122155463,3.478590837364901
4,B,1.3,1e-15,1e-07,2.0,0.0001019398681773718,9.16410575073026e-05,2.113118563997363e-11,2.54325189875074e-11,2.3281852313740516e-11,-10.63298247000006,30624.906724599467,36858.72317030058,33741.814947450024,4.528168439262685
4,B,1.3,1e-15,2e-07,2.0,0.0001834078556080257,0.0001619897881754115,1.555067331522688e-11,1.812585832983299e-11,1.6838265822529935e-11,-10.773702638637307,22537.207703227366,26269.35989830868,24403.283800768026,4.387448270625438
4,B,1.3,1e-15,3e-07,2.0,0.0002621606961458391,0.0002279017139257904,1.364190418361748e-11,1.573126252240098e-11,1.4686583353009228e-11,-10.833079225552053,19770.87562843113,22798.93119188548,21284.903410158306,4.328071683710692
4,B,1.3,1e-15,4e-07,2.0,0.0003388191125894416,0.0002917769065600426,1.276016728182164e-11,1.465927243058739e-11,1.3709719856204516e-11,-10.86297141947362,18492.996060611073,21245.32236317013,19869.1592118906,4.298179489789124
4,B,1.3,1e-15,5e-07,2.0,0.0004142260290199406,0.0003601686127714161,1.21886259706002e-11,1.399586594761174e-11,1.309224595910597e-11,-10.88298584436013,17664.675319710437,20283.863692190927,18974.26950595068,4.278165064902615
4,B,1.3,1.325e-14,1e-07,2.0,0.0001262637529612724,0.0001089128705361193,1.000976958875299e-10,1.584513404071265e-10,1.292745181473282e-10,-9.888487072324768,10948.613167900456,17331.2923606373,14139.952764268877,4.15044795866515
4,B,1.3,1.325e-14,2e-07,2.0,0.0002494616957857746,0.0002171537407795952,5.372486399799286e-11,8.480873493766087e-11,6.926679946782686e-11,-10.15947487885044,5876.386546129927,9276.317739968375,7576.352143049151,3.8794601521394765
4,B,1.3,1.325e-14,3e-07,2.0,0.0003682591529259967,0.0003279918791318749,4.119729784588788e-11,6.029231113975744e-11,5.074480449282266e-11,-10.294608416382308,4506.130472615574,6594.729137517905,5550.429805066739,3.7443266146076097
4,B,1.3,1.325e-14,4e-07,2.0,0.0004828141044869853,0.0004307843343126435,3.400336508400648e-11,4.850014343797789e-11,4.1251754260992186e-11,-10.38455757803117,3719.2633397874197,5304.910411591785,4512.0868756896025,3.654377452958748
4,B,1.3,1.325e-14,5e-07,2.0,0.0005927341578514737,0.0005294571775860054,2.980060472241736e-11,4.131758516249086e-11,3.555909494245411e-11,-10.449049301315437,3259.568468407696,4519.287411811963,3889.4279401098293,3.589885729674481
4,B,1.3,2.55e-14,1e-07,2.0,0.0001277286764705262,0.0001099956188315178,1.816821934624434e-10,2.926492485818898e-10,2.371657210221666e-10,-9.624948081946613,10325.785363026054,16632.523363562937,13479.154363294496,4.129662646882177
4,B,1.3,2.55e-14,2e-07,2.0,0.0002546636943451113,0.0002216094455554635,9.425417861299282e-11,1.524045561675362e-10,1.2332936739026452e-10,-9.908933496178753,5356.872896447448,8661.810523872477,7009.3417101599625,3.845677232650038
4,B,1.3,2.55e-14,3e-07,2.0,0.0003792087755927756,0.0003309582146731603,6.59124376276079e-11,1.050083936916635e-10,8.546041565963569e-11,-10.068234999206078,3746.0890950615462,5968.081482902161,4857.085288981853,3.6863757296227115
4,B,1.3,2.55e-14,4e-07,2.0,0.0005009758967386113,0.0004378444861952615,5.182555075283615e-11,8.176904035872598e-11,6.679729555578106e-11,-10.175241120592977,2945.470346850592,4647.288454602216,3796.379400726404,3.579369608235813
4,B,1.3,2.55e-14,5e-07,2.0,0.0006208176400025473,0.0005447806123075592,4.533379738034905e-11,6.79639950187724e-11,5.6648896199560724e-11,-10.246808547920798,2576.515906811541,3862.6879806065594,3219.60194370905,3.507802180907991
4,B,1.3,3.775e-14,1e-07,2.0,0.0001282536771712082,0.0001103579095556926,2.642072569444234e-10,4.294750140938872e-10,3.468411355191553e-10,-9.459869400614677,10143.286570474074,16488.147196233316,13315.716883353696,4.124364552682861
4,B,1.3,3.775e-14,2e-07,2.0,0.0002565398393645128,0.0002233235049798846,1.35272765973393e-10,2.169374543604101e-10,1.7610511016690156e-10,-9.754228041618829,5193.310911734064,8328.532656124778,6760.9217839294215,3.8300059116787097
4,B,1.3,3.775e-14,3e-07,2.0,0.0003834738645912856,0.0003345080350774413,9.256321504591172e-11,1.488299279811665e-10,1.206965715135391e-10,-9.91830506622327,3553.631444319483,5713.789345663366,4633.710394991424,3.665928887074267
4,B,1.3,3.775e-14,4e-07,2.0,0.0005084284292825082,0.0004440213255064552,7.135646706415345e-11,1.15052909451886e-10,9.320468825801973e-11,-10.030562241794316,2739.474692932276,4417.042305475997,3578.2584992041366,3.5536717115032213
4,B,1.3,3.775e-14,5e-07,2.0,0.0006314716409301507,0.0005516277613063236,5.910772463126678e-11,9.406811394945027e-11,7.658791929035853e-11,-10.115839729052801,2269.228318697257,3611.406620575882,2940.3174696365695,3.468394224244737
4,B,1.3,5e-14,1e-07,2.0,0.0001285237186046102,0.0001105784869795853,3.439410866510129e-10,5.617450201990385e-10,4.528430534250257e-10,-9.344052289911545,9969.306859449649,16282.464353595318,13125.885606522483,4.118128615015181
4,B,1.3,5e-14,2e-07,2.0,0.0002575075268867089,0.0002241936058674818,1.737669048969445e-10,2.867920960459595e-10,2.30279500471452e-10,-9.637744721299269,5036.7218810708555,8312.814378143754,6674.768129607304,3.8244361836274563
4,B,1.3,5e-14,3e-07,2.0,0.0003856797158829271,0.0003365231896464009,1.192159541568302e-10,1.950938976020696e-10,1.5715492587944989e-10,-9.803672001864115,3455.5349030965276,5654.895582668684,4555.215242882606,3.6585089030626112
4,B,1.3,5e-14,4e-07,2.0,0.0005123188470338277,0.0004473413833120694,9.169678784055358e-11,1.477304256672105e-10,1.1971360675388204e-10,-9.92185648449514,2657.877908421843,4282.041323687261,3469.959616054552,3.5403244204315873
4,B,1.3,5e-14,5e-07,2.0,0.0006375010793932324,0.0005558717503818201,7.351818202249478e-11,1.209024207782371e-10,9.721030140036594e-11,-10.012287710338342,2130.961797753472,3504.41799357209,2817.689895662781,3.449893194588385
5,A,1.0,1e-15,1e-07,2.0,6.879281150208653e-05,4.422765022697735e-05,2.354314449410373e-11,2.922611756102653e-11,2.638463102756513e-11,-10.57864897477899,34120.499266817,42356.69211742976,38238.59569212338,4.582501934483756
5,A,1.0,1e-15,1e-07,2.5,6.99933722625562e-05,4.901370317624252e-05,2.061976944533971e-11,3.032237677335766e-11,2.5471073109348685e-11,-10.593952757602105,29883.72383382567,43945.47358457633,36914.598709201,4.56719815166064
5,A,1.0,1e-15,1e-07,3.0,7.126872372792851e-05,5.422361342424381e-05,1.887018389135904e-11,3.208299135733146e-11,2.547658762434525e-11,-10.593858742551825,27348.092596172522,46497.08892366879,36922.590759920655,4.567292166710918
5,A,1.0,1e-15,1e-07,3.5,7.22040530931633e-05,5.931222135584995e-05,1.747275933668742e-11,3.376082551630293e-11,2.5616792426495178e-11,-10.591475250808472,25322.839618387567,48928.73263232309,37125.78612535533,4.569675658454273
5,A,1.0,1e-15,1e-07,4.0,7.316874125922433e-05,6.366648311185552e-05,1.638706252664626e-11,3.536688638681517e-11,2.5876974456730716e-11,-10.587086502870372,23749.36598064676,51256.35708234083,37502.86153149379,4.574064406392372
5,A,1.0,1e-15,2e-07,2.0,0.0001184910942830842,6.677905548048856e-05,1.739137307327436e-11,2.219428630545713e-11,1.9792829689365745e-11,-10.703492112280392,25204.888511991823,32165.632326749463,28685.260419370643,4.4576587969823525
5,A,1.0,1e-15,2e-07,2.5,0.0001244532260659053,7.403046471089206e-05,1.56921770859715e-11,2.412133334421351e-11,1.9906755215092505e-11,-10.700999523851175,22742.285631842755,34958.45412204856,28850.36987694566,4.460151385411569
5,A,1.0,1e-15,2e-07,3.0,0.0001296034887307512,8.173631994990181e-05,1.44493005984456e-11,2.58757447634072e-11,2.01625226809264e-11,-10.695455131062591,20941.015360066085,37501.07936725682,29221.04736366145,4.465695778200154
5,A,1.0,1e-15,2e-07,3.5,0.0001343680957559486,8.893454162293178e-05,1.351028148195269e-11,2.749648137159594e-11,2.0503381426774315e-11,-10.688174508998555,19580.11808978651,39849.97300231296,29715.045546049732,4.47297640026419
5,A,1.0,1e-15,2e-07,4.0,0.000138378258699681,9.573391789097559e-05,1.277302219958239e-11,2.911998669931046e-11,2.0946504449446425e-11,-10.67888844167046,18511.626376206365,42202.87927436299,30357.252825284675,4.4822624675922835
5,A,1.0,1e-15,3e-07,2.0,0.0001657153014578781,8.466451133303612e-05,1.519805644918303e-11,1.958368553170862e-11,1.7390870990445828e-11,-10.7596786665958,22026.16876693193,28382.15294450525,25204.16085571859,4.401472242666944
5,A,1.0,1e-15,3e-07,2.5,0.0001760946883572682,9.566032308866571e-05,1.375831852443027e-11,2.162741755929497e-11,1.7692868041862622e-11,-10.75220176156204,19939.592064391698,31344.083419268074,25641.837741829884,4.408949147700706
5,A,1.0,1e-15,3e-07,3.0,0.0001841078645526349,0.0001059026085109261,1.275070304921749e-11,2.35576091914088e-11,1.8154156120313144e-11,-10.741023934071897,18479.279781474623,34141.46259624464,26310.37118885963,4.420126975190847
5,A,1.0,1e-15,3e-07,3.5,0.0001923701609165724,0.0001155800168430205,1.19905305403377e-11,2.535829936012066e-11,1.867441495022918e-11,-10.728752995288582,17377.580493243044,36751.158492928495,27064.369493085767,4.432397913974162
5,A,1.0,1e-15,3e-07,4.0,0.0002002670639019913,0.0001248654801768429,1.139439811039115e-11,2.693660557195319e-11,1.916550184117217e-11,-10.717479804429539,16513.62044984225,39038.55879993216,27776.0896248872,4.443671104833205
5,A,1.0,1e-15,4e-07,2.0,0.0002091736215705619,0.0001034812529693718,1.40435901742623e-11,1.829441861708408e-11,1.616900439567319e-11,-10.791316720896138,20353.029238061306,26513.650169687076,23433.33970387419,4.369834188366607
5,A,1.0,1e-15,4e-07,2.5,0.0002254238227545759,0.0001167299220542753,1.279503315897483e-11,2.035352383252362e-11,1.6574278495749224e-11,-10.780565368029366,18543.526317354826,29497.860626845824,24020.693472100327,4.380585541233378
5,A,1.0,1e-15,4e-07,3.0,0.0002366824097786505,0.0001296039394605455,1.190762305860987e-11,2.236042644903684e-11,1.7134024753823353e-11,-10.766140610001933,17257.424722623,32406.415143531653,24831.919933077326,4.395010299260812
5,A,1.0,1e-15,4e-07,3.5,0.0002476329324301308,0.0001407844982795083,1.123398321851811e-11,2.422069529519764e-11,1.7727339256857877e-11,-10.751356443912874,16281.13509930161,35102.4569495618,25691.796024431704,4.40979446534987
5,A,1.0,1e-15,4e-07,4.0,0.0002605802498741367,0.0001520413986655778,1.070315404408575e-11,2.591731769445894e-11,1.8310235869272344e-11,-10.737306061156325,15511.81745519674,37561.32999196948,26536.573723583107,4.4238448481064205
5,A,1.0,1e-15,5e-07,2.0,0.0002541817533670858,0.0001217386527858407,1.331939458786223e-11,1.747668461463997e-11,1.53980396012511e-11,-10.812534567770939,19303.47041719164,25328.528427014448,22315.999422103043,4.348616341491806
5,A,1.0,1e-15,5e-07,2.5,0.0002741460866512685,0.0001372309725046139,1.219344229738182e-11,1.956751176735207e-11,1.5880477032366946e-11,-10.799136455976114,17671.655503451915,28358.71270630735,23015.184104879634,4.362014453286631
5,A,1.0,1e-15,5e-07,3.0,0.000288874300740405,0.0001520086371617897,1.137845729152094e-11,2.155498340707428e-11,1.646672034929761e-11,-10.78339288996409,16490.517813798466,31239.106387064177,23864.81210043132,4.377758019298656
5,A,1.0,1e-15,5e-07,3.5,0.0003032152825673224,0.0001657606331178837,1.076132601648387e-11,2.349620477089798e-11,1.7128765393690924e-11,-10.766273938962707,15596.124661570826,34052.470682460844,24824.297672015833,4.394876970300038
5,A,1.0,1e-15,5e-07,4.0,0.0003198234275789488,0.0001802157263528824,1.027699943267855e-11,2.529193745764548e-11,1.7784468445162016e-11,-10.749959110786486,14894.202076345724,36654.981822674614,25774.59194951017,4.411191798476258
5,A,1.0,1.325e-14,1e-07,2.0,8.192387331547341e-05,6.425074549608673e-05,1.231818347994095e-10,1.924530907862703e-10,1.578174627928399e-10,-9.80184494298362,13473.539491321795,21050.379085181332,17261.959288251564,4.2370900880062985
5,A,1.0,1.325e-14,1e-07,2.5,8.198909876627118e-05,8.020326906552425e-05,9.88784310426101e-11,1.937647677517346e-10,1.4632159939717234e-10,-9.834691560363993,10815.250866022434,21193.849357586507,16004.55011180447,4.204243470625925
5,A,1.0,1.325e-14,1e-07,3.0,8.20576443704381e-05,9.568803948220086e-05,8.34694351445771e-11,1.957055773276289e-10,1.3958750623610302e-10,-9.855153451451661,9129.826102770261,21406.133697306966,15267.979900038614,4.183781579538257
5,A,1.0,1.325e-14,1e-07,3.5,8.212378780279818e-05,0.0001111143994401699,7.367863829714514e-11,1.976094233787793e-10,1.356440308379622e-10,-9.867599313079486,8058.915865151233,21614.374993577174,14836.645429364204,4.171335717910431
5,A,1.0,1.325e-14,1e-07,4.0,8.218778733193589e-05,0.0001261768028477918,6.544355959817951e-11,1.994808648429435e-10,1.324622122205615e-10,-9.87790799617755,7158.168947025379,21819.07189969303,14488.620423359203,4.161027034812368
5,A,1.0,1.325e-14,2e-07,2.0,0.00015824677725535,0.0001263698946609662,6.632401110436647e-11,1.048246820439693e-10,8.557434657416789e-11,-10.067656408349205,7254.472092356191,11465.64747541365,9360.05978388492,3.971278622640713
5,A,1.0,1.325e-14,2e-07,2.5,0.0001585210766650545,0.0001554074942298594,5.477611515936116e-11,1.0664597996495e-10,8.071104756215558e-11,-10.093067015873906,5991.371633509561,11664.859717249112,8828.115675379337,3.9458680151160115
5,A,1.0,1.325e-14,2e-07,3.0,0.0001587800121079019,0.0001835549843235206,4.709147159586655e-11,1.084193171748901e-10,7.775539438537832e-11,-10.10926947149038,5150.830910130331,11858.826051396238,8504.828480763284,3.9296655594995378
5,A,1.0,1.325e-14,2e-07,3.5,0.0001590203055525439,0.0002105633215409469,4.222956791089303e-11,1.101516239624833e-10,7.619059593668817e-11,-10.118098629511342,4619.039421481328,12048.304507791447,8333.671964636387,3.9208364014785753
5,A,1.0,1.325e-14,2e-07,4.0,0.0001592465784243259,0.0002357309645041466,3.803107142696486e-11,1.118513836061337e-10,7.494122751654929e-11,-10.125279197560639,4159.810929938733,12234.22298125608,8197.016955597406,3.913655833429279
5,A,1.0,1.325e-14,3e-07,2.0,0.0002334713433859024,0.0001840510443191831,4.825014924843131e-11,7.495576646475155e-11,6.160295785659143e-11,-10.210398434751873,5277.566228977995,8198.607215176544,6738.086722077269,3.828536596238044
5,A,1.0,1.325e-14,3e-07,2.5,0.0002345156840545368,0.0002248225895458425,4.055725328079235e-11,7.671633136840831e-11,5.863679232460033e-11,-10.231829795424034,4436.122863636025,8391.176523752618,6413.649693694321,3.807105235565885
5,A,1.0,1.325e-14,3e-07,3.0,0.0002346638201849194,0.0002645562246594067,3.702233649635619e-11,7.842623613251488e-11,5.7724286314435534e-11,-10.238641427862818,4049.476236954465,8578.204663113469,6313.8404500339675,3.8002936031271006
5,A,1.0,1.325e-14,3e-07,3.5,0.0002358465653757995,0.0003025389345937598,3.348104621615793e-11,8.009761476776076e-11,5.678933049195934e-11,-10.24573325132643,3662.1324819423503,8761.01884252237,6211.57566223236,3.7932017796634883
5,A,1.0,1.325e-14,3e-07,4.0,0.0002356897602812126,0.0003367686370759141,3.085971297709932e-11,8.173812503286429e-11,5.6298919004981803e-11,-10.24949994395289,3375.4129589389468,8940.456662057893,6157.93481049842,3.7894350870370284
5,A,1.0,1.325e-14,4e-07,2.0,0.0003070303978013122,0.0002391601874155058,3.778453811447675e-11,6.041632914646259e-11,4.910043363046967e-11,-10.308914672388466,4132.845295540252,6608.294136884069,5370.5697162121605,3.730020358601452
5,A,1.0,1.325e-14,4e-07,2.5,0.0003087983596248489,0.0002915305875821068,3.492323750302099e-11,6.201865157706052e-11,4.847094454004075e-11,-10.31451851721698,3819.878315889636,6783.554998858138,5301.716657373887,3.7244165137729373
5,A,1.0,1.325e-14,4e-07,3.0,0.0003091910137332994,0.0003379802683935963,3.117678594717137e-11,6.391532975900134e-11,4.754605785308636e-11,-10.32288548553255,3410.0941697753756,6991.012278807913,5200.553224291644,3.7160495454573677
5,A,1.0,1.325e-14,4e-07,3.5,0.0003101512061723918,0.0003803085999694259,2.849754056396622e-11,6.575871426838413e-11,4.7128127416175176e-11,-10.326719816106664,3117.0402585689058,7192.640335617625,5154.840297093266,3.7122152148832552
5,A,1.0,1.325e-14,4e-07,4.0,0.0003110381228446291,0.0004148648144186596,2.652030172878113e-11,6.75593329306449e-11,4.703981732971302e-11,-10.327534373429614,2900.771312964849,7389.590695175818,5145.181004070333,3.711400657560303
5,A,1.0,1.325e-14,5e-07,2.0,0.0003788108884298477,0.0002923893832697305,3.527552929004044e-11,5.138487263037341e-11,4.3330200960206926e-11,-10.363209296755919,3858.4117353065844,5620.439992384295,4739.425863845439,3.675725734233999
5,A,1.0,1.325e-14,5e-07,2.5,0.0003808536173886529,0.000350180335149917,3.071562982682338e-11,5.30556407066623e-11,4.188563526674284e-11,-10.377934893358773,3359.653248763838,5803.187389298584,4581.420319031211,3.661000137631145
5,A,1.0,1.325e-14,5e-07,3.0,0.0003824261263176953,0.0003986638338179697,2.770167484341547e-11,5.465905074004541e-11,4.118036279173044e-11,-10.385309831643374,3029.989044945635,5978.567212474205,4504.278128709921,3.653625199346544
5,A,1.0,1.325e-14,5e-07,3.5,0.000384342769466537,0.0004418359620674328,2.554410614966264e-11,5.6290290780762e-11,4.091719846521232e-11,-10.388094109386824,2793.9957505783586,6156.991061609188,4475.493406093774,3.6508409216030944
5,A,1.0,1.325e-14,5e-07,4.0,0.0003855315440407356,0.000478552337248117,2.380514318425742e-11,5.797886183323048e-11,4.089200250874395e-11,-10.38836162123332,2603.789246295589,6341.685735108612,4472.7374907021,3.650573409756598
5,A,1.0,2.55e-14,1e-07,2.0,8.261891236242534e-05,6.546204439574666e-05,2.245949618854599e-10,3.578704499861301e-10,2.91232705935795e-10,-9.53575985459992,12764.703716138672,20339.326512425698,16552.015114282185,4.2188508742288695
5,A,1.0,2.55e-14,1e-07,2.5,8.265489411939083e-05,8.20721043762112e-05,1.786083067145579e-10,3.591754043665502e-10,2.6889185554055403e-10,-9.570422351913413,10151.083075564533,20413.4927176215,15282.287896593016,4.184188376915377
5,A,1.0,2.55e-14,1e-07,3.0,8.269141664183624e-05,9.846113596365997e-05,1.489842178346081e-10,3.610850922236252e-10,2.5503465502911666e-10,-9.593400802055017,8467.417893413363,20522.028543542216,14494.72321847779,4.161209926773772
5,A,1.0,2.55e-14,1e-07,3.5,8.272696903770406e-05,0.0001145722109699409,1.293538369638686e-10,3.629650846748965e-10,2.4615946081938255e-10,-9.608783468025724,7351.738389535018,20628.876651031347,13990.307520283182,4.145827260803066
5,A,1.0,2.55e-14,1e-07,4.0,8.276167396648865e-05,0.0001307272844229594,1.143275147913844e-10,3.648200460213564e-10,2.395737804063704e-10,-9.620560714028642,6497.72746754103,20734.302132501078,13616.014800021054,4.134050014800147
5,A,1.0,2.55e-14,2e-07,2.0,0.0001612043713735923,0.000130965924078127,1.150806939161699e-10,1.876754380286614e-10,1.5137806597241565e-10,-9.819937047671072,6540.533896912187,10666.407390091585,8603.470643501885,3.9346736811577174
5,A,1.0,2.55e-14,2e-07,2.5,0.0001613435662383216,0.0001625821783105426,9.318688913149155e-11,1.89775658018485e-10,1.4148127357498828e-10,-9.84930103944182,5296.2142160552185,10785.771981726914,8040.9930988910655,3.90530968938697
5,A,1.0,2.55e-14,2e-07,3.0,0.0001614772038568751,0.0001937374794101256,7.894078773966419e-11,1.918326610931477e-10,1.3538672441640596e-10,-9.868423919073056,4486.54661777006,10902.680369033687,7694.613493401874,3.886186809755733
5,A,1.0,2.55e-14,2e-07,3.5,0.0001616059861315847,0.0002237547337422536,6.908658381849926e-11,1.938514284408788e-10,1.3146900612968902e-10,-9.881176620203725,3926.4895605853526,11017.415654497234,7471.952607541293,3.873434108625065
5,A,1.0,2.55e-14,2e-07,4.0,0.0001618011999224108,0.0002536938243371758,6.265820736905648e-11,1.956316147520968e-10,1.2914491106057664e-10,-9.888922702474435,3561.1371053740545,11118.591347092744,7339.8642262334,3.8656880263543543
5,A,1.0,2.55e-14,3e-07,2.0,0.0002381140671885809,0.0001938926394314453,8.077071133290434e-11,1.297310114295074e-10,1.0525086138120587e-10,-9.977774341178055,4590.549095362567,7373.174846803491,5981.861971083029,3.776836387650735
5,A,1.0,2.55e-14,3e-07,2.5,0.000238422396310955,0.0002390684325663891,6.664327385413306e-11,1.315317718869711e-10,9.908752287055208e-11,-10.003981028558318,3787.6256808259777,7475.519857173693,5631.572768999835,3.750629700270472
5,A,1.0,2.55e-14,3e-07,3.0,0.0002396838978558265,0.0002832867184175023,5.689824253242678e-11,1.348119055116492e-10,9.5855074022038e-11,-10.018384893099455,3233.7733749603176,7661.944047266225,5447.858711113271,3.736225835729335
5,A,1.0,2.55e-14,3e-07,3.5,0.0002399577055559117,0.0003255824374774749,5.026850304122549e-11,1.367827594610781e-10,9.352563125115179e-11,-10.029069351849706,2856.9765865999148,7773.956206938227,5315.466396769071,3.725541376979083
5,A,1.0,2.55e-14,3e-07,4.0,0.000240412412044521,0.0003667232807583819,4.536371573160366e-11,1.373554497134355e-10,9.135958272251958e-11,-10.039245892698501,2578.216296197992,7806.504672545356,5192.360484371674,3.7153648361302887
5,A,1.0,2.55e-14,4e-07,2.0,0.0003149086568794767,0.0002534147007873056,6.177305216314888e-11,1.021473302238194e-10,8.196019119348414e-11,-10.086397037164714,3510.829904128951,5805.474863530515,4658.152383829733,3.6682136916640755
5,A,1.0,2.55e-14,4e-07,2.5,0.0003154597618325003,0.000311456092763173,5.119306708575743e-11,1.041495785702565e-10,7.767132282800697e-11,-10.10973929827006,2909.523562702895,5919.271302657376,4414.397432680135,3.6448714305587298
5,A,1.0,2.55e-14,4e-07,3.0,0.0003159787736609607,0.0003681033374195695,4.627390234417246e-11,1.06102514652365e-10,7.618820849826873e-11,-10.118112238376899,2629.9461406179294,6030.2651123822125,4330.105626500071,3.636498490451891
5,A,1.0,2.55e-14,4e-07,3.5,0.000317155701342715,0.0004220118584051805,4.103027059174555e-11,1.080143890044019e-10,7.452232979807373e-11,-10.12771357617742,2331.927854034985,6138.925206274619,4235.426530154802,3.62689715265137
5,A,1.0,2.55e-14,4e-07,4.0,0.0003169154940242436,0.0004694689638369383,3.565638245113412e-11,1.09892549801125e-10,7.277446612612956e-11,-10.138020971864094,2026.5065331704536,6245.669212908499,4136.087873039476,3.6165897569646956
5,A,1.0,2.55e-14,5e-07,2.0,0.0003907036921630178,0.0003125861845491699,5.347692785963034e-11,8.402337734559277e-11,6.875015260261155e-11,-10.162726333506448,3039.325254880952,4775.412182187712,3907.3687185343315,3.591884395322342
5,A,1.0,2.55e-14,5e-07,2.5,0.0003915810950528403,0.0003828182123619449,4.480893004011946e-11,8.576729141079575e-11,6.528811072545761e-11,-10.1851658986092,2546.6854242750483,4874.526366058299,3710.6058951666737,3.56944483021959
5,A,1.0,2.55e-14,5e-07,3.0,0.0003923891101223096,0.0004471786839904773,3.927856099364708e-11,8.766992673126291e-11,6.3474243862455e-11,-10.19740246396065,2232.3706162913945,4982.661365800678,3607.515991046036,3.5572082648681405
5,A,1.0,2.55e-14,5e-07,3.5,0.0003931428331409992,0.000514853076029748,3.6501980715676e-11,8.966575091000502e-11,6.308386581284051e-11,-10.20008170073087,2074.565542237909,5096.092691674057,3585.3291169559834,3.55452902809792
5,A,1.0,2.55e-14,5e-07,4.0,0.0003938482806076604,0.0005784611681166729,3.345926041883382e-11,9.160840755743327e-11,6.253383398813354e-11,-10.20388494363909,1901.634579075523,5206.5022766372995,3554.0684278564113,3.5507257851896994
5,A,1.0,3.775e-14,1e-07,2.0,8.286829156090093e-05,6.595447108941735e-05,3.247992575264776e-10,5.198198188153293e-10,4.2230953817090347e-10,-9.374369109604666,12469.49832139275,19956.610761698026,16213.054541545389,4.2098648436928725
5,A,1.0,3.775e-14,1e-07,2.5,8.289340665082046e-05,8.286266608105898e-05,2.587827734030756e-10,5.21320950031623e-10,3.900518617173493e-10,-9.408877644870316,9935.033051274619,20014.241291165104,14974.637171219862,4.175356308427221
5,A,1.0,3.775e-14,1e-07,3.0,8.291851582194071e-05,9.945947047409161e-05,2.180266571160016e-10,5.234934197824132e-10,3.707600384492074e-10,-9.430907081475365,8370.34867515123,20097.645447064526,14233.997061107879,4.1533268718221725
5,A,1.0,3.775e-14,1e-07,3.5,8.294302749033069e-05,0.0001160309066526622,1.863895466005971e-10,5.256363898177098e-10,3.5601296820915345e-10,-9.44853418202966,7155.755700186088,20179.91706757692,13667.836383881504,4.135699771267878
5,A,1.0,3.775e-14,1e-07,4.0,8.296703394414899e-05,0.0001324857888976533,1.628922364154055e-10,5.277546189478724e-10,3.4532342768163896e-10,-9.461773956930829,6253.661058274519,20261.238850095884,13257.449954185202,4.122459996366709
5,A,1.0,3.775e-14,2e-07,2.0,0.000162034194591826,0.0001324929806797383,1.640091250340673e-10,2.691251591112335e-10,2.165671420726504e-10,-9.664407434594425,6296.5399763534815,10332.09172132579,8314.315848839637,3.919826518703112
5,A,1.0,3.775e-14,2e-07,2.5,0.0001621292615527436,0.0001649783177018644,1.324588733841104e-10,2.710063735380232e-10,2.017326234610668e-10,-9.69522386359464,5085.281634863631,10404.314177484337,7744.797906173984,3.889010089702898
5,A,1.0,3.775e-14,2e-07,3.0,0.0001622212207635376,0.0001974809076851488,1.12343056015344e-10,2.728574039217851e-10,1.9260022996856455e-10,-9.715343198654791,4313.00723736804,10475.377825963535,7394.192531665787,3.868890754642746
5,A,1.0,3.775e-14,2e-07,3.5,0.0001623104633157569,0.0002289343355184942,9.724585520694869e-11,2.746855170724956e-10,1.8596568613972214e-10,-9.730567183174308,3733.404557325989,10545.561649774283,7139.483103550136,3.8536667701232292
5,A,1.0,3.775e-14,2e-07,4.0,0.0001623972613175634,0.0002604451291643658,8.54703175115937e-11,2.764922647945902e-10,1.8098129115309196e-10,-9.74236631777682,3281.3251756058626,10614.925224861898,6948.125200233881,3.8418676355207166
5,A,1.0,3.775e-14,3e-07,2.0,0.0002408195724289479,0.0001974155283480016,1.138925069382329e-10,1.845194300206901e-10,1.492059684794615e-10,-9.826213804035929,4372.492828034664,7083.959305909977,5728.22606697232,3.758020149261608
5,A,1.0,3.775e-14,3e-07,2.5,0.0002410267402163699,0.0002448604627434107,9.213750925612715e-11,1.86350489362399e-10,1.3924399930926307e-10,-9.856223511579927,3537.2880029226285,7154.256238118784,5345.772120520706,3.7280104417176108
5,A,1.0,3.775e-14,3e-07,3.0,0.0002412255484343227,0.0002911674301664292,7.86549156033836e-11,1.881478041388877e-10,1.3340135987113564e-10,-9.874839743271643,3019.6723525629563,7223.257669215384,5121.46501088917,3.709394210025895
5,A,1.0,3.775e-14,3e-07,3.5,0.0002414169984398293,0.0003366341847565971,6.900271864741514e-11,1.899196155487414e-10,1.2946116709807828e-10,-9.887860482116709,2649.1109951978174,7291.279990353832,4970.195492775824,3.696373471180828
5,A,1.0,3.775e-14,3e-07,4.0,0.0002416018541026726,0.0003808833966085646,6.137612463192867e-11,1.916942459117428e-10,1.2653518527183573e-10,-9.897788694688431,2356.3153712229073,7359.410535051074,4857.862953136991,3.6864452586091057
5,A,1.0,3.775e-14,4e-07,2.0,0.0003191183342923124,0.0002607526342156834,8.767437331336769e-11,1.440017529063823e-10,1.1583806310987499e-10,-9.936148712781302,3365.9419642333314,5528.428943521732,4447.1854538775315,3.6480852405162354
5,A,1.0,3.775e-14,4e-07,2.5,0.0003194829459278359,0.0003221920950000598,7.255980183833978e-11,1.460533320294397e-10,1.0930656693388975e-10,-9.961353745667143,2785.6723999746537,5607.191938936164,4196.432169455409,3.6228802076303945
5,A,1.0,3.775e-14,4e-07,3.0,0.000319830587927727,0.0003811294318219992,6.160748987503115e-11,1.48060012006192e-10,1.0483375094061157e-10,-9.979498874914444,2365.1978068924527,5684.231193250485,4024.714500071469,3.6047350783830927
5,A,1.0,3.775e-14,4e-07,3.5,0.0003201600557608479,0.0004393842987491864,5.46490825200426e-11,1.500290815250164e-10,1.023390820225295e-10,-9.989958482950554,2098.05480449343,5759.826529418041,3928.9406669557357,3.594275470346984
5,A,1.0,3.775e-14,4e-07,4.0,0.0003207659433702531,0.0004960586568926389,4.941664994060904e-11,1.496125083762024e-10,9.951457915840572e-11,-10.002113289262095,1897.1743906558806,5743.833702896724,3820.5040467763024,3.582120664035443
5,A,1.0,3.775e-14,5e-07,2.0,0.0003951934987644521,0.0003223920593906463,7.16548284026291e-11,1.182641713596332e-10,9.495949988113116e-11,-10.022461581326391,2750.9292025195937,4540.327146929004,3645.628174724299,3.561772371971147
5,A,1.0,3.775e-14,5e-07,2.5,0.00039576898810739,0.0003960027733745154,5.774747704687471e-11,1.200963445022993e-10,8.8921910774587e-11,-10.050991213652496,2217.0065091419415,4610.666839516241,3413.8366743290917,3.533242739645041
5,A,1.0,3.775e-14,5e-07,3.0,0.0003963145241429328,0.0004687138873812005,5.23596753044549e-11,1.218829557446876e-10,8.712131552457125e-11,-10.059875575392448,2010.161255569821,4679.257346950288,3344.7093012600544,3.524358377905089
5,A,1.0,3.775e-14,5e-07,3.5,0.0003978280042275966,0.0005389283076736312,4.615919272538029e-11,1.236307641429635e-10,8.48949784341719e-11,-10.071117997657426,1772.1160466601514,4746.358158862215,3259.237102761183,3.513115955640112
5,A,1.0,3.775e-14,5e-07,4.0,0.0003992282324150545,0.0006053455677701489,4.112117677052418e-11,1.259664302189342e-10,8.35438034947292e-11,-10.078085756516783,1578.6995592868484,4836.027650213427,3207.3636047501377,3.5061481967807544
5,A,1.0,5e-14,1e-07,2.0,8.299657361895042e-05,6.624030823490753e-05,4.309691514928376e-10,6.846860553753294e-10,5.578276034340835e-10,-9.253499998993432,12491.859463560511,19845.972619574768,16168.91604156764,4.208680905933295
5,A,1.0,5e-14,1e-07,2.5,8.301599851391297e-05,8.321817334423734e-05,3.397997336748494e-10,6.861218943012842e-10,5.129608139880668e-10,-9.289915810168422,9849.267642749259,19887.59113916766,14868.42939095846,4.172265094758304
5,A,1.0,5e-14,1e-07,3.0,8.303522754227926e-05,0.0001000944077314185,2.849507303660598e-10,6.881931577314964e-10,4.865719440487781e-10,-9.312852936293151,8259.441459885793,19947.627760333227,14103.53461010951,4.149327968633576
5,A,1.0,5e-14,1e-07,3.5,8.305400926278467e-05,0.000116880714356531,2.470400367801591e-10,6.902373417500925e-10,4.686386892651258e-10,-9.329161860338388,7160.580776236497,20006.879471017175,13583.730123626836,4.1330190445883375
5,A,1.0,5e-14,1e-07,4.0,8.307242669891658e-05,0.0001335777817631223,2.176662661389052e-10,6.922612414359107e-10,4.5496375378740795e-10,-9.342023201490477,6309.16713446102,20065.543230026396,13187.355182243708,4.1201577034362495
5,A,1.0,5e-14,2e-07,2.0,0.0001624623594715888,0.0001336362520984156,2.170363410944184e-10,3.544729580453158e-10,2.857546495698671e-10,-9.54400669438462,6290.908437519374,10274.578494067124,8282.74346579325,3.918174210542106
5,A,1.0,5e-14,2e-07,2.5,0.0001625348255372761,0.0001667168034747739,1.737128506795544e-10,3.566537851478629e-10,2.6518331791370865e-10,-9.576453799897353,5035.155092160998,10337.7908738511,7686.472983006049,3.8857271050293725
5,A,1.0,5e-14,2e-07,3.0,0.0001626052075899463,0.0001994822306926425,1.457481405014305e-10,3.588035865857584e-10,2.5227586354359443e-10,-9.598124298555994,4224.583782650159,10400.10395900749,7312.343870828825,3.864056606370732
5,A,1.0,5e-14,2e-07,3.5,0.0001626737943748092,0.000231904771519281,1.271589136442543e-10,3.609252795773599e-10,2.440420966108071e-10,-9.612535252559372,3685.7656128769363,10461.602306590143,7073.683959733539,3.8496456523673546
5,A,1.0,5e-14,2e-07,4.0,0.0001627407690878028,0.0002639842061684204,1.128476435829191e-10,3.630231937303101e-10,2.379354186566146e-10,-9.623540904821965,3270.9461908092494,10522.411412472757,6896.678801641003,3.838640000104761
5,A,1.0,5e-14,3e-07,2.0,0.0002417163464835191,0.0001995203578097876,1.458491558900396e-10,2.422151327988814e-10,1.940321443444605e-10,-9.71212631669344,4227.511764928684,7020.728486924098,5624.120125926391,3.7500545882332843
5,A,1.0,5e-14,3e-07,2.5,0.0002418741094714243,0.0002480041683747994,1.193874664826618e-10,2.443238878046366e-10,1.818556771436492e-10,-9.7402731366567,3460.506274859763,7081.851820424249,5271.1790476420065,3.721907768270026
5,A,1.0,5e-14,3e-07,3.0,0.0002420263935595144,0.0002958841321028253,1.012967348009564e-10,2.463968409197379e-10,1.7384678786034716e-10,-9.759833329297168,2936.137240607432,7141.937417963419,5039.037329285426,3.702347575629558
5,A,1.0,5e-14,3e-07,3.5,0.0002421738284040395,0.0003429185024404244,8.725314662501362e-11,2.484377312335414e-10,1.678454389292775e-10,-9.775090455874176,2529.0767137685107,7201.0936589432295,4865.08518635587,3.68709044905255
5,A,1.0,5e-14,3e-07,4.0,0.0002423168750536184,0.0003887868724789911,7.797623518111621e-11,2.504505594198016e-10,1.6421339730045892e-10,-9.784591413986918,2260.1807298874264,7259.436504921787,4759.808617404607,3.6775894909398077
5,A,1.0,5e-14,4e-07,2.0,0.0003206761623995722,0.0002641461957393903,1.131313307753287e-10,1.843990404885852e-10,1.4876518563195694e-10,-9.827498691484804,3279.169007980542,5344.899724306818,4312.03436614368,3.634682213441922
5,A,1.0,5e-14,4e-07,2.5,0.0003209532125177601,0.0003271842571936972,9.149632008728709e-11,1.86233029176103e-10,1.3886467463169506e-10,-9.85740821908394,2652.067248906872,5398.058816698638,4025.063032802755,3.604772685842786
5,A,1.0,5e-14,4e-07,3.0,0.0003212191208581694,0.0003888484224833504,7.823233635971681e-11,1.880322361217685e-10,1.3313228624074267e-10,-9.875716609921001,2267.60395245556,5450.209742659957,3858.9068475577583,3.5864642950057246
5,A,1.0,5e-14,4e-07,3.5,0.000321475198985938,0.0004491957977185524,6.854944396621536e-11,1.898061285147998e-10,1.2917778624050759e-10,-9.888812162367337,1986.9404048178367,5501.626913472459,3744.283659145148,3.573368742559388
5,A,1.0,5e-14,4e-07,4.0,0.0003217224551288909,0.0005082524022383625,6.091289705653739e-11,1.91552713011081e-10,1.262328050338092e-10,-9.898827767169855,1765.5912190300694,5552.252551045826,3658.921885037948,3.563353137756871
5,A,1.0,5e-14,5e-07,2.0,0.0003990923845169222,0.0003275227041620908,9.257522050047023e-11,1.51904243614841e-10,1.2223973205765564e-10,-9.91278761071545,2683.3397246513114,4403.021554053363,3543.180639352337,3.549393294211276
5,A,1.0,5e-14,5e-07,2.5,0.000399521981992308,0.0004048036450369552,7.623879319203076e-11,1.539579127283123e-10,1.1509835296017153e-10,-9.93893089101336,2209.820092522631,4462.548195023545,3336.184143773088,3.523250013913365
5,A,1.0,5e-14,5e-07,3.0,0.0003999322280158817,0.0004803646614116571,6.527574587068326e-11,1.559680692756116e-10,1.1062190757314743e-10,-9.956158856793008,1892.0506049473408,4520.813602191642,3206.432103569491,3.506022048133718
5,A,1.0,5e-14,5e-07,3.5,0.0004003255528539911,0.0005530379779279679,5.730214800864173e-11,1.579400726681278e-10,1.0762111033838477e-10,-9.96810253160428,1660.9318263374414,4577.973120815299,3119.4524735763703,3.4940783733224454
5,A,1.0,5e-14,5e-07,4.0,0.000400699824112555,0.0006242240948147746,5.158325356799864e-11,1.598806080622757e-10,1.0573193081513717e-10,-9.975793836887021,1495.1667700869173,4634.220523544223,3064.6936468155704,3.4863870680397056
5,B,1.0,1e-15,1e-07,2.0,6.79145376515833e-05,6.562060398895745e-05,2.599200508660867e-11,3.141861272595933e-11,2.8705308906284e-11,-10.542037775200377,37669.57258928793,45534.22134197004,41601.896965628985,4.619113134062367
5,B,1.0,1e-15,1e-07,2.5,6.865613255873897e-05,7.534164930634216e-05,2.270337773812889e-11,3.239833644132803e-11,2.7550857089728464e-11,-10.55986488597555,32903.44599728825,46954.11078453338,39928.77839091081,4.601286023287194
5,B,1.0,1e-15,1e-07,3.0,6.974187913441632e-05,8.664889134396057e-05,2.06528499660492e-11,3.403304749979518e-11,2.7342948732922188e-11,-10.563154651824464,29931.66661746261,49323.25724607997,39627.46193177129,4.5979962574382816
5,B,1.0,1e-15,1e-07,3.5,7.069166215406635e-05,9.87697626103354e-05,1.902725548824042e-11,3.564722942762353e-11,2.7337242457931976e-11,-10.563245295390095,27575.732591652784,51662.651344381935,39619.19196801736,4.59790561387265
5,B,1.0,1e-15,1e-07,4.0,7.15140976513295e-05,0.0001092395733660448,1.778730982554638e-11,3.72405995631882e-11,2.751395469436729e-11,-10.560446982183796,25778.709892096205,53971.88342491043,39875.29665850332,4.600703927078949
5,B,1.0,1e-15,2e-07,2.0,0.0001212669627716717,0.0001146258332570491,1.968981278403987e-11,2.341521379095497e-11,2.155251328749742e-11,-10.666502078484802,28535.960556579525,33935.09245065937,31235.526503619447,4.494648830777942
5,B,1.0,1e-15,2e-07,2.5,0.000125357414021119,0.0001361006680052744,1.758440998705654e-11,2.523137142224734e-11,2.1407890704651942e-11,-10.669426121143573,25484.65215515441,36567.204959778755,31025.928557466585,4.491724788119171
5,B,1.0,1e-15,2e-07,3.0,0.0001291145825165988,0.0001567873960724529,1.609111896042145e-11,2.687943911915294e-11,2.1485279039787194e-11,-10.667859001549411,23320.462261480363,38955.70886833759,31138.08556490898,4.493291907713333
5,B,1.0,1e-15,2e-07,3.5,0.0001321216538436362,0.000176580725889438,1.496881253877309e-11,2.848975572867872e-11,2.1729284133725907e-11,-10.662954581175738,21693.931215613175,41289.50105605612,31491.71613583465,4.498196328087007
5,B,1.0,1e-15,2e-07,4.0,0.0001354135017600697,0.0001953415225961997,1.4090615182662e-11,3.01061029062081e-11,2.2098359044435053e-11,-10.655639974478063,20421.181424147828,43632.03319740305,32026.60731077544,4.505510934784682
5,B,1.0,1e-15,3e-07,2.0,0.0001721204410925954,0.0001628196539307435,1.739387241744997e-11,2.052257710883022e-11,1.8958224763140096e-11,-10.722202332170317,25208.510749927493,29742.86537511626,27475.688062521876,4.438948577092427
5,B,1.0,1e-15,3e-07,2.5,0.0001793883641204073,0.0001939364215897216,1.562281227743202e-11,2.242537248940186e-11,1.902409238341694e-11,-10.720696053730915,22641.756923814522,32500.53983971284,27571.148381763684,4.44045485553183
5,B,1.0,1e-15,3e-07,3.0,0.000186187827417849,0.0002235069111215307,1.437369158264086e-11,2.422979595565339e-11,1.9301743769147125e-11,-10.714403453939966,20831.437076291102,35115.64631254115,27973.541694416126,4.44674745532278
5,B,1.0,1e-15,3e-07,3.5,0.0001918056606692579,0.0002510488861073286,1.343537230038614e-11,2.596866797622005e-11,1.9702020138303096e-11,-10.705489241354265,19471.554058530637,37635.75069017398,28553.65237435231,4.45566166790848
5,B,1.0,1e-15,3e-07,4.0,0.0001968412812607466,0.0002757244562578186,1.272648434765536e-11,2.756231872978006e-11,2.014440153871771e-11,-10.695845630350226,18444.180213993277,39945.38946344936,29194.78483872132,4.46530527891252
5,B,1.0,1e-15,4e-07,2.0,0.0002215725267353144,0.0002118051016288389,1.634986980267554e-11,1.92329712221564e-11,1.779142051241597e-11,-10.749789375352005,23695.463482138468,27873.871336458553,25784.667409298512,4.41136153391074
5,B,1.0,1e-15,4e-07,2.5,0.0002328235195553672,0.0002521968604714247,1.473950980283486e-11,2.111706028831976e-11,1.792828504557731e-11,-10.74646125147873,21361.6084099056,30604.435200463424,25983.02180518451,4.414689657784016
5,B,1.0,1e-15,4e-07,3.0,0.000242393581254946,0.0002898307218226328,1.360378466592144e-11,2.298660609935303e-11,1.8295195382637236e-11,-10.737662948126097,19715.629950610786,33313.92188312033,26514.77591686556,4.423487961136648
5,B,1.0,1e-15,4e-07,3.5,0.0002501526969446937,0.0003223497934658556,1.276813325728494e-11,2.483175040684873e-11,1.8799941832066837e-11,-10.725843494462463,18504.54095258687,35988.04406789671,27246.292510241794,4.435307414800282
5,B,1.0,1e-15,4e-07,4.0,0.0002566342610017525,0.0003590932273054885,1.201437599772994e-11,2.648454075296892e-11,1.9249458375349432e-11,-10.715581485786974,17412.13912714484,38383.39239560713,27897.765761375987,4.445569423475771
5,B,1.0,1e-15,5e-07,2.0,0.0002703015331433155,0.0002604825536088583,1.570097326226244e-11,1.843497425732027e-11,1.7067973759791357e-11,-10.767818033494152,22755.03371342383,26717.353996116333,24736.19385477008,4.393332875768593
5,B,1.0,1e-15,5e-07,2.5,0.0002852549764993747,0.0003098443670509611,1.419541526144797e-11,2.034126676535491e-11,1.7268341013401438e-11,-10.762749383528849,20573.065596301407,29480.096761383928,25026.581178842665,4.398401525733896
5,B,1.0,1e-15,5e-07,3.0,0.0002973897012166957,0.0003549175648227915,1.311258782935185e-11,2.223075800568151e-11,1.7671672917516682e-11,-10.752722335357095,19003.750477321522,32218.48986330654,25611.120170314032,4.408428573905649
5,B,1.0,1e-15,5e-07,3.5,0.0003083283244342863,0.0003950997390620765,1.231598520822578e-11,2.407960692273044e-11,1.819779606547811e-11,-10.739981206221497,17849.253924964898,34897.98104743542,26373.61748620016,4.421169703041248
5,B,1.0,1e-15,5e-07,4.0,0.0003195126747061741,0.0004436686021397865,1.161541831657979e-11,2.580630165439638e-11,1.8710859985488084e-11,-10.72790625106927,16833.93958924607,37400.43718028461,27117.188384765337,4.433244658193475
5,B,1.0,1.325e-14,1e-07,2.0,8.049358212780615e-05,6.943941745506778e-05,1.231059461831657e-10,1.964083142189622e-10,1.5975713020106394e-10,-9.796539749520907,13465.238849676316,21482.99854732975,17474.118698503033,4.242395281469012
5,B,1.0,1.325e-14,1e-07,2.5,8.054959366272411e-05,8.694482225352445e-05,1.000127767439296e-10,1.977509576187627e-10,1.4888186718134615e-10,-9.827158193198954,10939.324773741275,21629.855905798493,16284.590339769884,4.211776837790963
5,B,1.0,1.325e-14,1e-07,3.0,8.060520896038353e-05,0.0001044032473359151,8.408215252833032e-11,1.997340853869696e-10,1.4190811895764997e-10,-9.847992756638103,9196.84468453162,21846.768978613032,15521.806831572325,4.190942274351815
5,B,1.0,1.325e-14,1e-07,3.5,8.066182014367944e-05,0.0001217131062318352,7.31026772000284e-11,2.016810562528886e-10,1.373918667264585e-10,-9.862038975721642,7995.917659286673,22059.72723575484,15027.822447520757,4.176896055268276
5,B,1.0,1.325e-14,1e-07,4.0,8.071619081677275e-05,0.0001387770258274696,6.49547011720253e-11,2.035989588353701e-10,1.342768300036977e-10,-9.87199892009123,7104.697967954641,22269.506025197716,14687.101996576179,4.166936110898688
5,B,1.0,1.325e-14,2e-07,2.0,0.0001570129622580399,0.000139694339548433,6.861535038743267e-11,1.069689834720916e-10,8.779216692976213e-11,-10.056544231371095,7505.097116481561,11700.189605916501,9602.64336119903,3.9823907996188224
5,B,1.0,1.325e-14,2e-07,2.5,0.0001572582604864894,0.0001743266343536799,5.799668904831252e-11,1.088611359565485e-10,8.342891250243051e-11,-10.078683417416677,6343.635662927266,11907.151868367351,9125.393765647308,3.9602516135732406
5,B,1.0,1.325e-14,2e-07,3.0,0.000157492695971659,0.0002083452855154529,5.012449013342648e-11,1.107188464710195e-10,8.0421668302223e-11,-10.094626921945189,5482.580271635383,12110.346893193275,8796.46358241433,3.94430810904473
5,B,1.0,1.325e-14,2e-07,3.5,0.0001577140270876451,0.0002418970530342067,4.470445375943893e-11,1.125337186463961e-10,7.861908620291752e-11,-10.104472008332475,4889.740635432206,12308.856291648468,8599.298463540337,3.9344630226574426
5,B,1.0,1.325e-14,2e-07,4.0,0.000157923883096303,0.0002811078101660198,4.065468875106756e-11,1.143119464204805e-10,7.748331758577403e-11,-10.110791792465717,4446.780284502878,12503.357552144436,8475.068918323657,3.9281432385242017
5,B,1.0,1.325e-14,3e-07,2.0,0.0002320475429647656,0.0002086943913774548,5.09907835262782e-11,7.633503414948966e-11,6.366290883788393e-11,-10.196113521803916,5577.334812827805,8349.47051129228,6963.4026620600425,3.842821509186002
5,B,1.0,1.325e-14,3e-07,2.5,0.0002326176069914457,0.0002590691614114417,4.324569481708615e-11,7.830191786636733e-11,6.077380634172674e-11,-10.21628356237837,4730.182643378305,8564.606821587897,6647.394732483101,3.822651468611548
5,B,1.0,1.325e-14,3e-07,3.0,0.0002329237565403342,0.000315198950387751,3.802547235867781e-11,8.011082548003018e-11,5.9068148919354e-11,-10.228646638871465,4159.198507922102,8762.463820621295,6460.831164271698,3.810288392118453
5,B,1.0,1.325e-14,3e-07,3.5,0.0002334294284547624,0.0003645246849414343,3.437146784585986e-11,8.174410920570817e-11,5.805778852578401e-11,-10.236139510862948,3759.5261521312405,8941.111206530837,6350.318679331039,3.80279552012697
5,B,1.0,1.325e-14,3e-07,4.0,0.0002339042429928983,0.0004126770292491031,3.160703160235624e-11,8.333570643321908e-11,5.747136901778766e-11,-10.24054845747237,3457.1541265907836,9115.198953592462,6286.176540091623,3.7983865735175484
5,B,1.0,1.325e-14,4e-07,2.0,0.0003048174660913635,0.0002762006144693461,4.213257266577089e-11,6.197441774096043e-11,5.205349520336566e-11,-10.283550103875417,4608.430152121508,6778.716734039971,5693.57344308074,3.755384927114501
5,B,1.0,1.325e-14,4e-07,2.5,0.0003058835137485442,0.0003491116213919563,3.616488174651187e-11,6.373895947678463e-11,4.995192061164825e-11,-10.3014478088393,3955.6884601052093,6971.721025625884,5463.704742865547,3.737487222150619
5,B,1.0,1.325e-14,4e-07,3.0,0.000306866757903429,0.000413952304692741,3.217274389545128e-11,6.553017345152858e-11,4.885145867348993e-11,-10.31112246399455,3519.031325726145,7167.642707304193,5343.337016515169,3.7278125669953672
5,B,1.0,1.325e-14,4e-07,3.5,0.0003073246770850301,0.0004766318164897588,2.933596514482355e-11,6.727644573244319e-11,4.8306205438633366e-11,-10.31599707598453,3208.7465293763794,7358.648699200787,5283.697614288583,3.722937955005387
5,B,1.0,1.325e-14,4e-07,4.0,0.0003081919304685859,0.0005245395607116417,2.72179416145525e-11,6.897394537291382e-11,4.809594349373316e-11,-10.31789155133051,2977.078656226689,7544.319975161479,5260.699315694084,3.721043479659409
5,B,1.0,1.325e-14,5e-07,2.0,0.000375473878893545,0.0003499515262823654,3.682727988907554e-11,5.279045463659789e-11,4.4808867262836714e-11,-10.348636034612227,4028.141087128854,5774.181529843905,4901.161308486379,3.690298996377691
5,B,1.0,1.325e-14,5e-07,2.5,0.0003771306697149283,0.0004311205047443458,3.192288329413475e-11,5.449149443936348e-11,4.320718886674911e-11,-10.364443988707828,3491.7017548957892,5960.240026181404,4725.970890538596,3.67449104228209
5,B,1.0,1.325e-14,5e-07,3.0,0.0003786376320147982,0.0005089597926649575,2.866336172720343e-11,5.609363529894072e-11,4.2378498513072073e-11,-10.37285443457754,3135.177656790094,6135.4810280493,4635.329342419697,3.6660805964123773
5,B,1.0,1.325e-14,5e-07,3.5,0.0003800321362358705,0.0005693070773879262,2.634075753604217e-11,5.774317266128829e-11,4.204196509866523e-11,-10.376316992654235,2881.1328997585097,6315.906224915318,4598.519562336914,3.6626180383356832
5,B,1.0,1.325e-14,5e-07,4.0,0.0003813247911571194,0.0006361533920760578,2.456699491232093e-11,5.957291182732755e-11,4.206995336982424e-11,-10.376027969353084,2687.1200341614363,6516.041763995358,4601.580899078397,3.662907061636835
5,B,1.0,2.55e-14,1e-07,2.0,8.12494285934946e-05,6.987848165948268e-05,2.25781368713951e-10,3.598057030928098e-10,2.927935359033804e-10,-9.53343851556611,12832.132350892358,20449.315322126164,16640.72383650926,4.2211722132626806
5,B,1.0,2.55e-14,1e-07,2.5,8.12807706633732e-05,8.775536798118604e-05,1.800170880347591e-10,3.612309271398909e-10,2.70624007587325e-10,-9.567633678912772,10231.150215104242,20530.316972997498,15380.733594050871,4.186977049916018
5,B,1.0,2.55e-14,1e-07,3.0,8.131281672736937e-05,0.0001056037316906832,1.522925732040789e-10,3.641163536568102e-10,2.5820446343044457e-10,-9.588036254608491,8655.446047404315,20694.308249889757,14674.877148647036,4.166574474220298
5,B,1.0,2.55e-14,1e-07,3.5,8.134386748708729e-05,0.0001233730213151649,1.305996312749324e-10,3.661266239754537e-10,2.4836312762519304e-10,-9.60491287974162,7422.542271948419,20808.560612415673,14115.551442182046,4.14969784908717
5,B,1.0,2.55e-14,1e-07,4.0,8.137403767162084e-05,0.000141057177506386,1.145995792747394e-10,3.681134855499585e-10,2.4135653241234894e-10,-9.617340942330086,6513.190069607242,20921.482554700688,13717.336312153964,4.137269786498703
5,B,1.0,2.55e-14,2e-07,2.0,0.0001595319951010583,0.0001412328517083681,1.168592230630413e-10,1.881977388368038e-10,1.5252848094992255e-10,-9.816649054910611,6641.61540568578,10696.092005501781,8668.853705593781,3.9379616739181786
5,B,1.0,2.55e-14,2e-07,2.5,0.0001596600370421361,0.0001764712994451384,9.568027299631369e-11,1.900010633208114e-10,1.4284066815856255e-10,-9.845148126997191,5437.924012294045,10798.58274059741,8118.253376445728,3.9094626018315983
5,B,1.0,2.55e-14,2e-07,3.0,0.0001597822350506258,0.0002114390141184631,8.127603749283427e-11,1.920579102123652e-10,1.3666697385259975e-10,-9.864336421836471,4619.26896804969,10915.482251342157,7767.375609695923,3.8902743069923194
5,B,1.0,2.55e-14,2e-07,3.5,0.0001598992538126883,0.0002461536807023506,7.094160618950865e-11,1.941566755527219e-10,1.325491408711153e-10,-9.877623082839548,4031.91851034434,11034.764168952654,7533.341339648497,3.8769876459892405
5,B,1.0,2.55e-14,2e-07,4.0,0.0001600629930994301,0.0002805068546799541,6.353183657753899e-11,1.96216558242632e-10,1.298741974100855e-10,-9.886477123257274,3610.7892343017334,11151.836217256723,7381.3127257792285,3.8681336055715163
5,B,1.0,2.55e-14,3e-07,2.0,0.0002371678910013887,0.0002116702043118848,8.211152247026156e-11,1.325279138196605e-10,1.0731971814496103e-10,-9.96932047659131,4666.7531952407835,7532.134914445042,6099.444054842913,3.785290252237479
5,B,1.0,2.55e-14,3e-07,2.5,0.0002374497807041867,0.0002636479033097675,6.767015877793735e-11,1.345511401333103e-10,1.0111064945562382e-10,-9.99520310003471,3845.987995336025,7647.123622239859,5746.555808787942,3.75940762879408
5,B,1.0,2.55e-14,3e-07,3.0,0.0002377166941111353,0.0003159951939704783,5.992004472523503e-11,1.365276038913444e-10,9.822382430828972e-11,-10.007783160780122,3405.5154717382807,7759.454611613778,5582.485041676029,3.7468275680486682
5,B,1.0,2.55e-14,3e-07,3.5,0.0002379699766562715,0.0003671842299864832,5.279429482406735e-11,1.384658807982633e-10,9.563008781116533e-11,-10.01940544543797,3000.5282650791337,7869.615276968646,5435.07177102389,3.7352052833908203
5,B,1.0,2.55e-14,3e-07,4.0,0.0002382112157651511,0.0004178207627996766,4.774895949912382e-11,1.403714514990759e-10,9.406020549909986e-11,-10.026594076759112,2713.780022683935,7977.917107080189,5345.848564882062,3.7280166520696776
5,B,1.0,2.55e-14,4e-07,2.0,0.0003136389110687083,0.0002812572313245609,6.517510708651635e-11,1.035445746502784e-10,8.435984086839737e-11,-10.073864248160172,3704.1834092933423,5884.886311467941,4794.5348603806415,3.6807464806686174
5,B,1.0,2.55e-14,4e-07,2.5,0.0003141476624668475,0.0003505184472772748,5.568442235498713e-11,1.053061783248321e-10,8.049530033990961e-11,-10.094229474862257,3164.786720942719,5985.0058723973925,4574.896296670056,3.6603812539665324
5,B,1.0,2.55e-14,4e-07,3.0,0.0003146228471233965,0.0004182670752156653,4.830249515088889e-11,1.070246053875701e-10,7.766355026922949e-11,-10.109782760234818,2745.2398494395507,6082.671519611828,4413.955684525689,3.644827968593971
5,B,1.0,2.55e-14,4e-07,3.5,0.0003150720984727583,0.0004851565690957935,4.31252313782356e-11,1.087062753543466e-10,7.59157533662911e-11,-10.119668093799534,2450.993542383382,6178.2481019804845,4314.620822181933,3.6349426350292546
5,B,1.0,2.55e-14,4e-07,4.0,0.0003154976687156181,0.0005630880083345229,3.929393804264412e-11,1.103573269065917e-10,7.482563247461791e-11,-10.125949603534538,2233.2445605367507,6272.084507336841,4252.664533936796,3.628661125294251
5,B,1.0,2.55e-14,5e-07,2.0,0.0003885450459228296,0.0003508390510637569,5.639127748770189e-11,8.571431336036465e-11,7.105279542403327e-11,-10.148418830989854,3204.9603573573118,4871.51539416679,4038.237875762051,3.606191897838936
5,B,1.0,2.55e-14,5e-07,2.5,0.0003893689654415888,0.0004355069988326556,4.741253198886215e-11,8.760724495636571e-11,6.750988847261393e-11,-10.170632609471827,2694.6593912396793,4979.09888925068,3836.8791402451798,3.5839781193569618
5,B,1.0,2.55e-14,5e-07,3.0,0.0003901369544385574,0.0005301937178293923,4.159570094435221e-11,8.95613639290588e-11,6.557853243670551e-11,-10.18323830651039,2364.0637081189097,5090.159927766912,3727.111817942911,3.5713724223184005
5,B,1.0,2.55e-14,5e-07,3.5,0.0003908550578743748,0.0006137573782600484,3.732926825730268e-11,9.145409890893615e-11,6.439168358311941e-11,-10.191170219708312,2121.5838736744918,5197.732248305551,3659.6580609900216,3.5634405091204777
5,B,1.0,2.55e-14,5e-07,4.0,0.000391530119967057,0.0006956974757776465,3.421105520828726e-11,9.329624876400493e-11,6.37536519861461e-11,-10.195494932588062,1944.3623306784466,5302.429597272234,3623.3959639753402,3.5591157962407283
5,B,1.0,3.775e-14,1e-07,2.0,8.153782491254779e-05,7.000035758947242e-05,3.255423385310825e-10,5.212727768889954e-10,4.2340755771003896e-10,-9.373241394208737,12498.026241715426,20012.39185676151,16255.209049238469,4.2109925590888
5,B,1.0,3.775e-14,1e-07,2.5,8.155960538892093e-05,8.799524979806605e-05,2.63185206739042e-10,5.225357324739371e-10,3.9286046960648956e-10,-9.405761668555133,10104.048631885673,20060.87849021738,15082.463561051525,4.178472284742404
5,B,1.0,3.775e-14,1e-07,3.0,8.158154744492983e-05,0.0001059755303103274,2.18105817385877e-10,5.235063851989108e-10,3.708061012923939e-10,-9.430853128530185,8373.387748761956,20098.143207559686,14235.765478160822,4.1533808247673525
5,B,1.0,3.775e-14,1e-07,3.5,8.160290439463908e-05,0.0001239039929619525,1.87457227722641e-10,5.256789339118031e-10,3.5656808081722205e-10,-9.447857536498272,7196.745473563337,20181.550394924776,13689.147934244056,4.136376416799266
5,B,1.0,3.775e-14,1e-07,4.0,8.162376400647534e-05,0.0001417814688677622,1.652999902947592e-10,5.278287171112011e-10,3.4656435370298013e-10,-9.460216109210753,6346.098101344053,20264.083582347677,13305.090841845866,4.124017844086784
5,B,1.0,3.775e-14,2e-07,2.0,0.0001604625858058391,0.0001418716375735707,1.665185885946843e-10,2.74375509792688e-10,2.2044704919368614e-10,-9.656695710071844,6392.881796513459,10533.660036191115,8463.270916352287,3.927538243225694
5,B,1.0,3.775e-14,2e-07,2.5,0.0001605494756777742,0.0001775179750465864,1.353129049108585e-10,2.76410180263126e-10,2.0586154258699225e-10,-9.686424777239244,5194.851901750975,10611.773884753855,7903.312893252415,3.897809176058294
5,B,1.0,3.775e-14,2e-07,3.0,0.0001606331673886219,0.0002129711993760686,1.144365470965758e-10,2.784134454310476e-10,1.964249962638117e-10,-9.706803246443757,4393.379291547205,10688.68203977532,7541.030665661263,3.8774307068537803
5,B,1.0,3.775e-14,2e-07,3.5,0.0001607139928472066,0.0002482331626493198,9.942491616681118e-11,2.803890444956931e-10,1.8990698033125214e-10,-9.721459071789418,3817.0617589715403,10764.528054350441,7290.794906660991,3.8627748815081193
5,B,1.0,3.775e-14,2e-07,4.0,0.0001607921999337376,0.0002833030494673335,8.81839041750862e-11,2.822511787599518e-10,1.85217541467519e-10,-9.732317884815053,3385.503567524185,10836.017996350967,7110.760781937576,3.851916068482484
5,B,1.0,3.775e-14,3e-07,2.0,0.0002390320326211916,0.0002130687307610975,1.149177770777929e-10,1.86651922333136e-10,1.5078484970546445e-10,-9.821642292550171,4411.854384405142,7165.828671969902,5788.841528187522,3.762591660747366
5,B,1.0,3.775e-14,3e-07,2.5,0.0002392215772932986,0.0002658681473256614,9.388325941275526e-11,1.884690352607424e-10,1.4117614733674882e-10,-9.850238674071026,3604.309796055486,7235.590181811783,5419.949988933635,3.733995279226512
5,B,1.0,3.775e-14,3e-07,3.0,0.0002394037655390128,0.0003182343772192034,7.987843590447826e-11,1.90257520437365e-10,1.350679781709216e-10,-9.869447601030219,3066.6450102496697,7304.252632205203,5185.448821227436,3.7147863522673195
5,B,1.0,3.775e-14,3e-07,3.5,0.0002395781881810434,0.0003701840640354088,6.962053566999812e-11,1.920168618913265e-10,1.308186987806623e-10,-9.883330174996047,2672.82985584022,7371.796214274941,5022.31303505758,3.7009037783014906
5,B,1.0,3.775e-14,3e-07,4.0,0.0002397456050947078,0.000421729626105138,6.246445991256269e-11,1.937503956761369e-10,1.281074277943498e-10,-9.892425688705133,2398.0980866709933,7438.34900378681,4918.2235452289015,3.691808264592404
5,B,1.0,3.775e-14,4e-07,2.0,0.000316896386506821,0.0002836228948715445,8.973327884632871e-11,1.46112149991355e-10,1.1792271441884186e-10,-9.928402532507778,3444.9862307833273,5609.450042858432,4527.21813682088,3.655831420789758
5,B,1.0,3.775e-14,4e-07,2.5,0.0003172350319500435,0.0003533107039886936,7.348173046339412e-11,1.481287293212035e-10,1.1080522989229881e-10,-9.95543974087326,2821.066530891415,5686.8693472004425,4253.967939045929,3.628794212424278
5,B,1.0,3.775e-14,4e-07,3.0,0.0003175553801831801,0.000422071293886068,6.302247493771373e-11,1.501051557522431e-10,1.0656381534497842e-10,-9.972390238684214,2419.5210648896723,5762.747125530017,4091.1340952098444,3.6118437146133235
5,B,1.0,3.775e-14,4e-07,3.5,0.0003178604312013013,0.0004919341736980113,5.718400668558725e-11,1.520472003410123e-10,1.0461560351329978e-10,-9.980403535216954,2195.3740929297346,5837.304936789033,4016.3395148593836,3.603830418080583
5,B,1.0,3.775e-14,4e-07,4.0,0.0003181515862064044,0.0005599396246227637,5.127219151528322e-11,1.538841011349621e-10,1.0257814632512265e-10,-9.988945153272256,1968.41123007134,5907.826130529306,3938.118680300323,3.5952888000252807
5,B,1.0,3.775e-14,5e-07,2.0,0.0003939441565849727,0.0003533843871291884,7.395359179056458e-11,1.186425400192949e-10,9.629806590492974e-11,-10.016382435359905,2839.1819480013282,4554.853249613012,3697.01759880717,3.567851517937632
5,B,1.0,3.775e-14,5e-07,2.5,0.000394477838785937,0.0004393678178278221,6.131487808347328e-11,1.207267797375649e-10,9.102082891051908e-11,-10.040859213768922,2353.964030462551,4634.8701310131455,3494.417080737848,3.5433747395286153
5,B,1.0,3.775e-14,5e-07,3.0,0.0003949803906688699,0.000526372964539972,5.451572194370104e-11,1.227549576077511e-10,8.863533977572607e-11,-10.052393086132023,2092.934905219351,4712.734719560462,3402.8348123899063,3.5318408671655144
5,B,1.0,3.775e-14,5e-07,3.5,0.0003954561802151392,0.0006109534594320248,4.838816903411773e-11,1.247385937004697e-10,8.656338136729372e-11,-10.062665787352168,1857.6895684467888,4788.889286897773,3323.289427672281,3.52156816594537
5,B,1.0,3.775e-14,5e-07,4.0,0.0003959079841984893,0.0006946427561798787,4.390218003839691e-11,1.266806332486451e-10,8.529140664352101e-11,-10.069094723056402,1685.466169052574,4863.446904641333,3274.456536846954,3.5151392302411355
5,B,1.0,5e-14,1e-07,2.0,8.168610839207192e-05,7.001708386068976e-05,4.291868338787553e-10,6.877315791870321e-10,5.584592065328937e-10,-9.253008545063512,12440.198083442183,19934.248672087888,16187.223377765036,4.2091723598632145
5,B,1.0,5e-14,1e-07,2.5,8.170288690727371e-05,8.806943964898983e-05,3.407137965444788e-10,6.892227242421754e-10,5.149682603933271e-10,-9.288219537484672,9875.762218680546,19977.470267889144,14926.616243284845,4.173961367442053
5,B,1.0,5e-14,1e-07,3.0,8.171967258494436e-05,0.0001061136151021414,2.860741280753129e-10,6.93978921135187e-10,4.900265246052499e-10,-9.309780411445118,8292.00371232791,20115.331047396725,14203.667379862318,4.152400493481608
5,B,1.0,5e-14,1e-07,3.5,8.17360162292331e-05,0.0001241215558921157,2.482061126917923e-10,6.960749008544163e-10,4.721405067731043e-10,-9.325928738155104,7194.380078022965,20176.084082736706,13685.232080379836,4.136252166771622
5,B,1.0,5e-14,1e-07,4.0,8.175202140974831e-05,0.0001420936191235525,2.147497804688647e-10,6.9815242907006e-10,4.5645110476946236e-10,-9.340605737442104,6224.631317938108,20236.302291885797,13230.466804911952,4.121575167484622
5,B,1.0,5e-14,2e-07,2.0,0.0001609421387361013,0.0001421978803863009,2.163132455337126e-10,3.522151133884757e-10,2.842641794610942e-10,-9.546277862935316,6269.949145904713,10209.133721405095,8239.541433654904,3.9159030419914096
5,B,1.0,5e-14,2e-07,2.5,0.0001610082074050092,0.0001780353986353079,1.740991442848352e-10,3.544789570853469e-10,2.64289050685091e-10,-9.577920829019433,5046.352008256093,10274.752379285417,7660.5521937707545,3.884260075907293
5,B,1.0,5e-14,2e-07,3.0,0.0001610721924870184,0.0002137219207501629,1.475432629925804e-10,3.567074035840434e-10,2.521253332883119e-10,-9.59838351467832,4276.616318625519,10339.34503142155,7307.980675023535,3.863797390248407
5,B,1.0,5e-14,2e-07,3.5,0.0001611343173613271,0.0002492587087505283,1.272190039636812e-10,3.58904815425999e-10,2.430619096948401e-10,-9.614283094243708,3687.507361266122,10403.038128289827,7045.272744777974,3.847897810683018
5,B,1.0,5e-14,2e-07,4.0,0.0001611947358457491,0.0002846467336456323,1.125049706127644e-10,3.610741541306434e-10,2.367895623717039e-10,-9.62563744512597,3261.0136409496927,10465.917511033142,6863.465575991417,3.836543459800756
5,B,1.0,5e-14,3e-07,2.0,0.0002400088285936684,0.0002138153273004559,1.480018658091028e-10,2.439995943452584e-10,1.960007300771806e-10,-9.707742310950154,4289.909153887038,7072.452010007491,5681.180581947265,3.7544385939765714
5,B,1.0,5e-14,3e-07,2.5,0.0002401568152354086,0.0002670720639559849,1.199361326627964e-10,2.460743940129477e-10,1.8300526333787204e-10,-9.737536419527915,3476.409642399896,7132.5911308100785,5304.500386604987,3.7246444853988105
5,B,1.0,5e-14,3e-07,3.0,0.0002402990088145802,0.0003200467771891211,1.014219864056796e-10,2.481103241579711e-10,1.7476615528182536e-10,-9.757542667797125,2939.7677219037564,7191.603598781772,5065.685660342764,3.7046382371296005
5,B,1.0,5e-14,3e-07,3.5,0.0002404359851759737,0.0003726147992236274,8.879081684578578e-11,2.501159806551178e-10,1.6945339875045178e-10,-9.770949716034252,2573.64686509524,7249.73856971356,4911.692717404399,3.691231188892473
5,B,1.0,5e-14,3e-07,4.0,0.000240568207459166,0.000424884890929194,7.899961457551808e-11,2.520942657124635e-10,1.655469401439908e-10,-9.78107884203883,2289.8439007396546,7307.080165578653,4798.462033159154,3.681102062887896
5,B,1.0,5e-14,4e-07,2.0,0.0003185907002805837,0.0002848942238068381,1.138786673026832e-10,1.858899561396923e-10,1.4988431172118775e-10,-9.824243822051518,3300.830936309658,5388.114670715719,4344.472803512688,3.637937082875209
5,B,1.0,5e-14,4e-07,2.5,0.0003188465331895607,0.0003552498510252566,9.304074989937694e-11,1.877143585823001e-10,1.4037755424083853e-10,-9.852702328450098,2696.833330416723,5440.995900936236,4068.914615676479,3.6094785764766284
5,B,1.0,5e-14,4e-07,3.0,0.0003190901415501189,0.0004250222448721804,7.921219642622082e-11,1.895033694014072e-10,1.34357782913814e-10,-9.871737171220971,2296.0056935136467,5492.85128699731,3894.428490255478,3.5904437337057544
5,B,1.0,5e-14,4e-07,3.5,0.000319323753687169,0.0004942304083841911,6.905921955629288e-11,1.91264646784315e-10,1.3016193317030394e-10,-9.88551600986406,2001.7165088780546,5543.9028053424645,3772.8096571102596,3.576664895062665
5,B,1.0,5e-14,4e-07,4.0,0.0003195480622021998,0.0005629031201391126,6.197482891053919e-11,1.929996984642846e-10,1.274872636874119e-10,-9.894533200222684,1796.3718524793967,5594.194158385061,3695.283005432229,3.5676477047040422
5,B,1.0,5e-14,5e-07,2.0,0.00039658130859241,0.0003555458935248159,9.401109517492573e-11,1.539652345332948e-10,1.2398816485411026e-10,-9.906619767933394,2724.95928043263,4462.760421254922,3593.8598508437763,3.5555611369933318
5,B,1.0,5e-14,5e-07,2.5,0.000396982424943082,0.0004428203054512207,7.747326959007455e-11,1.558553048675576e-10,1.1666428722881608e-10,-9.933062067974529,2245.6020171036103,4517.545068624858,3381.573542864234,3.5291188369521964
5,B,1.0,5e-14,5e-07,3.0,0.0003973631863459172,0.0005291816906860877,6.592057691394983e-11,1.576755767633514e-10,1.1179807683865061e-10,-9.951565667161095,1910.7413598246328,4570.306572850765,3240.523966337699,3.5106152377656317
5,B,1.0,5e-14,5e-07,3.5,0.0003977257393681664,0.0006165255118546377,5.97250429495966e-11,1.594821038559523e-10,1.0960357340277444e-10,-9.960175286327855,1731.1606652056987,4622.669676984125,3176.915171094912,3.5020056185988704
5,B,1.0,5e-14,5e-07,4.0,0.0003980721813293824,0.0007018452922488608,5.356918273270894e-11,1.612538835339612e-10,1.0741153313333507e-10,-9.968949084490724,1552.7299342814185,4674.025609680035,3113.3777719807267,3.4932318204360016
