gate,pin,sweep_type,VDD,CL,Wn,K,Temp,I_D_NMOS,I_D_PMOS,TpHL,TpLH,Tp,R_eq,source
EXOR,A,CL,1.0,1e-15,2e-07,2.0,27.0,6.685243903660669e-05,6.446535625293494e-05,3.359472493610603e-11,3.674268457708353e-11,3.516870475659478e-11,50969.13732839823,single_sweep
EXOR,A,CL,1.0,1.325e-14,2e-07,2.0,27.0,6.697010677785562e-05,6.278855191405438e-05,1.1622502967340187e-10,1.2618967230327688e-10,1.2120735098833938e-10,13257.571888251508,single_sweep
EXOR,A,CL,1.0,2.55e-14,2e-07,2.0,27.0,6.69668661496507e-05,6.255832149305793e-05,1.9819714171187388e-10,2.148813408220502e-10,2.0653924126696203e-10,11738.518969420977,single_sweep
EXOR,A,CL,1.0,3.775e-14,2e-07,2.0,27.0,6.69417230125054e-05,6.295157652871033e-05,2.8002510812551877e-10,3.0183617402018004e-10,2.9093064107284943e-10,11169.23470862269,single_sweep
EXOR,A,CL,1.0,5e-14,2e-07,2.0,27.0,6.700699899558732e-05,6.259553314813552e-05,3.6158312338289837e-10,3.917302939340321e-10,3.7665670865846524e-10,10917.585758216386,single_sweep
EXOR,A,VDD,0.9,2e-14,2e-07,2.0,27.0,5.401626975209637e-05,5.007381588939084e-05,1.808031904011747e-10,1.984051307396748e-10,1.8960416057042475e-10,13739.4319253931,single_sweep
EXOR,A,VDD,1.0,2e-14,2e-07,2.0,27.0,6.698459666228876e-05,6.303707752288358e-05,1.614526925095232e-10,1.7428983374349279e-10,1.67871263126508e-10,12164.584284529568,single_sweep
EXOR,A,VDD,1.1,2e-14,2e-07,2.0,27.0,8.030985422660137e-05,7.56808193684047e-05,1.4788157130861948e-10,1.5827667056419288e-10,1.5307912093640618e-10,11092.689922927984,single_sweep
EXOR,A,VDD,1.2,2e-14,2e-07,2.0,27.0,9.38552963349351e-05,8.96592532350215e-05,1.37486881269282e-10,1.451193484894452e-10,1.4130311487936358e-10,10239.356150678525,single_sweep
EXOR,A,VDD,1.3,2e-14,2e-07,2.0,27.0,0.0001076227125408,0.0001060122621575,1.29047091189854e-10,1.336374418128583e-10,1.3134226650135615e-10,9517.555543576533,single_sweep
EXOR,A,Wn,1.0,2e-14,1e-07,2.0,27.0,3.381605086174945e-05,3.086587587833211e-05,2.939122186928137e-10,3.280465822884022e-10,3.1097940049060797e-10,22534.739165986088,single_sweep
EXOR,A,Wn,1.0,2e-14,2e-07,2.0,27.0,6.698459666217768e-05,6.303707752298825e-05,1.6145269251179127e-10,1.742898337433265e-10,1.6787126312755887e-10,12164.584284605717,single_sweep
EXOR,A,Wn,1.0,2e-14,3e-07,2.0,27.0,0.0001003111151662,9.426260989401137e-05,1.16590986727087e-10,1.254008863809575e-10,1.2099593655402223e-10,8767.821489421902,single_sweep
EXOR,A,Wn,1.0,2e-14,4e-07,2.0,27.0,0.0001336751460532,0.0001266648080677,9.448515158822716e-11,1.0069501545473228e-10,9.759008352147972e-11,7071.745182715923,single_sweep
EXOR,A,Wn,1.0,2e-14,5e-07,2.0,27.0,0.0001671085991921,0.0001610438334453,8.12432311156236e-11,8.552262314772086e-11,8.338292713167223e-11,6042.241096497988,single_sweep
EXOR,A,k,1.0,2e-14,2e-07,2.0,27.0,6.69845966631892e-05,6.303707752286966e-05,1.614526924902532e-10,1.7428983374351018e-10,1.6787126311688168e-10,12164.584283832006,single_sweep
EXOR,A,k,1.0,2e-14,2e-07,2.5,27.0,6.698119105908476e-05,7.942483076735749e-05,1.661437861782479e-10,1.4310156652255568e-10,1.5462267635040175e-10,11204.54176452187,single_sweep
EXOR,A,k,1.0,2e-14,2e-07,3.0,27.0,6.701391846565289e-05,9.5414266511446e-05,1.703932632874584e-10,1.224219931197556e-10,1.46407628203607e-10,10609.248420551234,single_sweep
EXOR,A,k,1.0,2e-14,2e-07,3.5,27.0,6.700878124596539e-05,0.0001109139276274,1.747964000694711e-10,1.080470160818818e-10,1.4142170807567645e-10,10247.949860556266,single_sweep
EXOR,A,k,1.0,2e-14,2e-07,4.0,27.0,6.70348443238378e-05,0.0001282725969323,1.7879026148020275e-10,9.656933056010294e-11,1.3767979602015283e-10,9976.796813054556,single_sweep
EXOR,A,Temp,1.0,2e-14,2e-07,2.0,-20.0,9.424366770555952e-05,7.498544208021468e-05,1.1775841278805228e-10,1.488829237428076e-10,1.3332066826542994e-10,9660.917990248548,single_sweep
EXOR,A,Temp,1.0,2e-14,2e-07,2.0,-4.444444,8.706988391628823e-05,7.197763093010378e-05,1.2671670185452478e-10,1.547596465382118e-10,1.407381741963683e-10,10198.41842002669,single_sweep
EXOR,A,Temp,1.0,2e-14,2e-07,2.0,11.11111,8.06444138470245e-05,6.869528152070634e-05,1.35690458721096e-10,1.611848300275144e-10,1.484376443743052e-10,10756.35104161632,single_sweep
EXOR,A,Temp,1.0,2e-14,2e-07,2.0,26.66667,7.486800664460448e-05,6.663729368528553e-05,1.456002986363531e-10,1.6606239967272939e-10,1.5583134915454124e-10,11292.126750329076,single_sweep
EXOR,A,Temp,1.0,2e-14,2e-07,2.0,42.22222,6.944109790962514e-05,6.409482397964175e-05,1.561165719747807e-10,1.716467697796786e-10,1.6388167087722964e-10,11875.4833969007,single_sweep
EXOR,A,Temp,1.0,2e-14,2e-07,2.0,57.77778,6.460612442495795e-05,6.21063981334212e-05,1.6714112029602215e-10,1.7675918564241786e-10,1.7195015296922003e-10,12460.15601226232,single_sweep
EXOR,A,Temp,1.0,2e-14,2e-07,2.0,73.33333,6.02545623896544e-05,6.036931183546689e-05,1.786859781592491e-10,1.81595722540353e-10,1.8014085034980106e-10,13053.6848079566,single_sweep
EXOR,A,Temp,1.0,2e-14,2e-07,2.0,88.88889,5.627781308351386e-05,5.803973138125159e-05,1.90330081508263e-10,1.876584862025878e-10,1.8899428385542538e-10,13695.237960538074,single_sweep
EXOR,A,Temp,1.0,2e-14,2e-07,2.0,104.4444,5.260024245733219e-05,5.712201189203207e-05,2.0246846317957326e-10,1.912847306722389e-10,1.968765969259061e-10,14266.420067094645,single_sweep
EXOR,A,Temp,1.0,2e-14,2e-07,2.0,120.0,4.92145432244409e-05,5.469931228116187e-05,2.16650617502082e-10,1.976702723294121e-10,2.0716044491574703e-10,15011.626443170078,single_sweep
EXOR,B,CL,1.0,1e-15,2e-07,2.0,27.0,6.674575521711272e-05,6.648789898472605e-05,3.351701668342767e-11,3.6317343127762086e-11,3.491717990559488e-11,50604.60855883316,single_sweep
EXOR,B,CL,1.0,1.325e-14,2e-07,2.0,27.0,6.586343862047715e-05,6.34160415744247e-05,1.1818371034514308e-10,1.251260870293183e-10,1.2165489868723069e-10,13306.5243300225,single_sweep
EXOR,B,CL,1.0,2.55e-14,2e-07,2.0,27.0,6.570877011102695e-05,6.313370403020975e-05,2.014631421809487e-10,2.13290635723732e-10,2.0737688895234035e-10,11786.126112664984,single_sweep
EXOR,B,CL,1.0,3.775e-14,2e-07,2.0,27.0,6.636189717318622e-05,6.319876314860006e-05,2.8237434450348887e-10,3.0069923112163756e-10,2.9153678781256324e-10,11192.50553076354,single_sweep
EXOR,B,CL,1.0,5e-14,2e-07,2.0,27.0,6.577148755604732e-05,6.312802528730355e-05,3.6725380532828135e-10,3.89386245913921e-10,3.783200256211012e-10,10965.79784408989,single_sweep
EXOR,B,VDD,0.9,2e-14,2e-07,2.0,27.0,5.307924919854992e-05,5.048531520270181e-05,1.8370739580929408e-10,1.969841297370747e-10,1.903457627731844e-10,13793.171215448145,single_sweep
EXOR,B,VDD,1.0,2e-14,2e-07,2.0,27.0,6.596663669132225e-05,6.33668118554526e-05,1.6375787142756002e-10,1.73310509448776e-10,1.68534190438168e-10,12212.62249551942,single_sweep
EXOR,B,VDD,1.1,2e-14,2e-07,2.0,27.0,7.956283827961075e-05,7.621785625462904e-05,1.4882945500242728e-10,1.5713739705878078e-10,1.5298342603060403e-10,11085.75550946406,single_sweep
EXOR,B,VDD,1.2,2e-14,2e-07,2.0,27.0,9.21805588177956e-05,9.066695147145412e-05,1.3942781590228708e-10,1.438085345497531e-10,1.4161817522602008e-10,10262.186610581166,single_sweep
EXOR,B,VDD,1.3,2e-14,2e-07,2.0,27.0,0.0001075892330308,0.0001045546287073,1.2989759261454328e-10,1.342026115403295e-10,1.3205010207743638e-10,9568.847976625828,single_sweep
EXOR,B,Wn,1.0,2e-14,1e-07,2.0,27.0,3.309687168761519e-05,3.094653061204639e-05,2.9952271773626876e-10,3.2716346674578527e-10,3.13343092241027e-10,22706.021176886017,single_sweep
EXOR,B,Wn,1.0,2e-14,2e-07,2.0,27.0,6.596663669132225e-05,6.33668118554526e-05,1.6375787142756002e-10,1.73310509448776e-10,1.68534190438168e-10,12212.62249551942,single_sweep
EXOR,B,Wn,1.0,2e-14,3e-07,2.0,27.0,9.977368216810626e-05,9.604916116974996e-05,1.17723378292502e-10,1.237133125995171e-10,1.2071834544600955e-10,8747.706191739824,single_sweep
EXOR,B,Wn,1.0,2e-14,4e-07,2.0,27.0,0.0001325123755875,0.0001292135476425,9.531751965444379e-11,9.931829884971632e-11,9.731790925208006e-11,7052.022409571019,single_sweep
EXOR,B,Wn,1.0,2e-14,5e-07,2.0,27.0,0.0001665859502739,0.000161704273647,8.158670535638914e-11,8.496778430139046e-11,8.327724482888981e-11,6034.582958615204,single_sweep
EXOR,B,k,1.0,2e-14,2e-07,2.0,27.0,6.596663669153796e-05,6.336681185540958e-05,1.63757871427244e-10,1.7331050944886408e-10,1.6853419043805406e-10,12212.622495511165,single_sweep
EXOR,B,k,1.0,2e-14,2e-07,2.5,27.0,6.586327164682769e-05,8.037117882134028e-05,1.68326112087759e-10,1.4190825072285268e-10,1.5511718140530586e-10,11240.3754641526,single_sweep
EXOR,B,k,1.0,2e-14,2e-07,3.0,27.0,6.578772900570948e-05,9.488917507523352e-05,1.728485952002372e-10,1.2260308823067748e-10,1.4772584171545735e-10,10704.771138801258,single_sweep
EXOR,B,k,1.0,2e-14,2e-07,3.5,27.0,6.573047267685313e-05,0.0001114638957273,1.7734368675794606e-10,1.0764880563169559e-10,1.4249624619482083e-10,10325.814941653683,single_sweep
EXOR,B,k,1.0,2e-14,2e-07,4.0,27.0,6.569678136679087e-05,0.000128798920831,1.818015962178366e-10,9.628365884007375e-11,1.3904262752895519e-10,10075.552719489508,single_sweep
EXOR,B,Temp,1.0,2e-14,2e-07,2.0,-20.0,9.371112125940737e-05,7.582070968422454e-05,1.188760370661083e-10,1.477116380168216e-10,1.3329383754146496e-10,9658.973734888768,single_sweep
EXOR,B,Temp,1.0,2e-14,2e-07,2.0,-4.444444,8.670925714994814e-05,7.224570185368136e-05,1.277194739851527e-10,1.539905599651317e-10,1.408550169751422e-10,10206.885288053783,single_sweep
EXOR,B,Temp,1.0,2e-14,2e-07,2.0,11.11111,7.999148505056734e-05,6.908956847893817e-05,1.371560174189016e-10,1.602300497639326e-10,1.486930335914171e-10,10774.857506624428,single_sweep
EXOR,B,Temp,1.0,2e-14,2e-07,2.0,26.66667,7.409205359624067e-05,6.715037020121279e-05,1.4727409622367658e-10,1.650597195429056e-10,1.5616690788329108e-10,11316.442600238486,single_sweep
EXOR,B,Temp,1.0,2e-14,2e-07,2.0,42.22222,6.853628391178301e-05,6.436759892534855e-05,1.581185806328136e-10,1.7079708124940967e-10,1.6445783094111163e-10,11917.23412616751,single_sweep
EXOR,B,Temp,1.0,2e-14,2e-07,2.0,57.77778,6.35384250955173e-05,6.250676146005883e-05,1.6952635562210135e-10,1.7568121527810238e-10,1.7260378545010186e-10,12507.520684789992,single_sweep
EXOR,B,Temp,1.0,2e-14,2e-07,2.0,73.33333,5.947023345197396e-05,5.994199648681808e-05,1.807489145646913e-10,1.8191781343411607e-10,1.813333639994037e-10,13140.0988405365,single_sweep
EXOR,B,Temp,1.0,2e-14,2e-07,2.0,88.88889,5.512804808718814e-05,5.838788370246516e-05,1.9379345844099046e-10,1.865318197234016e-10,1.9016263908219603e-10,13779.90138276783,single_sweep
EXOR,B,Temp,1.0,2e-14,2e-07,2.0,104.4444,5.206204101298231e-05,5.744912713462775e-05,2.0550199763638967e-10,1.901350952856988e-10,1.9781854646104423e-10,14334.677279785816,single_sweep
EXOR,B,Temp,1.0,2e-14,2e-07,2.0,120.0,4.904142341522934e-05,5.51060666963318e-05,2.1820270012729887e-10,1.9631031915109255e-10,2.072565096391957e-10,15018.587655014186,single_sweep
EXOR,A,multi_1,0.9,1e-15,2e-07,2.0,27.0,5.387620815144851e-05,5.066499407706325e-05,3.7041422194364815e-11,4.1849574563353356e-11,3.944549837885909e-11,57167.38895486825,multi_sweep
EXOR,A,multi_1,0.9,1.325e-14,2e-07,2.0,27.0,5.399757144081181e-05,4.964204553008838e-05,1.297954216526597e-10,1.4376478947952389e-10,1.3678010556609177e-10,14960.908456777883,multi_sweep
EXOR,A,multi_1,0.9,2.55e-14,2e-07,2.0,27.0,5.405012709182397e-05,4.991029541039927e-05,2.2188665558767588e-10,2.435298911428431e-10,2.3270827336525948e-10,13225.818321412875,multi_sweep
EXOR,A,multi_1,0.9,3.775e-14,2e-07,2.0,27.0,5.401794589588611e-05,4.99029852419405e-05,3.12355272148419e-10,3.43631464973286e-10,3.279933685608525e-10,12592.124716800176,multi_sweep
EXOR,A,multi_1,0.9,5e-14,2e-07,2.0,27.0,5.402412206819768e-05,4.943287053524227e-05,4.0401751855901175e-10,4.4676036663403537e-10,4.2538894259652356e-10,12330.114278160105,multi_sweep
EXOR,A,multi_1,1.0,1e-15,2e-07,2.0,27.0,6.68524390366042e-05,6.446535625295377e-05,3.3594724936120917e-11,3.674268457708477e-11,3.5168704756602843e-11,50969.13732840992,multi_sweep
EXOR,A,multi_1,1.0,1.325e-14,2e-07,2.0,27.0,6.697010677794025e-05,6.278855191427726e-05,1.162250296827044e-10,1.2618967230305729e-10,1.2120735099288083e-10,13257.571888748247,multi_sweep
EXOR,A,multi_1,1.0,2.55e-14,2e-07,2.0,27.0,6.696686614826929e-05,6.255832149269232e-05,1.981971417243379e-10,2.1488134082270901e-10,2.0653924127352346e-10,11738.518969793891,multi_sweep
EXOR,A,multi_1,1.0,3.775e-14,2e-07,2.0,27.0,6.694172301234659e-05,6.295157652933415e-05,2.8002510812075757e-10,3.018361740186138e-10,2.909306410696857e-10,11169.234708501228,multi_sweep
EXOR,A,multi_1,1.0,5e-14,2e-07,2.0,27.0,6.700699899216139e-05,6.259553314915635e-05,3.6158312340032376e-10,3.91730293930781e-10,3.7665670866555237e-10,10917.585758421808,multi_sweep
EXOR,A,multi_1,1.1,1e-15,2e-07,2.0,27.0,8.013561788288128e-05,7.840486626165642e-05,3.1110013005614266e-11,3.2992807898856826e-11,3.2051410452235546e-11,46451.31949599355,multi_sweep
EXOR,A,multi_1,1.1,1.325e-14,2e-07,2.0,27.0,8.03081305840865e-05,7.71097794254231e-05,1.0543433843723459e-10,1.1306328322185709e-10,1.0924881082954584e-10,11949.55546399189,multi_sweep
EXOR,A,multi_1,1.1,2.55e-14,2e-07,2.0,27.0,8.043339012923661e-05,7.757508379966304e-05,1.810236064995842e-10,1.9182156232243048e-10,1.8642258441100734e-10,10595.202296732445,multi_sweep
EXOR,A,multi_1,1.1,3.775e-14,2e-07,2.0,27.0,8.031177848233365e-05,7.677290417272713e-05,2.559552553796276e-10,2.716846283930124e-10,2.6381994188632e-10,10128.417003026012,multi_sweep
EXOR,A,multi_1,1.1,5e-14,2e-07,2.0,27.0,8.032499488465777e-05,7.729764185453815e-05,3.304174064861508e-10,3.5001376087569704e-10,3.402155836809239e-10,9861.321266113737,multi_sweep
EXOR,A,multi_1,1.2,1e-15,2e-07,2.0,27.0,9.36848244892923e-05,9.368031289869876e-05,2.9196737464427357e-11,3.0089185851549597e-11,2.964296165798848e-11,42960.813997084755,multi_sweep
EXOR,A,multi_1,1.2,1.325e-14,2e-07,2.0,27.0,9.38734814859828e-05,9.091136298051572e-05,9.929480374257976e-11,1.038772942489311e-10,1.0158604899575542e-10,11111.408148291543,multi_sweep
EXOR,A,multi_1,1.2,2.55e-14,2e-07,2.0,27.0,9.391582610391485e-05,9.173472094196146e-05,1.682328872100044e-10,1.7608072467912788e-10,1.7215680594456614e-10,9784.416365135901,multi_sweep
EXOR,A,multi_1,1.2,3.775e-14,2e-07,2.0,27.0,9.390762899781818e-05,8.918152485820201e-05,2.3700613488684127e-10,2.523458055581183e-10,2.446759702224798e-10,9393.453123043664,multi_sweep
EXOR,A,multi_1,1.2,5e-14,2e-07,2.0,27.0,9.3956296717993e-05,9.15281658777625e-05,3.073587144383458e-10,3.2142561606256086e-10,3.1439216525045335e-10,9112.816384071111,multi_sweep
EXOR,A,multi_1,1.3,1e-15,2e-07,2.0,27.0,0.0001074140825205,0.0001090313353416,2.776030718338038e-11,2.786172907444817e-11,2.7811018128914274e-11,40305.823375238084,multi_sweep
EXOR,A,multi_1,1.3,1.325e-14,2e-07,2.0,27.0,0.0001074750026845,0.0001052086076699,9.349774141839679e-11,9.660259277814689e-11,9.505016709827185e-11,10396.518140363341,multi_sweep
EXOR,A,multi_1,1.3,2.55e-14,2e-07,2.0,27.0,0.0001076571036418,0.0001040766976627,1.587287894012252e-10,1.656293426067215e-10,1.6217906600397333e-10,9217.338221311358,multi_sweep
EXOR,A,multi_1,1.3,3.775e-14,2e-07,2.0,27.0,0.0001075951112289,0.0001062560360225,2.240167893931453e-10,2.31678822477728e-10,2.2784780593543665e-10,8747.396331142592,multi_sweep
EXOR,A,multi_1,1.3,5e-14,2e-07,2.0,27.0,0.0001075437761934,0.0001037505087161,2.9080332040302946e-10,3.030028476390768e-10,2.969030840210531e-10,8605.88649336386,multi_sweep
EXOR,A,multi_2,0.9,2e-14,1e-07,2.0,27.0,2.752036495297016e-05,2.45841165268866e-05,3.25806795350835e-10,3.7288474718640256e-10,3.493457712686188e-10,25314.91096149412,multi_sweep
EXOR,A,multi_2,0.9,2e-14,2e-07,2.0,27.0,5.401626975207822e-05,5.007381588919067e-05,1.808031904021988e-10,1.9840513074013837e-10,1.896041605711686e-10,13739.431925447001,multi_sweep
EXOR,A,multi_2,0.9,2e-14,3e-07,2.0,27.0,8.061355924061432e-05,7.553635855469902e-05,1.3097759227582788e-10,1.418610770716177e-10,1.3641933467372279e-10,9885.45903432774,multi_sweep
EXOR,A,multi_2,0.9,2e-14,4e-07,2.0,27.0,0.000107301764752,0.0001019341996322,1.060316634084939e-10,1.1400562202844248e-10,1.100186427184682e-10,7972.365414381754,multi_sweep
EXOR,A,multi_2,0.9,2e-14,5e-07,2.0,27.0,0.0001338737596139,0.0001263451817375,9.114287465451752e-11,9.795268130633822e-11,9.454777798042787e-11,6851.288259451296,multi_sweep
EXOR,A,multi_2,1.0,2e-14,1e-07,2.0,27.0,3.381605086145357e-05,3.086587587821563e-05,2.9391221869970246e-10,3.280465822891967e-10,3.109794004944496e-10,22534.739166264466,multi_sweep
EXOR,A,multi_2,1.0,2e-14,2e-07,2.0,27.0,6.698459666217768e-05,6.303707752298825e-05,1.6145269251179127e-10,1.742898337433265e-10,1.6787126312755887e-10,12164.584284605717,multi_sweep
EXOR,A,multi_2,1.0,2e-14,3e-07,2.0,27.0,0.0001003111151662,9.426260989401137e-05,1.16590986727087e-10,1.254008863809575e-10,1.2099593655402223e-10,8767.821489421902,multi_sweep
EXOR,A,multi_2,1.0,2e-14,4e-07,2.0,27.0,0.0001336751460532,0.0001266648080677,9.448515158822716e-11,1.0069501545473229e-10,9.759008352147973e-11,7071.745182715923,multi_sweep
EXOR,A,multi_2,1.0,2e-14,5e-07,2.0,27.0,0.0001671085991921,0.0001610438334453,8.12432311156236e-11,8.552262314772086e-11,8.338292713167223e-11,6042.241096497988,multi_sweep
EXOR,A,multi_2,1.1,2e-14,1e-07,2.0,27.0,4.02466533763548e-05,3.691538055038529e-05,2.7110555081131786e-10,2.993510119123472e-10,2.852282813618325e-10,20668.716040712505,multi_sweep
EXOR,A,multi_2,1.1,2e-14,2e-07,2.0,27.0,8.030985422174566e-05,7.568081936907185e-05,1.478815713188285e-10,1.58276670563417e-10,1.5307912094112274e-10,11092.689923269765,multi_sweep
EXOR,A,multi_2,1.1,2e-14,3e-07,2.0,27.0,0.0001206237095654,0.0001148144574147,1.063981207306489e-10,1.127440799282e-10,1.0957110032942445e-10,7939.934806480033,multi_sweep
EXOR,A,multi_2,1.1,2e-14,4e-07,2.0,27.0,0.0001608522200619,0.0001543745804697,8.632683063664719e-11,9.055632149727703e-11,8.844157606696212e-11,6408.809859924791,multi_sweep
EXOR,A,multi_2,1.1,2e-14,5e-07,2.0,27.0,0.0002011445793526,0.0001941150137811,7.402190341474704e-11,7.723691335605468e-11,7.562940838540087e-11,5480.391911985571,multi_sweep
EXOR,A,multi_2,1.2,2e-14,1e-07,2.0,27.0,4.680437295712454e-05,4.378578581241139e-05,2.532975304341498e-10,2.745910223663834e-10,2.639442764002666e-10,19126.39684059903,multi_sweep
EXOR,A,multi_2,1.2,2e-14,2e-07,2.0,27.0,9.385529633587614e-05,8.965925323354038e-05,1.374868812611095e-10,1.451193484909225e-10,1.41303114876016e-10,10239.356150435944,multi_sweep
EXOR,A,multi_2,1.2,2e-14,3e-07,2.0,27.0,0.0001411848696484,0.0001379821697573,9.913910206100928e-11,1.0267567921360529e-10,1.0090739063730728e-10,7312.129756326615,multi_sweep
EXOR,A,multi_2,1.2,2e-14,4e-07,2.0,27.0,0.0001884458967374,0.0001838617956094,8.008870797667127e-11,8.267465148887994e-11,8.13816797327756e-11,5897.223169041711,multi_sweep
EXOR,A,multi_2,1.2,2e-14,5e-07,2.0,27.0,0.0002359123228694,0.0002322798419341,6.8648166526526e-11,7.048437177254029e-11,6.956626914953315e-11,5041.033996342982,multi_sweep
EXOR,A,multi_2,1.3,2e-14,1e-07,2.0,27.0,5.344705905313869e-05,5.187435211773249e-05,2.402159465467403e-10,2.528346053589302e-10,2.4652527595283526e-10,17864.150431364877,multi_sweep
EXOR,A,multi_2,1.3,2e-14,2e-07,2.0,27.0,0.0001076227125408,0.0001060122621578,1.290470911763031e-10,1.336374418127007e-10,1.313422664945019e-10,9517.555543079849,multi_sweep
EXOR,A,multi_2,1.3,2e-14,3e-07,2.0,27.0,0.0001619269607382,0.0001584485697091,9.319729559351418e-11,9.584380694966992e-11,9.452055127159205e-11,6849.3153095356565,multi_sweep
EXOR,A,multi_2,1.3,2e-14,4e-07,2.0,27.0,0.0002163657226192,0.0002142548450047,7.517988642110906e-11,7.667116380811341e-11,7.592552511461124e-11,5501.849645986322,multi_sweep
EXOR,A,multi_2,1.3,2e-14,5e-07,2.0,27.0,0.0002709650207308,0.0002677732985121,6.43965150531176e-11,6.556386362446076e-11,6.498018933878918e-11,4708.709372376028,multi_sweep
EXOR,A,multi_3,0.9,2e-14,2e-07,2.0,-20.0,7.610601171069965e-05,5.956033202689062e-05,1.309296748172973e-10,1.694042397069995e-10,1.501669572621484e-10,10881.6635697209,multi_sweep
EXOR,A,multi_3,1.0,2e-14,2e-07,2.0,-20.0,9.424366770570872e-05,7.498544208021605e-05,1.177584127919417e-10,1.488829237427848e-10,1.3332066826736324e-10,9660.917990388642,multi_sweep
EXOR,A,multi_3,1.1,2e-14,2e-07,2.0,-20.0,0.0001127259317352,9.179693710994655e-05,1.0697309194138339e-10,1.3385520388079259e-10,1.20414147911088e-10,8725.662892107826,multi_sweep
EXOR,A,multi_3,1.2,2e-14,2e-07,2.0,-20.0,0.0001314238075283,0.0001070019373568,1.0087129739067101e-10,1.23877140716665e-10,1.12374219053668e-10,8143.059351715074,multi_sweep
EXOR,A,multi_3,1.3,2e-14,2e-07,2.0,-20.0,0.0001499863472994,0.0001232573903469,9.532572556682571e-11,1.15814543725515e-10,1.0557013464617035e-10,7650.009756968867,multi_sweep
EXOR,A,multi_3,0.9,2e-14,2e-07,2.0,-4.444444,7.025474696192903e-05,5.623391628967127e-05,1.410065497552048e-10,1.7762764485077338e-10,1.5931709730298907e-10,11544.717195868774,multi_sweep
EXOR,A,multi_3,1.0,2e-14,2e-07,2.0,-4.444444,8.706988391591579e-05,7.19776309301191e-05,1.267167018493169e-10,1.547596465382035e-10,1.407381741937602e-10,10198.418419837697,multi_sweep
EXOR,A,multi_3,1.1,2e-14,2e-07,2.0,-4.444444,0.000104205298426,8.710235727891942e-05,1.1482754170963379e-10,1.3990704041070289e-10,1.2736729106016833e-10,9229.513844939735,multi_sweep
EXOR,A,multi_3,1.2,2e-14,2e-07,2.0,-4.444444,0.0001215833015479,0.000102076760747,1.0838862376310719e-10,1.2909760576536818e-10,1.1874311476423767e-10,8604.573533640412,multi_sweep
EXOR,A,multi_3,1.3,2e-14,2e-07,2.0,-4.444444,0.0001388996077069,0.000117011632757,1.02274624272374e-10,1.2093635690833808e-10,1.1160549059035605e-10,8087.354390605511,multi_sweep
EXOR,A,multi_3,0.9,2e-14,2e-07,2.0,11.11111,6.506463069618656e-05,5.495623780497585e-05,1.5174475774431388e-10,1.82535101549654e-10,1.6713992964698393e-10,12111.589104853909,multi_sweep
EXOR,A,multi_3,1.0,2e-14,2e-07,2.0,11.11111,8.064441384710636e-05,6.869528152099974e-05,1.356904587236967e-10,1.6118483002720787e-10,1.4843764437545228e-10,10756.351041699441,multi_sweep
EXOR,A,multi_3,1.1,2e-14,2e-07,2.0,11.11111,9.652520827366902e-05,8.329277476311242e-05,1.241768622100057e-10,1.4537425828693068e-10,1.347755602484682e-10,9766.344945541176,multi_sweep
EXOR,A,multi_3,1.2,2e-14,2e-07,2.0,11.11111,0.0001126707857814,9.789921397489208e-05,1.157556729331258e-10,1.3399451601873478e-10,1.248750944759303e-10,9048.919889560168,multi_sweep
EXOR,A,multi_3,1.3,2e-14,2e-07,2.0,11.11111,0.0001289355646572,0.0001138632779279,1.0956153311859429e-10,1.2447327397918708e-10,1.170174035488907e-10,8479.521996296427,multi_sweep
EXOR,A,multi_3,0.9,2e-14,2e-07,2.0,26.66667,6.037282259884558e-05,5.283304455284596e-05,1.627481301225516e-10,1.8891162333383488e-10,1.7582987672819323e-10,12741.295415086468,multi_sweep
EXOR,A,multi_3,1.0,2e-14,2e-07,2.0,26.66667,7.486800664588621e-05,6.66372936851041e-05,1.4560029863893728e-10,1.6606239967286088e-10,1.5583134915589908e-10,11292.126750427471,multi_sweep
EXOR,A,multi_3,1.1,2e-14,2e-07,2.0,26.66667,8.955966945669459e-05,8.143074230102979e-05,1.331686865486117e-10,1.493421006600786e-10,1.4125539360434514e-10,10235.898087271387,multi_sweep
EXOR,A,multi_3,1.2,2e-14,2e-07,2.0,26.66667,0.0001046590309755,9.46157083323018e-05,1.240952062273438e-10,1.3830945293334408e-10,1.3120232958034394e-10,9507.415186981445,multi_sweep
EXOR,A,multi_3,1.3,2e-14,2e-07,2.0,26.66667,0.000119927800347,0.0001092547259573,1.1695037737186328e-10,1.290559526397326e-10,1.2300316500579794e-10,8913.272826507098,multi_sweep
EXOR,A,multi_3,0.9,2e-14,2e-07,2.0,42.22222,5.600891537549481e-05,5.078998132802678e-05,1.746761841032869e-10,1.9558358000791003e-10,1.8512988205559846e-10,13415.208844608585,multi_sweep
EXOR,A,multi_3,1.0,2e-14,2e-07,2.0,42.22222,6.944109791002366e-05,6.409482397981428e-05,1.5611657197319907e-10,1.7164676977926e-10,1.6388167087622953e-10,11875.483396828227,multi_sweep
EXOR,A,multi_3,1.1,2e-14,2e-07,2.0,42.22222,8.328654723474881e-05,7.804345510351824e-05,1.4248006126986818e-10,1.5461196693035718e-10,1.485460141001127e-10,10764.203920298023,multi_sweep
EXOR,A,multi_3,1.2,2e-14,2e-07,2.0,42.22222,9.737409438710168e-05,9.211859359193468e-05,1.3189170865391e-10,1.422137849031515e-10,1.3705274677853074e-10,9931.358462212373,multi_sweep
EXOR,A,multi_3,1.3,2e-14,2e-07,2.0,42.22222,0.0001114923279435,0.000106523501144,1.2487623642850948e-10,1.3243842269367401e-10,1.2865732956109176e-10,9322.994895731288,multi_sweep
EXOR,A,multi_3,0.9,2e-14,2e-07,2.0,57.77778,5.210430307709762e-05,4.941515075742467e-05,1.8705130681745559e-10,2.0100984154624207e-10,1.9403057418184882e-10,14060.186534916582,multi_sweep
EXOR,A,multi_3,1.0,2e-14,2e-07,2.0,57.77778,6.460612442500364e-05,6.21063981327494e-05,1.671411202975293e-10,1.7675918564340807e-10,1.7195015297046869e-10,12460.156012352805,multi_sweep
EXOR,A,multi_3,1.1,2e-14,2e-07,2.0,57.77778,7.750545824106849e-05,7.512965937673825e-05,1.528011639968506e-10,1.59891775012421e-10,1.5634646950463578e-10,11329.45431193013,multi_sweep
EXOR,A,multi_3,1.2,2e-14,2e-07,2.0,57.77778,9.06545242780278e-05,8.891784284398956e-05,1.4196992835777558e-10,1.466358260200205e-10,1.4430287718889805e-10,10456.73023107957,multi_sweep
EXOR,A,multi_3,1.3,2e-14,2e-07,2.0,57.77778,0.0001040033621767,0.0001048521174303,1.33065140829848e-10,1.3517666354707568e-10,1.3412090218846185e-10,9718.905955685643,multi_sweep
EXOR,A,multi_3,0.9,2e-14,2e-07,2.0,73.33333,4.854853216134018e-05,4.712396237937995e-05,1.99901077018011e-10,2.0846510193658188e-10,2.0418308947729643e-10,14795.876049079452,multi_sweep
EXOR,A,multi_3,1.0,2e-14,2e-07,2.0,73.33333,6.025456238960687e-05,6.036931183549244e-05,1.7868597815830618e-10,1.8159572254023801e-10,1.801408503492721e-10,13053.68480791827,multi_sweep
EXOR,A,multi_3,1.1,2e-14,2e-07,2.0,73.33333,7.224760916463577e-05,7.399538443879436e-05,1.6308839691412948e-10,1.6321945811266527e-10,1.6315392751339737e-10,11822.748370536043,multi_sweep
EXOR,A,multi_3,1.2,2e-14,2e-07,2.0,73.33333,8.451321392483872e-05,8.66976459771184e-05,1.517394453265759e-10,1.5037338187872518e-10,1.5105641360265054e-10,10946.1169277283,multi_sweep
EXOR,A,multi_3,1.3,2e-14,2e-07,2.0,73.33333,9.7073751723551e-05,0.0001001606766154,1.422364185096864e-10,1.40053372497279e-10,1.411448955034827e-10,10227.89097851324,multi_sweep
EXOR,A,multi_3,0.9,2e-14,2e-07,2.0,88.88889,4.530184873096666e-05,4.572503371151805e-05,2.1382600562751678e-10,2.1420661143611768e-10,2.1401630853181723e-10,15508.42815447951,multi_sweep
EXOR,A,multi_3,1.0,2e-14,2e-07,2.0,88.88889,5.627781308298109e-05,5.803973138131679e-05,1.9033008150453568e-10,1.876584862025009e-10,1.8899428385351828e-10,13695.237960399878,multi_sweep
EXOR,A,multi_3,1.1,2e-14,2e-07,2.0,88.88889,6.748190533210456e-05,7.204741320113742e-05,1.74232696853741e-10,1.6740148948959428e-10,1.7081709317166764e-10,12378.05022983099,multi_sweep
EXOR,A,multi_3,1.2,2e-14,2e-07,2.0,88.88889,7.906070605348596e-05,8.556708482345951e-05,1.6161060773255549e-10,1.5313922209965818e-10,1.5737491491610685e-10,11403.979341746874,multi_sweep
EXOR,A,multi_3,1.3,2e-14,2e-07,2.0,88.88889,9.066048123542494e-05,9.745251561661866e-05,1.512873672076503e-10,1.4358980648901129e-10,1.474385868483308e-10,10683.955568719624,multi_sweep
EXOR,A,multi_3,0.9,2e-14,2e-07,2.0,104.4444,4.233128464652816e-05,4.526576921827999e-05,2.2778188315203858e-10,2.1781916679249939e-10,2.2280052497226898e-10,16144.965577700652,multi_sweep
EXOR,A,multi_3,1.0,2e-14,2e-07,2.0,104.4444,5.260024245742372e-05,5.712201189168782e-05,2.024684631732884e-10,1.91284730672894e-10,1.968765969230912e-10,14266.420066890667,multi_sweep
EXOR,A,multi_3,1.1,2e-14,2e-07,2.0,104.4444,6.314262870129964e-05,6.872677480863326e-05,1.8550935663124958e-10,1.7324461506573857e-10,1.7937698584849407e-10,12998.33230786189,multi_sweep
EXOR,A,multi_3,1.2,2e-14,2e-07,2.0,104.4444,7.393371656667237e-05,8.206657695266339e-05,1.7199084086245778e-10,1.5806930127781068e-10,1.6503007107013423e-10,11958.700802183641,multi_sweep
EXOR,A,multi_3,1.3,2e-14,2e-07,2.0,104.4444,8.49277970143283e-05,9.536861901588929e-05,1.6132595680412077e-10,1.466914285271363e-10,1.5400869266562853e-10,11160.050193161489,multi_sweep
EXOR,A,multi_3,0.9,2e-14,2e-07,2.0,120.0,3.954971788168657e-05,4.383462365056091e-05,2.4339476756046387e-10,2.2394508426108588e-10,2.3366992591077487e-10,16932.603326867746,multi_sweep
EXOR,A,multi_3,1.0,2e-14,2e-07,2.0,120.0,4.921454322444238e-05,5.469931228081857e-05,2.1665061750107948e-10,1.976702723302277e-10,2.0716044491565359e-10,15011.626443163304,multi_sweep
EXOR,A,multi_3,1.1,2e-14,2e-07,2.0,120.0,5.919641812654778e-05,6.711180274135825e-05,1.974480403627434e-10,1.7715275932378258e-10,1.87300399843263e-10,13572.492742265435,multi_sweep
EXOR,A,multi_3,1.2,2e-14,2e-07,2.0,120.0,6.936410620237763e-05,8.045264458451382e-05,1.8255308570852478e-10,1.6124835188663758e-10,1.7190071879758118e-10,12456.57382591168,multi_sweep
EXOR,A,multi_3,1.3,2e-14,2e-07,2.0,120.0,7.967782857461687e-05,9.472868485992782e-05,1.7154274429679358e-10,1.485881120936664e-10,1.6006542819523e-10,11598.944072118116,multi_sweep
EXOR,A,multi_4,0.9,1e-15,1e-07,2.0,27.0,2.74523276083492e-05,2.482914684900184e-05,4.737463565255873e-11,5.61433806248439e-11,5.1759008138701316e-11,75013.05527348017,multi_sweep
EXOR,A,multi_4,0.9,1e-15,2e-07,2.0,27.0,5.387620815144026e-05,5.066499407706347e-05,3.704142219429037e-11,4.18495745633455e-11,3.9445498378817936e-11,57167.38895480861,multi_sweep
EXOR,A,multi_4,0.9,1e-15,3e-07,2.0,27.0,8.043196539727825e-05,7.665239901180118e-05,3.3987858385914796e-11,3.7709153674280445e-11,3.584850603009762e-11,51954.356565358874,multi_sweep
EXOR,A,multi_4,0.9,1e-15,4e-07,2.0,27.0,0.0001069822195813,0.0001031477156855,3.263631790858854e-11,3.602119446513767e-11,3.4328756186863104e-11,49751.82056067116,multi_sweep
EXOR,A,multi_4,0.9,1e-15,5e-07,2.0,27.0,0.000133543309279,0.0001292878595139,3.180759230747484e-11,3.501110961509885e-11,3.3409350961286846e-11,48419.3492192563,multi_sweep
EXOR,A,multi_4,0.9,1.325e-14,1e-07,2.0,27.0,2.752046228040375e-05,2.48257239116739e-05,2.2717680907532547e-10,2.60148188856002e-10,2.436624989656637e-10,26651.62690354539,multi_sweep
EXOR,A,multi_4,0.9,1.325e-14,2e-07,2.0,27.0,5.399757144067263e-05,4.96420455301357e-05,1.297954216543306e-10,1.4376478947942418e-10,1.367801055668774e-10,14960.908456863812,multi_sweep
EXOR,A,multi_4,0.9,1.325e-14,3e-07,2.0,27.0,8.065431585899329e-05,7.497778615056435e-05,9.689695746182944e-11,1.0562710768440248e-10,1.0126203257311597e-10,11075.967467663766,multi_sweep
EXOR,A,multi_4,0.9,1.325e-14,4e-07,2.0,27.0,0.0001071743993116,0.0001017360736365,8.067386039026725e-11,8.657785770378623e-11,8.362585904702674e-11,9146.93563544181,multi_sweep
EXOR,A,multi_4,0.9,1.325e-14,5e-07,2.0,27.0,0.0001338473051599,0.0001268754748974,7.060441127060623e-11,7.571452582247906e-11,7.315946854654264e-11,8002.129455459956,multi_sweep
EXOR,A,multi_4,0.9,2.55e-14,1e-07,2.0,27.0,2.752253755349612e-05,2.468245833143897e-05,4.0561977933258637e-10,4.636308229547825e-10,4.3462530114368445e-10,24701.63689364504,multi_sweep
EXOR,A,multi_4,0.9,2.55e-14,2e-07,2.0,27.0,5.405012709477622e-05,4.991029541036911e-05,2.2188665559363988e-10,2.435298911429055e-10,2.327082733682727e-10,13225.818321584129,multi_sweep
EXOR,A,multi_4,0.9,2.55e-14,3e-07,2.0,27.0,8.065313884635958e-05,7.572799955917775e-05,1.583690201482973e-10,1.714598121537987e-10,1.64914416151048e-10,9372.800008584714,multi_sweep
EXOR,A,multi_4,0.9,2.55e-14,4e-07,2.0,27.0,0.0001073215684962,0.000101063764007,1.270933924301146e-10,1.367715739691409e-10,1.3193248319962773e-10,7498.2940153241125,multi_sweep
EXOR,A,multi_4,0.9,2.55e-14,5e-07,2.0,27.0,0.0001339252105268,0.0001272241633259,1.0760701107808629e-10,1.15516958191524e-10,1.1156198463480514e-10,6340.550419710438,multi_sweep
EXOR,A,multi_4,0.9,3.775e-14,1e-07,2.0,27.0,2.751882453976049e-05,2.459295937501453e-05,5.841184286459497e-10,6.677355916837711e-10,6.259270101648605e-10,24030.21442230005,multi_sweep
EXOR,A,multi_4,0.9,3.775e-14,2e-07,2.0,27.0,5.401794589551152e-05,4.990298524193182e-05,3.1235527216277886e-10,3.4363146497321687e-10,3.279933685679979e-10,12592.124717074495,multi_sweep
EXOR,A,multi_4,0.9,3.775e-14,3e-07,2.0,27.0,8.064928514963793e-05,7.529421886362346e-05,2.1994857812339701e-10,2.3836750854781216e-10,2.291580433356046e-10,8797.698179694966,multi_sweep
EXOR,A,multi_4,0.9,3.775e-14,4e-07,2.0,27.0,0.0001073040738756,0.0001012715467907,1.729152567364361e-10,1.8602604577640458e-10,1.7947065125642035e-10,6890.129619211839,multi_sweep
EXOR,A,multi_4,0.9,3.775e-14,5e-07,2.0,27.0,0.0001339628860581,0.0001253685451304,1.44634091978932e-10,1.5613691537719208e-10,1.5038550367806205e-10,5773.510074980788,multi_sweep
EXOR,A,multi_4,0.9,5e-14,1e-07,2.0,27.0,2.75177591161069e-05,2.475470950423463e-05,7.62109667398045e-10,8.697923536599721e-10,8.159510105290085e-10,23650.75392837706,multi_sweep
EXOR,A,multi_4,0.9,5e-14,2e-07,2.0,27.0,5.402412206706214e-05,4.943287053474022e-05,4.0401751853302334e-10,4.4676036663654834e-10,4.253889425847858e-10,12330.11427781988,multi_sweep
EXOR,A,multi_4,0.9,5e-14,3e-07,2.0,27.0,8.064465097678247e-05,7.579390886780038e-05,2.809589960472921e-10,3.04173322454994e-10,2.9256615925114306e-10,8480.17852901864,multi_sweep
EXOR,A,multi_4,0.9,5e-14,4e-07,2.0,27.0,0.0001073263446087,0.0001008286327096,2.1873834339054427e-10,2.3623436496354907e-10,2.2748635417704667e-10,6593.807367450629,multi_sweep
EXOR,A,multi_4,0.9,5e-14,5e-07,2.0,27.0,0.0001339978336997,0.0001268329056539,1.815897180624708e-10,1.947457867808397e-10,1.8816775242165524e-10,5454.137751352326,multi_sweep
EXOR,A,multi_4,1.0,1e-15,1e-07,2.0,27.0,3.374141870410623e-05,3.144469957082757e-05,4.3092769474266575e-11,4.9367489209973845e-11,4.623012934212021e-11,67000.18745234814,multi_sweep
EXOR,A,multi_4,1.0,1e-15,2e-07,2.0,27.0,6.685243903660793e-05,6.446535625295464e-05,3.35947249361325e-11,3.6742684577082696e-11,3.51687047566076e-11,50969.137328416815,multi_sweep
EXOR,A,multi_4,1.0,1e-15,3e-07,2.0,27.0,0.0001000793086623,9.738413628445954e-05,3.0797444170799856e-11,3.309935871405495e-11,3.1948401442427404e-11,46302.031075981744,multi_sweep
EXOR,A,multi_4,1.0,1e-15,4e-07,2.0,27.0,0.0001333240759104,0.0001308504382204,2.958144664429272e-11,3.16045657867796e-11,3.059300621553616e-11,44337.69016744372,multi_sweep
EXOR,A,multi_4,1.0,1e-15,5e-07,2.0,27.0,0.0001666905672681,0.0001641650141756,2.8770585096137118e-11,3.071694722174965e-11,2.974376615894338e-11,43106.907476729546,multi_sweep
EXOR,A,multi_4,1.0,1.325e-14,1e-07,2.0,27.0,3.381375106210526e-05,3.065855495661506e-05,2.0519748722021427e-10,2.30518443200793e-10,2.1785796521050366e-10,23829.145770905518,multi_sweep
EXOR,A,multi_4,1.0,1.325e-14,2e-07,2.0,27.0,6.69701067779393e-05,6.278855191432012e-05,1.1622502968223619e-10,1.261896723030391e-10,1.2120735099263764e-10,13257.571888721646,multi_sweep
EXOR,A,multi_4,1.0,1.325e-14,3e-07,2.0,27.0,0.0001003038581276,9.6189261998655e-05,8.681801137394446e-11,9.206489574963056e-11,8.94414535617875e-11,9783.04113336478,multi_sweep
EXOR,A,multi_4,1.0,1.325e-14,4e-07,2.0,27.0,0.0001336726494389,0.0001275042372451,7.192833882705813e-11,7.622412928384643e-11,7.407623405545228e-11,8102.404599994781,multi_sweep
EXOR,A,multi_4,1.0,1.325e-14,5e-07,2.0,27.0,0.0001670172260405,0.0001609136152038,6.291736196515723e-11,6.641905475627112e-11,6.466820836071418e-11,7073.361592640326,multi_sweep
EXOR,A,multi_4,1.0,2.55e-14,1e-07,2.0,27.0,3.374456982576477e-05,3.051846084112764e-05,3.664414081716079e-10,4.116479700686338e-10,3.8904468912012084e-10,22111.093442462115,multi_sweep
EXOR,A,multi_4,1.0,2.55e-14,2e-07,2.0,27.0,6.69668661484985e-05,6.25583214937761e-05,1.9819714172330058e-10,2.1488134082075808e-10,2.0653924127202932e-10,11738.518969708972,multi_sweep
EXOR,A,multi_4,1.0,2.55e-14,3e-07,2.0,27.0,0.0001003151195028,9.611013482348408e-05,1.4048755425508228e-10,1.504282016867562e-10,1.4545787797091924e-10,8267.000737193479,multi_sweep
EXOR,A,multi_4,1.0,2.55e-14,4e-07,2.0,27.0,0.0001337303939657,0.0001277644919448,1.1240000635226869e-10,1.198978709362632e-10,1.1614893864426593e-10,6601.24686810264,multi_sweep
EXOR,A,multi_4,1.0,2.55e-14,5e-07,2.0,27.0,0.0001670641422945,0.0001586596951396,9.588338870337689e-11,1.0183688337550679e-10,9.886013603944184e-11,5618.649391272626,multi_sweep
EXOR,A,multi_4,1.0,3.775e-14,1e-07,2.0,27.0,3.376268276138675e-05,3.042226224409979e-05,5.28223455263422e-10,5.929616500033018e-10,5.60592552633362e-10,21521.933108104888,multi_sweep
EXOR,A,multi_4,1.0,3.775e-14,2e-07,2.0,27.0,6.694172301256503e-05,6.29515765284377e-05,2.8002510813034785e-10,3.018361740203748e-10,2.909306410753613e-10,11169.234708719123,multi_sweep
EXOR,A,multi_4,1.0,3.775e-14,3e-07,2.0,27.0,0.0001003542297001,9.545045867870843e-05,1.9587644868158668e-10,2.0884801449321258e-10,2.0236223158739963e-10,7768.9694438007355,multi_sweep
EXOR,A,multi_4,1.0,3.775e-14,4e-07,2.0,27.0,0.000133702517315,0.0001273932561081,1.5358585983683888e-10,1.638536121715697e-10,1.587197360042043e-10,6093.47292462633,multi_sweep
EXOR,A,multi_4,1.0,3.775e-14,5e-07,2.0,27.0,0.0001671471754973,0.0001611798793007,1.2830920916271658e-10,1.3596935331594758e-10,1.3213928123933208e-10,5073.012044892297,multi_sweep
EXOR,A,multi_4,1.0,5e-14,1e-07,2.0,27.0,3.377281762961849e-05,3.046521260750123e-05,6.887677531472517e-10,7.735353457366667e-10,7.311515494419592e-10,21192.798534549544,multi_sweep
EXOR,A,multi_4,1.0,5e-14,2e-07,2.0,27.0,6.700699899765333e-05,6.259553315141949e-05,3.615831233728895e-10,3.917302939233947e-10,3.766567086481421e-10,10917.585757917162,multi_sweep
EXOR,A,multi_4,1.0,5e-14,3e-07,2.0,27.0,0.0001004127772921,9.580652442019032e-05,2.503927501941435e-10,2.667712341953097e-10,2.585819921947266e-10,7495.130208542801,multi_sweep
EXOR,A,multi_4,1.0,5e-14,4e-07,2.0,27.0,0.0001337639506855,0.0001276095604689,1.9470689964195677e-10,2.0695891071600147e-10,2.0083290517897912e-10,5821.243628376206,multi_sweep
EXOR,A,multi_4,1.0,5e-14,5e-07,2.0,27.0,0.000167294804915,0.0001594595769391,1.613343570625711e-10,1.7123005166127028e-10,1.662822043619207e-10,4819.774039475963,multi_sweep
EXOR,A,multi_4,1.1,1e-15,1e-07,2.0,27.0,4.015890650236826e-05,3.826468947424232e-05,4.006182103505297e-11,4.4377635371817386e-11,4.221972820343518e-11,61188.0118890365,multi_sweep
EXOR,A,multi_4,1.1,1e-15,2e-07,2.0,27.0,8.013561788287921e-05,7.840486626166521e-05,3.111001300558118e-11,3.299280789886427e-11,3.2051410452222725e-11,46451.31949597497,multi_sweep
EXOR,A,multi_4,1.1,1e-15,3e-07,2.0,27.0,0.0001203461538761,0.000119776157429,2.8497416929447388e-11,2.962460884522051e-11,2.906101288733395e-11,42117.40998164341,multi_sweep
EXOR,A,multi_4,1.1,1e-15,4e-07,2.0,27.0,0.0001604903064031,0.0001609080561223,2.737596822255802e-11,2.8281584147368438e-11,2.7828776184963227e-11,40331.55968835251,multi_sweep
EXOR,A,multi_4,1.1,1e-15,5e-07,2.0,27.0,0.0002006323328905,0.0002024466247053,2.673752031417598e-11,2.749852303092437e-11,2.7118021672550174e-11,39301.48068485533,multi_sweep
EXOR,A,multi_4,1.1,1.325e-14,1e-07,2.0,27.0,4.02325129681402e-05,3.799597334034079e-05,1.8944811428713948e-10,2.0597336166134378e-10,1.9771073797424163e-10,21625.456710335427,multi_sweep
EXOR,A,multi_4,1.1,1.325e-14,2e-07,2.0,27.0,8.030813058412247e-05,7.710977942534542e-05,1.0543433843822549e-10,1.1306328322190879e-10,1.0924881083006715e-10,11949.55546404891,multi_sweep
EXOR,A,multi_4,1.1,1.325e-14,3e-07,2.0,27.0,0.0001205537602532,0.0001164206174759,7.921704849252532e-11,8.311451419677215e-11,8.116578134464873e-11,8877.854125747743,multi_sweep
EXOR,A,multi_4,1.1,1.325e-14,4e-07,2.0,27.0,0.0001608249329834,0.0001569194878009,6.567681321028277e-11,6.829705592295206e-11,6.698693456661742e-11,7326.982178465128,multi_sweep
EXOR,A,multi_4,1.1,1.325e-14,5e-07,2.0,27.0,0.0002010651354688,0.0001955018290506,5.7480457103248306e-11,5.966449916911937e-11,5.857247813618384e-11,6406.615054545677,multi_sweep
EXOR,A,multi_4,1.1,2.55e-14,1e-07,2.0,27.0,4.023823764440491e-05,3.80034447682068e-05,3.3820368598805003e-10,3.6699787907808166e-10,3.5260078253306585e-10,20039.82850429474,multi_sweep
EXOR,A,multi_4,1.1,2.55e-14,2e-07,2.0,27.0,8.04333901300288e-05,7.75750837958782e-05,1.810236065106288e-10,1.918215623274362e-10,1.864225844190325e-10,10595.202297188549,multi_sweep
EXOR,A,multi_4,1.1,2.55e-14,3e-07,2.0,27.0,0.0001205558698516,0.0001158277169691,1.2801525928978618e-10,1.3596533910616e-10,1.319902991979731e-10,7501.579948733908,multi_sweep
EXOR,A,multi_4,1.1,2.55e-14,4e-07,2.0,27.0,0.0001608592952017,0.0001555194712073,1.0305969803246839e-10,1.0791194833920509e-10,1.0548582318583674e-10,5995.215867339401,multi_sweep
EXOR,A,multi_4,1.1,2.55e-14,5e-07,2.0,27.0,0.0002011799308353,0.000193150903084,8.750830528339708e-11,9.167367544517276e-11,8.959099036428493e-11,5091.843726302071,multi_sweep
EXOR,A,multi_4,1.1,3.775e-14,1e-07,2.0,27.0,4.025882288558019e-05,3.682781410881597e-05,4.861754943303038e-10,5.366688277634562e-10,5.1142216104688e-10,19634.212920506,multi_sweep
EXOR,A,multi_4,1.1,3.775e-14,2e-07,2.0,27.0,8.031177848224802e-05,7.67729041733559e-05,2.5595525537335916e-10,2.716846283907641e-10,2.6381994188206163e-10,10128.417002862527,multi_sweep
EXOR,A,multi_4,1.1,3.775e-14,3e-07,2.0,27.0,0.000120597223877,0.0001157755996554,1.7850007567604657e-10,1.8832632662665148e-10,1.8341320115134903e-10,7041.489630534564,multi_sweep
EXOR,A,multi_4,1.1,3.775e-14,4e-07,2.0,27.0,0.0001608590514653,0.0001549359943956,1.3983759077484618e-10,1.473587539281354e-10,1.4359817235149079e-10,5512.934920874971,multi_sweep
EXOR,A,multi_4,1.1,3.775e-14,5e-07,2.0,27.0,0.0002011918101969,0.0001959373885009,1.16970824012308e-10,1.223616209528055e-10,1.1966622248255676e-10,4594.153852867138,multi_sweep
EXOR,A,multi_4,1.1,5e-14,1e-07,2.0,27.0,4.025267570643167e-05,3.791121604556334e-05,6.356174764001835e-10,6.888452008241024e-10,6.62231338612143e-10,19195.11126412009,multi_sweep
EXOR,A,multi_4,1.1,5e-14,2e-07,2.0,27.0,8.03249948844522e-05,7.729764185463109e-05,3.30417406476276e-10,3.5001376087552546e-10,3.4021558367590073e-10,9861.321265968138,multi_sweep
EXOR,A,multi_4,1.1,5e-14,3e-07,2.0,27.0,0.000120606697301,0.0001160303719239,2.2818463487368787e-10,2.408812155525474e-10,2.345329252131176e-10,6798.055803278772,multi_sweep
EXOR,A,multi_4,1.1,5e-14,4e-07,2.0,27.0,0.0001607597818297,0.0001549994859173,1.771392043216053e-10,1.868667039806512e-10,1.8200295415112825e-10,5275.447946409515,multi_sweep
EXOR,A,multi_4,1.1,5e-14,5e-07,2.0,27.0,0.0002010909685669,0.0001940882173593,1.46771516656785e-10,1.5421490092573868e-10,1.5049320879126185e-10,4362.1219939496195,multi_sweep
EXOR,A,multi_4,1.2,1e-15,1e-07,2.0,27.0,4.671339324674739e-05,4.536972154572626e-05,3.768426593521877e-11,4.053261047421883e-11,3.91084382047188e-11,56678.89594886782,multi_sweep
EXOR,A,multi_4,1.2,1e-15,2e-07,2.0,27.0,9.368482448929158e-05,9.368031289870048e-05,2.919673746441744e-11,3.0089185851542566e-11,2.964296165798e-11,42960.813997072466,multi_sweep
EXOR,A,multi_4,1.2,1e-15,3e-07,2.0,27.0,0.0001408776383591,0.0001431383797597,2.6762304567920807e-11,2.704068911721746e-11,2.6901496842569135e-11,38987.67658343353,multi_sweep
EXOR,A,multi_4,1.2,1e-15,4e-07,2.0,27.0,0.0001894162814475,0.0001910086637268,2.573629385808636e-11,2.5766586991139528e-11,2.5751440424612946e-11,37320.92815161296,multi_sweep
EXOR,A,multi_4,1.2,1e-15,5e-07,2.0,27.0,0.0002402070596272,0.0002328173079305,2.5113913904266002e-11,2.5005232637147896e-11,2.5059573270706947e-11,36318.22213145935,multi_sweep
EXOR,A,multi_4,1.2,1.325e-14,1e-07,2.0,27.0,4.672722547108548e-05,4.470869872822478e-05,1.774056239046619e-10,1.8982557234930409e-10,1.83615598126983e-10,20083.740566254637,multi_sweep
EXOR,A,multi_4,1.2,1.325e-14,2e-07,2.0,27.0,9.387348148601148e-05,9.091136297816015e-05,9.929480374254667e-11,1.03877294250061e-10,1.0158604899630384e-10,11111.40814835153,multi_sweep
EXOR,A,multi_4,1.2,1.325e-14,3e-07,2.0,27.0,0.0001411602685111,0.0001383624461006,7.354855400261818e-11,7.597569736186156e-11,7.476212568223987e-11,8177.426927234332,multi_sweep
EXOR,A,multi_4,1.2,1.325e-14,4e-07,2.0,27.0,0.0001884363991753,0.0001847258064043,6.08994759242787e-11,6.266998295905135e-11,6.178472944166502e-11,6757.9687658370285,multi_sweep
EXOR,A,multi_4,1.2,1.325e-14,5e-07,2.0,27.0,0.0002356402171108,0.0002318127230926,5.323937325844434e-11,5.4631015725934857e-11,5.39351944921896e-11,5899.39234259662,multi_sweep
EXOR,A,multi_4,1.2,2.55e-14,1e-07,2.0,27.0,4.680514851243034e-05,4.461201710782591e-05,3.1632792755872936e-10,3.384818018980151e-10,3.2740486472837223e-10,18607.835449182854,multi_sweep
EXOR,A,multi_4,1.2,2.55e-14,2e-07,2.0,27.0,9.39158261112844e-05,9.173472094055706e-05,1.682328871713585e-10,1.7608072468049309e-10,1.721568059259258e-10,9784.41636407649,multi_sweep
EXOR,A,multi_4,1.2,2.55e-14,3e-07,2.0,27.0,0.0001411091194846,0.0001360291043188,1.1933234485441559e-10,1.252247754968022e-10,1.222785601756089e-10,6949.619788326737,multi_sweep
EXOR,A,multi_4,1.2,2.55e-14,4e-07,2.0,27.0,0.0001886623666815,0.0001853789672834,9.567836596329429e-11,9.859654257449208e-11,9.713745426889318e-11,5520.741930599216,multi_sweep
EXOR,A,multi_4,1.2,2.55e-14,5e-07,2.0,27.0,0.000235880183422,0.0002295068050243,8.114001254826288e-11,8.385126552586397e-11,8.249563903706343e-11,4688.58420216331,multi_sweep
EXOR,A,multi_4,1.2,3.775e-14,1e-07,2.0,27.0,4.675033192477393e-05,4.373669017003293e-05,4.5523789284180177e-10,4.921509882823279e-10,4.736944405620649e-10,18185.792899973698,multi_sweep
EXOR,A,multi_4,1.2,3.775e-14,2e-07,2.0,27.0,9.390762899500408e-05,8.918152485776697e-05,2.370061348417037e-10,2.523458055589525e-10,2.446759702003281e-10,9393.45312219323,multi_sweep
EXOR,A,multi_4,1.2,3.775e-14,3e-07,2.0,27.0,0.0001412315873158,0.0001369724517713,1.66072760375757e-10,1.7315210891220668e-10,1.6961243464398184e-10,6511.658878740066,multi_sweep
EXOR,A,multi_4,1.2,3.775e-14,4e-07,2.0,27.0,0.0001885703421785,0.0001811551233316,1.3001305035179678e-10,1.361735770199517e-10,1.3309331368587422e-10,5109.6386864718015,multi_sweep
EXOR,A,multi_4,1.2,3.775e-14,5e-07,2.0,27.0,0.0002357359066737,0.0002275173876148,1.0869085805503128e-10,1.1321077282705778e-10,1.1095081544104453e-10,4259.557172129554,multi_sweep
EXOR,A,multi_4,1.2,5e-14,1e-07,2.0,27.0,4.682028141380205e-05,4.415368572861815e-05,5.95410277517737e-10,6.389471112212556e-10,6.171786943694963e-10,17889.237517956415,multi_sweep
EXOR,A,multi_4,1.2,5e-14,2e-07,2.0,27.0,9.395629671808144e-05,9.152816587578434e-05,3.0735871443725887e-10,3.2142561606635927e-10,3.143921652518091e-10,9112.816384110409,multi_sweep
EXOR,A,multi_4,1.2,5e-14,3e-07,2.0,27.0,0.0001412991997613,0.0001347807840182,2.119889523563277e-10,2.2343831556387767e-10,2.1771363396010268e-10,6310.5401147855855,multi_sweep
EXOR,A,multi_4,1.2,5e-14,4e-07,2.0,27.0,0.0001886506941954,0.0001853253482924,1.6360115052090718e-10,1.70544632124696e-10,1.670728913228016e-10,4842.6925021101915,multi_sweep
EXOR,A,multi_4,1.2,5e-14,5e-07,2.0,27.0,0.0002362109917011,0.0002312794654734,1.357954577525622e-10,1.4105969211594658e-10,1.384275749342544e-10,4012.3934763552,multi_sweep
EXOR,A,multi_4,1.3,1e-15,1e-07,2.0,27.0,5.335102255472648e-05,5.265336007498586e-05,3.583271431395591e-11,3.764177279789718e-11,3.673724355592654e-11,53242.38196511094,multi_sweep
EXOR,A,multi_4,1.3,1e-15,2e-07,2.0,27.0,0.0001074140825205,0.0001090313353416,2.776030718335722e-11,2.7861729074441138e-11,2.781101812889918e-11,40305.823375216205,multi_sweep
EXOR,A,multi_4,1.3,1e-15,3e-07,2.0,27.0,0.0001637783424809,0.0001611038979118,2.547587908530373e-11,2.494982087147823e-11,2.521284997839098e-11,36540.36228752316,multi_sweep
EXOR,A,multi_4,1.3,1e-15,4e-07,2.0,27.0,0.0002192479255905,0.0002124904480478,2.447621693874685e-11,2.372790423125841e-11,2.4102060585002627e-11,34930.52258696033,multi_sweep
EXOR,A,multi_4,1.3,1e-15,5e-07,2.0,27.0,0.0002721116671675,0.0002645122426707,2.3854613223500238e-11,2.2977104160383228e-11,2.3415858691941735e-11,33936.02708977063,multi_sweep
EXOR,A,multi_4,1.3,1.325e-14,1e-07,2.0,27.0,5.339859992286445e-05,5.118005485541917e-05,1.6692085666142727e-10,1.77880375099875e-10,1.7240061588065114e-10,18857.053965616753,multi_sweep
EXOR,A,multi_4,1.3,1.325e-14,2e-07,2.0,27.0,0.0001074750026845,0.0001052086076737,9.349774141837032e-11,9.66025927768652e-11,9.505016709761775e-11,10396.518140291799,multi_sweep
EXOR,A,multi_4,1.3,1.325e-14,3e-07,2.0,27.0,0.0001619514174408,0.0001595563406202,6.908106391757917e-11,7.064152895446694e-11,6.986129643602306e-11,7641.377789009906,multi_sweep
EXOR,A,multi_4,1.3,1.325e-14,4e-07,2.0,27.0,0.0002162429073424,0.0002141108580337,5.7166419561236826e-11,5.811805825134292e-11,5.764223890628987e-11,6304.866164209995,multi_sweep
EXOR,A,multi_4,1.3,1.325e-14,5e-07,2.0,27.0,0.0002710015101627,0.0002698426989644,5.000511186009288e-11,5.053724566381466e-11,5.027117876195377e-11,5498.624967126472,multi_sweep
EXOR,A,multi_4,1.3,2.55e-14,1e-07,2.0,27.0,5.341152264997949e-05,5.10049908287789e-05,3.001976193701756e-10,3.177436828639888e-10,3.089706511170822e-10,17560.139307592057,multi_sweep
EXOR,A,multi_4,1.3,2.55e-14,2e-07,2.0,27.0,0.0001076571036422,0.0001040766976732,1.587287893992614e-10,1.65629342597723e-10,1.621790659984922e-10,9217.338220999842,multi_sweep
EXOR,A,multi_4,1.3,2.55e-14,3e-07,2.0,27.0,0.0001620726840185,0.0001585788902321,1.11622025803684e-10,1.1605698081104059e-10,1.138395033073623e-10,6469.991662822525,multi_sweep
EXOR,A,multi_4,1.3,2.55e-14,4e-07,2.0,27.0,0.0002165154921529,0.0002129218560354,8.987289501145769e-11,9.208906976052875e-11,9.098098238599323e-11,5170.842988689585,multi_sweep
EXOR,A,multi_4,1.3,2.55e-14,5e-07,2.0,27.0,0.000270762112265,0.0002679516896227,7.61563195736579e-11,7.761514891658126e-11,7.688573424511958e-11,4369.74903353905,multi_sweep
EXOR,A,multi_4,1.3,3.775e-14,1e-07,2.0,27.0,5.339213601857521e-05,5.163681609974622e-05,4.31120461268412e-10,4.5457568429422464e-10,4.4284807278131836e-10,17001.55764588995,multi_sweep
EXOR,A,multi_4,1.3,3.775e-14,2e-07,2.0,27.0,0.0001075951112289,0.0001062560360245,2.2401678939290549e-10,2.3167882247567538e-10,2.2784780593429043e-10,8747.396331098587,multi_sweep
EXOR,A,multi_4,1.3,3.775e-14,3e-07,2.0,27.0,0.0001621028228221,0.0001570589829798,1.558940369621926e-10,1.6202897148497148e-10,1.5896150422358204e-10,6102.754745122644,multi_sweep
EXOR,A,multi_4,1.3,3.775e-14,4e-07,2.0,27.0,0.000216722277532,0.0002127714997412,1.21893419209733e-10,1.2578786712571158e-10,1.238406431677223e-10,4754.415708521828,multi_sweep
EXOR,A,multi_4,1.3,3.775e-14,5e-07,2.0,27.0,0.0002710600461477,0.0002645642820824,1.0228294229825019e-10,1.0516153946379579e-10,1.0372224088102299e-10,3982.0420724070646,multi_sweep
EXOR,A,multi_4,1.3,5e-14,1e-07,2.0,27.0,5.328071220616762e-05,5.090438541247719e-05,5.658398551861389e-10,5.97438260201052e-10,5.816390576935955e-10,16859.103121553493,multi_sweep
EXOR,A,multi_4,1.3,5e-14,2e-07,2.0,27.0,0.0001075437761934,0.0001037505087124,2.908033204043265e-10,3.0300284764438557e-10,2.9690308402435605e-10,8605.886493459597,multi_sweep
EXOR,A,multi_4,1.3,5e-14,3e-07,2.0,27.0,0.000162039681756,0.0001591486082696,1.9926068472586619e-10,2.060392265614176e-10,2.0264995564364187e-10,5873.911757786721,multi_sweep
EXOR,A,multi_4,1.3,5e-14,4e-07,2.0,27.0,0.0002165955134781,0.0002108348182647,1.54674318173187e-10,1.602507296262565e-10,1.5746252389972175e-10,4564.131127528167,multi_sweep
EXOR,A,multi_4,1.3,5e-14,5e-07,2.0,27.0,0.0002711752615077,0.0002671037210509,1.2745765269578779e-10,1.315220099580417e-10,1.2948983132691475e-10,3753.3284442583986,multi_sweep
EXOR,A,multi_5,1.0,1e-15,1e-07,2.0,27.0,3.37414187041073e-05,3.144469957085725e-05,4.309276947428147e-11,4.936748920997716e-11,4.6230129342129315e-11,67000.18745236132,multi_sweep
EXOR,A,multi_5,1.0,1e-15,1e-07,2.5,27.0,3.375104598897133e-05,3.961097776301987e-05,4.580635531845323e-11,4.1998402896236395e-11,4.390237910734481e-11,63626.63638745625,multi_sweep
EXOR,A,multi_5,1.0,1e-15,1e-07,3.0,27.0,3.374757163575396e-05,4.784200602174669e-05,5.012950282572048e-11,3.83678109068316e-11,4.424865686627604e-11,64128.48821199426,multi_sweep
EXOR,A,multi_5,1.0,1e-15,1e-07,3.5,27.0,3.375654260632145e-05,5.617688673653918e-05,5.442689070583548e-11,3.5751054291761595e-11,4.508897249879854e-11,65346.3369547805,multi_sweep
EXOR,A,multi_5,1.0,1e-15,1e-07,4.0,27.0,3.374733237430414e-05,6.452187509038677e-05,5.870722411466739e-11,3.3786655045909586e-11,4.624693958028849e-11,67024.55011636013,multi_sweep
EXOR,A,multi_5,1.0,1e-15,2e-07,2.0,27.0,6.685243903660793e-05,6.446535625295464e-05,3.35947249361325e-11,3.6742684577082696e-11,3.51687047566076e-11,50969.137328416815,multi_sweep
EXOR,A,multi_5,1.0,1e-15,2e-07,2.5,27.0,6.685236641770945e-05,8.089902902171663e-05,3.786101779258758e-11,3.3425465306759427e-11,3.564324154967351e-11,51656.871811121026,multi_sweep
EXOR,A,multi_5,1.0,1e-15,2e-07,3.0,27.0,6.686562271942825e-05,9.798159472517457e-05,4.215562852683844e-11,3.120831338456422e-11,3.668197095570133e-11,53162.27674739323,multi_sweep
EXOR,A,multi_5,1.0,1e-15,2e-07,3.5,27.0,6.680988232314998e-05,0.0001153193165801,4.644372875914426e-11,2.963517477600779e-11,3.8039451767576025e-11,55129.6402428638,multi_sweep
EXOR,A,multi_5,1.0,1e-15,2e-07,4.0,27.0,6.688709076571942e-05,0.0001328969800799,5.0648067679914627e-11,2.842635087722561e-11,3.953720927857012e-11,57300.30330227553,multi_sweep
EXOR,A,multi_5,1.0,1e-15,3e-07,2.0,27.0,0.0001000793086623,9.738413628445882e-05,3.079744417078166e-11,3.309935871405247e-11,3.1948401442417064e-11,46302.03107596676,multi_sweep
EXOR,A,multi_5,1.0,1e-15,3e-07,2.5,27.0,0.0001000065432689,0.0001229431206556,3.503085983761507e-11,3.054668163738806e-11,3.2788770737501566e-11,47519.95759058198,multi_sweep
EXOR,A,multi_5,1.0,1e-15,3e-07,3.0,27.0,0.000100118008118,0.0001493226926126,3.929610639552853e-11,2.8829052244981307e-11,3.406257932025492e-11,49366.0569858767,multi_sweep
EXOR,A,multi_5,1.0,1e-15,3e-07,3.5,27.0,0.000100185438774,0.0001755193632815,4.3576436779246786e-11,2.759076279030683e-11,3.5583599784776806e-11,51570.43447069103,multi_sweep
EXOR,A,multi_5,1.0,1e-15,3e-07,4.0,27.0,0.0001001496810062,0.0002027892621866,4.777533745355296e-11,2.6628158139749398e-11,3.720174779665118e-11,53915.57651688577,multi_sweep
EXOR,A,multi_5,1.0,1e-15,4e-07,2.0,27.0,0.0001333240759104,0.0001308504382204,2.9581446644300987e-11,3.160456578678167e-11,3.059300621554133e-11,44337.69016745121,multi_sweep
EXOR,A,multi_5,1.0,1e-15,4e-07,2.5,27.0,0.0001334475162653,0.0001658502129044,3.376973983147111e-11,2.935388843446584e-11,3.1561814132968475e-11,45741.75961299779,multi_sweep
EXOR,A,multi_5,1.0,1e-15,4e-07,3.0,27.0,0.000133444503871,0.0002004152341808,3.80394053830923e-11,2.7809656003657877e-11,3.292453069337509e-11,47716.71114981897,multi_sweep
EXOR,A,multi_5,1.0,1e-15,4e-07,3.5,27.0,0.000133571562148,0.0002365010311816,4.232369135641285e-11,2.670146011676297e-11,3.451257573658791e-11,50018.22570519987,multi_sweep
EXOR,A,multi_5,1.0,1e-15,4e-07,4.0,27.0,0.0001334314633356,0.0002704020747242,4.652513413683184e-11,2.585763302865785e-11,3.619138358274484e-11,52451.28055470267,multi_sweep
EXOR,A,multi_5,1.0,1e-15,5e-07,2.0,27.0,0.0001666905672682,0.0001641650141756,2.8770585096173507e-11,3.071694722174965e-11,2.974376615896158e-11,43106.907476755914,multi_sweep
EXOR,A,multi_5,1.0,1e-15,5e-07,2.5,27.0,0.0001667731780563,0.0002075380454256,3.3013809334621175e-11,2.866982563772773e-11,3.084181748617445e-11,44698.28621184703,multi_sweep
EXOR,A,multi_5,1.0,1e-15,5e-07,3.0,27.0,0.0001668045333049,0.0002520148754098,3.727257739992332e-11,2.721009669415447e-11,3.224133704703889e-11,46726.575430491146,multi_sweep
EXOR,A,multi_5,1.0,1e-15,5e-07,3.5,27.0,0.000166857874295,0.0002981400785783,4.156825669237108e-11,2.619549346052678e-11,3.388187507644893e-11,49104.16677746222,multi_sweep
EXOR,A,multi_5,1.0,1e-15,5e-07,4.0,27.0,0.0001667452676309,0.000333489337712,4.5763913516826094e-11,2.540540272248052e-11,3.5584658119653306e-11,51571.96828935262,multi_sweep
EXOR,A,multi_5,1.0,1.325e-14,1e-07,2.0,27.0,3.381375106289956e-05,3.065855495659301e-05,2.0519748721365967e-10,2.3051844320091249e-10,2.1785796520728608e-10,23829.14577055358,multi_sweep
EXOR,A,multi_5,1.0,1.325e-14,1e-07,2.5,27.0,3.379345553742043e-05,3.869079793619736e-05,2.0764660726386249e-10,1.859542849543414e-10,1.9680044610910194e-10,21525.889648247412,multi_sweep
EXOR,A,multi_5,1.0,1.325e-14,1e-07,3.0,27.0,3.377886949213405e-05,4.651842961810286e-05,2.1193345759903359e-10,1.5803592640252229e-10,1.8498469200077792e-10,20233.491058329553,multi_sweep
EXOR,A,multi_5,1.0,1.325e-14,1e-07,3.5,27.0,3.380623164192279e-05,5.560876501788561e-05,2.1717855018727968e-10,1.366997932231699e-10,1.769391717052248e-10,19353.47790048945,multi_sweep
EXOR,A,multi_5,1.0,1.325e-14,1e-07,4.0,27.0,3.382129725087664e-05,6.264500887890615e-05,2.2151208221814003e-10,1.2289001709129738e-10,1.722010496547187e-10,18835.22555698318,multi_sweep
EXOR,A,multi_5,1.0,1.325e-14,2e-07,2.0,27.0,6.697010677789824e-05,6.278855191471084e-05,1.162250296781284e-10,1.26189672302647e-10,1.212073509903877e-10,13257.571888475552,multi_sweep
EXOR,A,multi_5,1.0,1.325e-14,2e-07,2.5,27.0,6.69789968432889e-05,7.877299679416919e-05,1.2031260366227348e-10,1.0475192284080779e-10,1.1253226325154063e-10,12308.69710161779,multi_sweep
EXOR,A,multi_5,1.0,1.325e-14,2e-07,3.0,27.0,6.696283340662964e-05,9.605902423133472e-05,1.253356121049865e-10,9.002737198777376e-11,1.0768149204638013e-10,11778.123275513277,multi_sweep
EXOR,A,multi_5,1.0,1.325e-14,2e-07,3.5,27.0,6.697431455189263e-05,0.0001111812215367,1.297029852524795e-10,8.039786827006267e-11,1.0505042676127108e-10,11490.339268391697,multi_sweep
EXOR,A,multi_5,1.0,1.325e-14,2e-07,4.0,27.0,6.697744773576081e-05,0.0001281351601339,1.3406250691403358e-10,7.269666789349629e-11,1.0337958740376494e-10,11307.584074789713,multi_sweep
EXOR,A,multi_5,1.0,1.325e-14,3e-07,2.0,27.0,0.0001003038581276,9.618926199918055e-05,8.681801137394446e-11,9.206489574944071e-11,8.944145356169258e-11,9783.0411333544,multi_sweep
EXOR,A,multi_5,1.0,1.325e-14,3e-07,2.5,27.0,0.0001002958357494,0.0001200862933415,9.050463595330262e-11,7.778425839342919e-11,8.414444717336591e-11,9203.658427494222,multi_sweep
EXOR,A,multi_5,1.0,1.325e-14,3e-07,3.0,27.0,0.0001003213017015,0.0001446995386869,9.511313064616142e-11,6.817023868987373e-11,8.164168466801757e-11,8929.908085098998,multi_sweep
EXOR,A,multi_5,1.0,1.325e-14,3e-07,3.5,27.0,0.0001003336187817,0.000168842415593,9.946689659761063e-11,6.134619417629945e-11,8.040654538695504e-11,8794.809448942307,multi_sweep
EXOR,A,multi_5,1.0,1.325e-14,3e-07,4.0,27.0,0.0001003413449588,0.0001929351862872,1.0350396046174558e-10,5.6248133354191146e-11,7.987604690796836e-11,8736.783911180572,multi_sweep
EXOR,A,multi_5,1.0,1.325e-14,4e-07,2.0,27.0,0.0001336726494389,0.0001275042372452,7.192833882705647e-11,7.622412928382079e-11,7.407623405543863e-11,8102.404599993288,multi_sweep
EXOR,A,multi_5,1.0,1.325e-14,4e-07,2.5,27.0,0.0001336229749852,0.0001614609031029,7.626717218601812e-11,6.479715009563071e-11,7.053216114082441e-11,7714.756482452766,multi_sweep
EXOR,A,multi_5,1.0,1.325e-14,4e-07,3.0,27.0,0.0001337079925797,0.0001928625088463,8.064863413664507e-11,5.7504719965364907e-11,6.907667705100499e-11,7555.556691386929,multi_sweep
EXOR,A,multi_5,1.0,1.325e-14,4e-07,3.5,27.0,0.0001336270124247,0.0002258423311697,8.497862886340559e-11,5.225515375048951e-11,6.861689130694754e-11,7505.265661137277,multi_sweep
EXOR,A,multi_5,1.0,1.325e-14,4e-07,4.0,27.0,0.0001337089904978,0.0002590066619246,8.898144822518958e-11,4.826325680111436e-11,6.862235251315197e-11,7505.863003899587,multi_sweep
EXOR,A,multi_5,1.0,1.325e-14,5e-07,2.0,27.0,0.0001670172260405,0.0001609136152038,6.291736196515558e-11,6.641905475625334e-11,6.466820836070446e-11,7073.361592639263,multi_sweep
EXOR,A,multi_5,1.0,1.325e-14,5e-07,2.5,27.0,0.0001670025215166,0.0002020933063062,6.724144886286809e-11,5.714899081243881e-11,6.219521983765346e-11,6802.867906770956,multi_sweep
EXOR,A,multi_5,1.0,1.325e-14,5e-07,3.0,27.0,0.0001670155125323,0.0002419420502579,7.155055004326525e-11,5.1150702554105826e-11,6.135062629868554e-11,6710.4868798124735,multi_sweep
EXOR,A,multi_5,1.0,1.325e-14,5e-07,3.5,27.0,0.0001670031637542,0.000283748344177,7.592897835273203e-11,4.672877990055495e-11,6.132887912664349e-11,6708.108189952802,multi_sweep
EXOR,A,multi_5,1.0,1.325e-14,5e-07,4.0,27.0,0.0001670894754855,0.000324064607096,8.016443253696164e-11,4.3484229710972296e-11,6.182433112396697e-11,6762.300369042054,multi_sweep
EXOR,A,multi_5,1.0,2.55e-14,1e-07,2.0,27.0,3.374456982576477e-05,3.051846084112764e-05,3.664414081716079e-10,4.116479700686338e-10,3.8904468912012084e-10,22111.093442462115,multi_sweep
EXOR,A,multi_5,1.0,2.55e-14,1e-07,2.5,27.0,3.37734015190052e-05,3.864981602179054e-05,3.692267803311383e-10,3.291877850801221e-10,3.492072827056302e-10,19846.961222258044,multi_sweep
EXOR,A,multi_5,1.0,2.55e-14,1e-07,3.0,27.0,3.38170194040057e-05,4.68959203885699e-05,3.7392628950172665e-10,2.751327454059436e-10,3.2452951745383514e-10,18444.41701925747,multi_sweep
EXOR,A,multi_5,1.0,2.55e-14,1e-07,3.5,27.0,3.379944001625536e-05,5.530812526938249e-05,3.775547599607349e-10,2.3741380657871866e-10,3.074842832697268e-10,17475.6625899248,multi_sweep
EXOR,A,multi_5,1.0,2.55e-14,1e-07,4.0,27.0,3.382314092144605e-05,6.250867636618706e-05,3.830322210537198e-10,2.1137123283892001e-10,2.972017269463199e-10,16891.260411839725,multi_sweep
EXOR,A,multi_5,1.0,2.55e-14,2e-07,2.0,27.0,6.69668661484985e-05,6.25583214937761e-05,1.9819714172330058e-10,2.1488134082075808e-10,2.0653924127202932e-10,11738.518969708972,multi_sweep
EXOR,A,multi_5,1.0,2.55e-14,2e-07,2.5,27.0,6.698101403861383e-05,7.907325587171061e-05,2.0277566318787348e-10,1.7467793661738668e-10,1.8872679990263008e-10,10726.160835614102,multi_sweep
EXOR,A,multi_5,1.0,2.55e-14,2e-07,3.0,27.0,6.70028752023947e-05,9.581691067001198e-05,2.0632973358855508e-10,1.48429297125893e-10,1.7737951535722404e-10,10081.245544599265,multi_sweep
EXOR,A,multi_5,1.0,2.55e-14,2e-07,3.5,27.0,6.697983556837501e-05,0.0001100448698342,2.1179371868054327e-10,1.310629077082995e-10,1.7142831319442138e-10,9743.012969276579,multi_sweep
EXOR,A,multi_5,1.0,2.55e-14,2e-07,4.0,27.0,6.698387545040567e-05,0.0001262054444989,2.1586067849467087e-10,1.169819348283271e-10,1.6642130666149897e-10,9458.443118016425,multi_sweep
EXOR,A,multi_5,1.0,2.55e-14,3e-07,2.0,27.0,0.0001003151195018,9.611013482364972e-05,1.404875542658042e-10,1.5042820168661808e-10,1.4545787797621112e-10,8267.00073749424,multi_sweep
EXOR,A,multi_5,1.0,2.55e-14,3e-07,2.5,27.0,0.0001003293439279,0.0001196698358477,1.457198275743206e-10,1.244832960294493e-10,1.3510156180188496e-10,7678.406467853651,multi_sweep
EXOR,A,multi_5,1.0,2.55e-14,3e-07,3.0,27.0,0.000100319964782,0.0001430164242638,1.500470467337059e-10,1.0736190195007429e-10,1.287044743418901e-10,7314.832301329362,multi_sweep
EXOR,A,multi_5,1.0,2.55e-14,3e-07,3.5,27.0,0.000100353990678,0.000168746746866,1.5377905915726409e-10,9.446820493201748e-11,1.2412363204464078e-10,7054.483207993226,multi_sweep
EXOR,A,multi_5,1.0,2.55e-14,3e-07,4.0,27.0,0.0001003541232417,0.0001915649521521,1.5915583468418268e-10,8.549098118978484e-11,1.2232340793698375e-10,6952.168680703823,multi_sweep
EXOR,A,multi_5,1.0,2.55e-14,4e-07,2.0,27.0,0.0001337303939654,0.000127764491945,1.1240000635297678e-10,1.198978709361639e-10,1.1614893864457034e-10,6601.246868119941,multi_sweep
EXOR,A,multi_5,1.0,2.55e-14,4e-07,2.5,27.0,0.0001337091236167,0.0001594710635889,1.175193319523215e-10,1.0008562319955709e-10,1.0880247757593929e-10,6183.715690590469,multi_sweep
EXOR,A,multi_5,1.0,2.55e-14,4e-07,3.0,27.0,0.0001337193107066,0.0001929860741821,1.216663555390823e-10,8.650529963954869e-11,1.040858275893155e-10,5915.648058500456,multi_sweep
EXOR,A,multi_5,1.0,2.55e-14,4e-07,3.5,27.0,0.0001337664321666,0.0002235907270284,1.2607499299636239e-10,7.733805008161157e-11,1.0170652153898698e-10,5780.421798180562,multi_sweep
EXOR,A,multi_5,1.0,2.55e-14,4e-07,4.0,27.0,0.0001338046961637,0.0002578098200888,1.30416967296454e-10,7.001405656776102e-11,1.0021551193210751e-10,5695.681269230323,multi_sweep
EXOR,A,multi_5,1.0,2.55e-14,5e-07,2.0,27.0,0.000167064142295,0.00015865969514,9.588338869247796e-11,1.0183688337539139e-10,9.886013603393468e-11,5618.64939095963,multi_sweep
EXOR,A,multi_5,1.0,2.55e-14,5e-07,2.5,27.0,0.0001670880631329,0.0002011323675899,9.988475687976509e-11,8.505207616511623e-11,9.246841652244067e-11,5255.380308180772,multi_sweep
EXOR,A,multi_5,1.0,2.55e-14,5e-07,3.0,27.0,0.0001670639450615,0.0002399696891988,1.0429529456794489e-10,7.449623776908219e-11,8.939576616851354e-11,5080.748290338935,multi_sweep
EXOR,A,multi_5,1.0,2.55e-14,5e-07,3.5,27.0,0.0001671174994523,0.0002819232832304,1.083805408028432e-10,6.671466845866307e-11,8.754760463075313e-11,4975.709271426721,multi_sweep
EXOR,A,multi_5,1.0,2.55e-14,5e-07,4.0,27.0,0.0001671225842833,0.0003232843913906,1.1281315961524828e-10,6.087286676460647e-11,8.684301318992737e-11,4935.664290419289,multi_sweep
EXOR,A,multi_5,1.0,3.775e-14,1e-07,2.0,27.0,3.376268276143777e-05,3.042226224363586e-05,5.282234552630481e-10,5.92961650009149e-10,5.605925526360986e-10,21521.93310820995,multi_sweep
EXOR,A,multi_5,1.0,3.775e-14,1e-07,2.5,27.0,3.379848155565836e-05,3.880117621209387e-05,5.30341142248023e-10,4.700380480726388e-10,5.001895951603309e-10,19202.978986863654,multi_sweep
EXOR,A,multi_5,1.0,3.775e-14,1e-07,3.0,27.0,3.377164840023932e-05,4.739756739441631e-05,5.35624208025245e-10,3.916528254096865e-10,4.6363851671746576e-10,17799.731902004638,multi_sweep
EXOR,A,multi_5,1.0,3.775e-14,1e-07,3.5,27.0,3.3769535503799e-05,5.400406229007103e-05,5.400133420516963e-10,3.423678610386153e-10,4.411906015451558e-10,16937.92500413306,multi_sweep
EXOR,A,multi_5,1.0,3.775e-14,1e-07,4.0,27.0,3.379659007299512e-05,6.287620813995526e-05,5.435203826729095e-10,2.983053334136901e-10,4.209128580432998e-10,16159.434035638731,multi_sweep
EXOR,A,multi_5,1.0,3.775e-14,2e-07,2.0,27.0,6.69417230124849e-05,6.29515765283279e-05,2.800251081303992e-10,3.0183617402047447e-10,2.9093064107543685e-10,11169.234708722024,multi_sweep
EXOR,A,multi_5,1.0,3.775e-14,2e-07,2.5,27.0,6.70119418634747e-05,7.917520608476691e-05,2.8350354929306906e-10,2.448408760591647e-10,2.641722126761169e-10,10141.941171940376,multi_sweep
EXOR,A,multi_5,1.0,3.775e-14,2e-07,3.0,27.0,6.69971201416232e-05,9.538244426435774e-05,2.8880781293111106e-10,2.0664383288176108e-10,2.4772582290643606e-10,9510.541238369751,multi_sweep
EXOR,A,multi_5,1.0,3.775e-14,2e-07,3.5,27.0,6.697259114917957e-05,0.0001111304220553,2.9363235188061686e-10,1.8012475592446008e-10,2.3687855390253847e-10,9094.099391593762,multi_sweep
EXOR,A,multi_5,1.0,3.775e-14,2e-07,4.0,27.0,6.700915682645794e-05,0.0001281857468504,2.974531618492239e-10,1.596635972026987e-10,2.285583795259613e-10,8774.67624631774,multi_sweep
EXOR,A,multi_5,1.0,3.775e-14,3e-07,2.0,27.0,0.0001003542297033,9.54504586787595e-05,1.958764486740494e-10,2.0884801449322959e-10,2.0236223158363947e-10,7768.969443656378,multi_sweep
EXOR,A,multi_5,1.0,3.775e-14,3e-07,2.5,27.0,0.0001003355092107,0.0001193439668195,2.0040942746930989e-10,1.711399421703189e-10,1.8577468481981437e-10,7132.1502954147,multi_sweep
EXOR,A,multi_5,1.0,3.775e-14,3e-07,3.0,27.0,0.0001003264821474,0.0001437300819726,2.0512565355097088e-10,1.4591107517513218e-10,1.7551836436305153e-10,6738.395790884022,multi_sweep
EXOR,A,multi_5,1.0,3.775e-14,3e-07,3.5,27.0,0.0001003646529756,0.0001680998327498,2.0898772177655017e-10,1.27719464022342e-10,1.6835359289944608e-10,6463.330181378102,multi_sweep
EXOR,A,multi_5,1.0,3.775e-14,3e-07,4.0,27.0,0.0001003393109219,0.0001900779219641,2.1348870614051267e-10,1.1491312254014279e-10,1.6420091434032773e-10,6303.903036388435,multi_sweep
EXOR,A,multi_5,1.0,3.775e-14,4e-07,2.0,27.0,0.0001337025173144,0.0001273932561099,1.535858598206179e-10,1.6385361217052788e-10,1.5871973599557288e-10,6093.472924294957,multi_sweep
EXOR,A,multi_5,1.0,3.775e-14,4e-07,2.5,27.0,0.0001336878561405,0.0001582444898195,1.585184897361712e-10,1.35545545809581e-10,1.4703201777287608e-10,5644.765055106099,multi_sweep
EXOR,A,multi_5,1.0,3.775e-14,4e-07,3.0,27.0,0.0001338488258072,0.0001899100728821,1.625722429527286e-10,1.16310823503662e-10,1.394415332281953e-10,5353.355724280462,multi_sweep
EXOR,A,multi_5,1.0,3.775e-14,4e-07,3.5,27.0,0.0001338419256043,0.0002245756808567,1.667922295519512e-10,1.0199304885720249e-10,1.3439263920457683e-10,5159.521612614525,multi_sweep
EXOR,A,multi_5,1.0,3.775e-14,4e-07,4.0,27.0,0.0001337892216699,0.0002568432866095,1.7190491732948438e-10,9.17884525323093e-11,1.3184668493089685e-10,5061.778862881154,multi_sweep
EXOR,A,multi_5,1.0,3.775e-14,5e-07,2.0,27.0,0.0001671471755009,0.0001611798793386,1.283092091558195e-10,1.359693533008693e-10,1.321392812283444e-10,5073.012044470464,multi_sweep
EXOR,A,multi_5,1.0,3.775e-14,5e-07,2.5,27.0,0.000167092067503,0.0001978430585379,1.3303147087326369e-10,1.1372713148507248e-10,1.233793011791681e-10,4736.7041435518995,multi_sweep
EXOR,A,multi_5,1.0,3.775e-14,5e-07,3.0,27.0,0.000167104149773,0.0002408172602044,1.376771843321377e-10,9.756050815728459e-11,1.1761884624471114e-10,4515.552212101398,multi_sweep
EXOR,A,multi_5,1.0,3.775e-14,5e-07,3.5,27.0,0.0001671155393486,0.0002808935870165,1.419163557599377e-10,8.65715125003527e-11,1.1424393413014519e-10,4385.984610044926,multi_sweep
EXOR,A,multi_5,1.0,3.775e-14,5e-07,4.0,27.0,0.0001671359416723,0.0003199272101063,1.462243577252247e-10,7.845506040744236e-11,1.1233970906633353e-10,4312.878743308707,multi_sweep
EXOR,A,multi_5,1.0,5e-14,1e-07,2.0,27.0,3.377281762962555e-05,3.04652126072575e-05,6.887677531472039e-10,7.735353457399014e-10,7.311515494435527e-10,21192.79853459573,multi_sweep
EXOR,A,multi_5,1.0,5e-14,1e-07,2.5,27.0,3.377698558511855e-05,3.859444869223792e-05,6.917080660768021e-10,6.151130255364404e-10,6.534105458066212e-10,18939.436110336846,multi_sweep
EXOR,A,multi_5,1.0,5e-14,1e-07,3.0,27.0,3.37893070636382e-05,4.678734504743636e-05,6.965061518058562e-10,5.112187029328667e-10,6.038624273693614e-10,17503.25876432932,multi_sweep
EXOR,A,multi_5,1.0,5e-14,1e-07,3.5,27.0,3.377522203611501e-05,5.510331138358009e-05,7.006128320512964e-10,4.3938817148782866e-10,5.700005017695625e-10,16521.753674480075,multi_sweep
EXOR,A,multi_5,1.0,5e-14,1e-07,4.0,27.0,3.3786445991643e-05,6.267405633716619e-05,7.048631451563451e-10,3.8756056559965646e-10,5.462118553780008e-10,15832.227692115965,multi_sweep
EXOR,A,multi_5,1.0,5e-14,2e-07,2.0,27.0,6.70069989931307e-05,6.259553314848679e-05,3.6158312339506945e-10,3.9173029393296717e-10,3.766567086640183e-10,10917.585758377343,multi_sweep
EXOR,A,multi_5,1.0,5e-14,2e-07,2.5,27.0,6.699267538657349e-05,7.891568396857711e-05,3.651812807273073e-10,3.1498793598309627e-10,3.400846083552018e-10,9857.524879860923,multi_sweep
EXOR,A,multi_5,1.0,5e-14,2e-07,3.0,27.0,6.701039028594919e-05,9.592068048427924e-05,3.7043582676142944e-10,2.6428767608714467e-10,3.1736175142428706e-10,9198.89134563151,multi_sweep
EXOR,A,multi_5,1.0,5e-14,2e-07,3.5,27.0,6.698708784732334e-05,0.0001099181793074,3.74301879623768e-10,2.3153170442829368e-10,3.0291679202603084e-10,8780.196870319734,multi_sweep
EXOR,A,multi_5,1.0,5e-14,2e-07,4.0,27.0,6.699865101968656e-05,0.0001273683569429,3.7941733360345984e-10,2.0335175262262557e-10,2.913845431130427e-10,8445.928785885295,multi_sweep
EXOR,A,multi_5,1.0,5e-14,3e-07,2.0,27.0,0.000100412777291,9.580652442000162e-05,2.503927501921797e-10,2.667712341957328e-10,2.5858199219395624e-10,7495.130208520471,multi_sweep
EXOR,A,multi_5,1.0,5e-14,3e-07,2.5,27.0,0.0001002983872215,0.0001195445142625,2.547994086821144e-10,2.1736322353315848e-10,2.3608131610763645e-10,6842.936698772071,multi_sweep
EXOR,A,multi_5,1.0,5e-14,3e-07,3.0,27.0,0.0001003852531817,0.000143201714595,2.5853848938194007e-10,1.846157802289437e-10,2.2157713480544188e-10,6422.525646534547,multi_sweep
EXOR,A,multi_5,1.0,5e-14,3e-07,3.5,27.0,0.0001003455451895,0.000168392970523,2.636519871927756e-10,1.6080433936842028e-10,2.1222816328059792e-10,6151.540964655012,multi_sweep
EXOR,A,multi_5,1.0,5e-14,3e-07,4.0,27.0,0.0001003520016824,0.0001913706884325,2.6753708782659716e-10,1.4362155225022618e-10,2.0557932003841168e-10,5958.8208706786,multi_sweep
EXOR,A,multi_5,1.0,5e-14,4e-07,2.0,27.0,0.000133763950685,0.0001276095604665,1.9470689964487677e-10,2.0695891071784368e-10,2.008329051813602e-10,5821.243628445224,multi_sweep
EXOR,A,multi_5,1.0,5e-14,4e-07,2.5,27.0,0.000133737139667,0.0001588441440079,1.9929399257889958e-10,1.70223483490244e-10,1.8475873803457178e-10,5355.325740132515,multi_sweep
EXOR,A,multi_5,1.0,5e-14,4e-07,3.0,27.0,0.0001337206076719,0.0001916910147083,2.0407008409362177e-10,1.4488056488060548e-10,1.7447532448711363e-10,5057.255782235178,multi_sweep
EXOR,A,multi_5,1.0,5e-14,4e-07,3.5,27.0,0.0001337329137771,0.0002244542597237,2.0819709354596548e-10,1.26778932879593e-10,1.6748801321277925e-10,4854.7250206602685,multi_sweep
EXOR,A,multi_5,1.0,5e-14,4e-07,4.0,27.0,0.0001337383864983,0.0002539913965766,2.1241911736012068e-10,1.1405396091741389e-10,1.632365391387673e-10,4731.493888080212,multi_sweep
EXOR,A,multi_5,1.0,5e-14,5e-07,2.0,27.0,0.0001672948049145,0.000159459576948,1.613343570633089e-10,1.7123005165659958e-10,1.6628220435995423e-10,4819.774039418963,multi_sweep
EXOR,A,multi_5,1.0,5e-14,5e-07,2.5,27.0,0.0001672119496405,0.0001998960442863,1.659355448372148e-10,1.41102726443873e-10,1.5351913564054388e-10,4449.830018566489,multi_sweep
EXOR,A,multi_5,1.0,5e-14,5e-07,3.0,27.0,0.0001672289716231,0.0002404276362997,1.700206170534326e-10,1.2075508341646509e-10,1.4538785023494885e-10,4214.140586520257,multi_sweep
EXOR,A,multi_5,1.0,5e-14,5e-07,3.5,27.0,0.000167299884722,0.0002786647544726,1.7439585385712338e-10,1.0678809104597959e-10,1.405919724515515e-10,4075.129636276855,multi_sweep
EXOR,A,multi_5,1.0,5e-14,5e-07,4.0,27.0,0.0001672324809517,0.0003226975229553,1.793739512585226e-10,9.543865822612901e-11,1.374063047423258e-10,3982.791441806545,multi_sweep
EXOR,B,multi_1,0.9,1e-15,2e-07,2.0,27.0,5.36726218775254e-05,5.208083648207501e-05,3.791782225402417e-11,4.1377647296302877e-11,3.9647734775163525e-11,57460.48518139641,multi_sweep
EXOR,B,multi_1,0.9,1.325e-14,2e-07,2.0,27.0,5.344741018155907e-05,4.989618130236206e-05,1.3215092153279439e-10,1.428699386384856e-10,1.3751043008564e-10,15040.790821508343,multi_sweep
EXOR,B,multi_1,0.9,2.55e-14,2e-07,2.0,27.0,5.398334443830286e-05,5.01041125863355e-05,2.2336623764912127e-10,2.4246652112191545e-10,2.3291637938551835e-10,13237.64588721332,multi_sweep
EXOR,B,multi_1,0.9,3.775e-14,2e-07,2.0,27.0,5.381163193130649e-05,5.035151003819043e-05,3.1498232157338565e-10,3.4220880384470926e-10,3.285955627090475e-10,12615.2437934177,multi_sweep
EXOR,B,multi_1,0.9,5e-14,2e-07,2.0,27.0,5.374755852047956e-05,4.997207231582479e-05,4.0709608710188765e-10,4.4273936466979485e-10,4.249177258858413e-10,12316.455822778009,multi_sweep
EXOR,B,multi_1,1.0,1e-15,2e-07,2.0,27.0,6.674575521711379e-05,6.648789898472457e-05,3.3517016683430976e-11,3.6317343127766635e-11,3.491717990559881e-11,50604.60855883885,multi_sweep
EXOR,B,multi_1,1.0,1.325e-14,2e-07,2.0,27.0,6.586343862044692e-05,6.341604157449122e-05,1.1818371034512318e-10,1.251260870292599e-10,1.2165489868719152e-10,13306.524330018216,multi_sweep
EXOR,B,multi_1,1.0,2.55e-14,2e-07,2.0,27.0,6.570877011117015e-05,6.313370403091703e-05,2.0146314218069387e-10,2.1329063572244448e-10,2.0737688895156916e-10,11786.126112621154,multi_sweep
EXOR,B,multi_1,1.0,3.775e-14,2e-07,2.0,27.0,6.636189717297855e-05,6.319876314834997e-05,2.823743445041043e-10,3.00699231122289e-10,2.9153678781319665e-10,11192.505530787857,multi_sweep
EXOR,B,multi_1,1.0,5e-14,2e-07,2.0,27.0,6.57714875545627e-05,6.312802528711735e-05,3.6725380533382677e-10,3.8938624591447646e-10,3.783200256241516e-10,10965.797844178309,multi_sweep
EXOR,B,multi_1,1.1,1e-15,2e-07,2.0,27.0,7.996149255020268e-05,8.144743931011013e-05,3.0322691248987866e-11,3.253910877954292e-11,3.143090001426539e-11,45552.02900618173,multi_sweep
EXOR,B,multi_1,1.1,1.325e-14,2e-07,2.0,27.0,7.885625390537217e-05,7.686474210547383e-05,1.0774727286931359e-10,1.1275732174605129e-10,1.1025229730768244e-10,12059.31608506234,multi_sweep
EXOR,B,multi_1,1.1,2.55e-14,2e-07,2.0,27.0,7.985679209805712e-05,7.740210124752003e-05,1.8251347579628277e-10,1.9141663508338407e-10,1.869650554398334e-10,10626.03327307948,multi_sweep
EXOR,B,multi_1,1.1,3.775e-14,2e-07,2.0,27.0,7.851917360732959e-05,7.684857726695653e-05,2.605417110180732e-10,2.709028880631634e-10,2.657222995406183e-10,10201.45117729603,multi_sweep
EXOR,B,multi_1,1.1,5e-14,2e-07,2.0,27.0,7.98456569482708e-05,7.733338545945855e-05,3.3348345482309146e-10,3.4927178851187627e-10,3.413776216674839e-10,9895.003526593737,multi_sweep
EXOR,B,multi_1,1.2,1e-15,2e-07,2.0,27.0,9.36150036857796e-05,9.76715338615014e-05,2.821386278631786e-11,2.9672289309581736e-11,2.8943076047949797e-11,41946.4870260142,multi_sweep
EXOR,B,multi_1,1.2,1.325e-14,2e-07,2.0,27.0,9.220250928762582e-05,9.24819857548532e-05,1.002866581922368e-10,1.0249466392524149e-10,1.0139066105873914e-10,11090.03675786045,multi_sweep
EXOR,B,multi_1,1.2,2.55e-14,2e-07,2.0,27.0,9.268578471750092e-05,9.133249174715504e-05,1.7070873694057929e-10,1.759684415054607e-10,1.7333858922302e-10,9851.58222353055,multi_sweep
EXOR,B,multi_1,1.2,3.775e-14,2e-07,2.0,27.0,9.193861813777516e-05,9.009049574895849e-05,2.425550250090048e-10,2.5037526644536207e-10,2.4646514572718343e-10,9462.142076098798,multi_sweep
EXOR,B,multi_1,1.2,5e-14,2e-07,2.0,27.0,9.1868403880946e-05,9.053703062468812e-05,3.134863042814277e-10,3.226770970376328e-10,3.1808170065953026e-10,9219.759439406675,multi_sweep
EXOR,B,multi_1,1.3,1e-15,2e-07,2.0,27.0,0.0001073581374283,0.000114839341898,2.6401387973821518e-11,2.738736501134105e-11,2.6894376492581282e-11,38977.35723562505,multi_sweep
EXOR,B,multi_1,1.3,1.325e-14,2e-07,2.0,27.0,0.0001063706276609,0.0001066952636914,9.387706700210561e-11,9.555143295697724e-11,9.471424997954143e-11,10359.77577025337,multi_sweep
EXOR,B,multi_1,1.3,2.55e-14,2e-07,2.0,27.0,0.0001054705237666,0.0001056462962421,1.613812259661901e-10,1.6389733137310877e-10,1.6263927866964942e-10,9243.494098871808,multi_sweep
EXOR,B,multi_1,1.3,3.775e-14,2e-07,2.0,27.0,0.0001060256626749,0.0001039457121787,2.2760918651709488e-10,2.3386284815103206e-10,2.3073601733406347e-10,8858.278811174336,multi_sweep
EXOR,B,multi_1,1.3,5e-14,2e-07,2.0,27.0,0.0001054756050932,0.0001060928939465,2.9542176239529806e-10,2.99136479877645e-10,2.9727912113647155e-10,8616.786119897726,multi_sweep
EXOR,B,multi_2,0.9,2e-14,1e-07,2.0,27.0,2.741334570536115e-05,2.464503108358306e-05,3.28595622916522e-10,3.71953892484637e-10,3.5027475770057953e-10,25382.228818882577,multi_sweep
EXOR,B,multi_2,0.9,2e-14,2e-07,2.0,27.0,5.307924919854992e-05,5.048531520270181e-05,1.8370739580929408e-10,1.969841297370747e-10,1.9034576277318437e-10,13793.171215448145,multi_sweep
EXOR,B,multi_2,0.9,2e-14,3e-07,2.0,27.0,7.938566948193452e-05,7.577755310085395e-05,1.33134145277137e-10,1.412485504831972e-10,1.3719134788016712e-10,9941.402020301966,multi_sweep
EXOR,B,multi_2,0.9,2e-14,4e-07,2.0,27.0,0.0001071976405846,0.0001014159963016,1.0728146091597839e-10,1.13642748536869e-10,1.104621047264237e-10,8004.5003424944725,multi_sweep
EXOR,B,multi_2,0.9,2e-14,5e-07,2.0,27.0,0.0001331935247534,0.0001278721223251,9.230611957657922e-11,9.691897770217056e-11,9.461254863937488e-11,6855.981785461949,multi_sweep
EXOR,B,multi_2,1.0,2e-14,1e-07,2.0,27.0,3.309687168775613e-05,3.094653061194292e-05,2.995227177352878e-10,3.2716346674656365e-10,3.1334309224092574e-10,22706.02117687868,multi_sweep
EXOR,B,multi_2,1.0,2e-14,2e-07,2.0,27.0,6.59666366912523e-05,6.336681185549956e-05,1.6375787142774689e-10,1.7331050944871069e-10,1.685341904382288e-10,12212.622495523827,multi_sweep
EXOR,B,multi_2,1.0,2e-14,3e-07,2.0,27.0,9.977368216808894e-05,9.604916116982838e-05,1.1772337829254168e-10,1.2371331259943678e-10,1.2071834544598923e-10,8747.70619173835,multi_sweep
EXOR,B,multi_2,1.0,2e-14,4e-07,2.0,27.0,0.0001325123755875,0.0001292135476399,9.531751965447191e-11,9.93182988506196e-11,9.731790925254576e-11,7052.022409604766,multi_sweep
EXOR,B,multi_2,1.0,2e-14,5e-07,2.0,27.0,0.0001665859502742,0.0001617042736377,8.158670535632462e-11,8.496778430380791e-11,8.327724483006627e-11,6034.582958700455,multi_sweep
EXOR,B,multi_2,1.1,2e-14,1e-07,2.0,27.0,3.965049796889861e-05,3.731828942400288e-05,2.7484352399005806e-10,2.971193843578518e-10,2.8598145417395495e-10,20723.293780721375,multi_sweep
EXOR,B,multi_2,1.1,2e-14,2e-07,2.0,27.0,7.956283827961553e-05,7.621785625859255e-05,1.488294550023181e-10,1.5713739705452659e-10,1.5298342602842234e-10,11085.755509305967,multi_sweep
EXOR,B,multi_2,1.1,2e-14,3e-07,2.0,27.0,0.0001185419075226,0.000117461517457,1.0762119996024238e-10,1.1104188411722009e-10,1.0933154203873123e-10,7922.575510052989,multi_sweep
EXOR,B,multi_2,1.1,2e-14,4e-07,2.0,27.0,0.000160458551559,0.000157531101952,8.625515136070483e-11,8.920553688654918e-11,8.773034412362701e-11,6357.271313306306,multi_sweep
EXOR,B,multi_2,1.1,2e-14,5e-07,2.0,27.0,0.0001980357991996,0.0001979643572435,7.433108345664338e-11,7.626428323090867e-11,7.529768334377603e-11,5456.353865491017,multi_sweep
EXOR,B,multi_2,1.2,2e-14,1e-07,2.0,27.0,4.619022799491034e-05,4.402670569592643e-05,2.575602755082377e-10,2.7328811486291086e-10,2.6542419518557427e-10,19233.63733228799,multi_sweep
EXOR,B,multi_2,1.2,2e-14,2e-07,2.0,27.0,9.21805588184068e-05,9.066695146913153e-05,1.3942781590193958e-10,1.438085345517305e-10,1.4161817522683504e-10,10262.186610640221,multi_sweep
EXOR,B,multi_2,1.2,2e-14,3e-07,2.0,27.0,0.0001389958890701,0.0001388520363745,9.98770446115922e-11,1.018229438847059e-10,1.0084999424814904e-10,7307.97059769196,multi_sweep
EXOR,B,multi_2,1.2,2e-14,4e-07,2.0,27.0,0.0001874919620569,0.0001851307335437,8.008890844010754e-11,8.204688701987229e-11,8.106789772998992e-11,5874.485342752893,multi_sweep
EXOR,B,multi_2,1.2,2e-14,5e-07,2.0,27.0,0.0002320371733696,0.0002346366879697,6.890299553181948e-11,6.971015588855424e-11,6.930657571018686e-11,5022.215631172961,multi_sweep
EXOR,B,multi_2,1.3,2e-14,1e-07,2.0,27.0,5.259839303345858e-05,5.178232583484939e-05,2.4418538043406986e-10,2.526180799547578e-10,2.4840173019441386e-10,18000.125376406802,multi_sweep
EXOR,B,multi_2,1.3,2e-14,2e-07,2.0,27.0,0.0001075892330305,0.0001045546287076,1.2989759261473188e-10,1.342026115400759e-10,1.3205010207740388e-10,9568.84797662347,multi_sweep
EXOR,B,multi_2,1.3,2e-14,3e-07,2.0,27.0,0.0001607783892926,0.0001595575354134,9.332818171747706e-11,9.505303623104323e-11,9.419060897426015e-11,6825.406447410157,multi_sweep
EXOR,B,multi_2,1.3,2e-14,4e-07,2.0,27.0,0.0002131916622838,0.0002149481441701,7.541449726103007e-11,7.615532051619349e-11,7.578490888861179e-11,5491.660064392159,multi_sweep
EXOR,B,multi_2,1.3,2e-14,5e-07,2.0,27.0,0.0002694570334971,0.0002703519021545,6.416714284442707e-11,6.490163029885878e-11,6.453438657164293e-11,4676.404824032097,multi_sweep
EXOR,B,multi_3,0.9,2e-14,2e-07,2.0,-20.0,7.596519925653102e-05,5.969661494595093e-05,1.3270527726496958e-10,1.6866860041627489e-10,1.5068693884062225e-10,10919.34339424799,multi_sweep
EXOR,B,multi_3,1.0,2e-14,2e-07,2.0,-20.0,9.37111212593394e-05,7.582070968423621e-05,1.1887603706618108e-10,1.47711638016834e-10,1.3329383754150756e-10,9658.973734891853,multi_sweep
EXOR,B,multi_3,1.1,2e-14,2e-07,2.0,-20.0,0.0001109088882026,9.13605108710132e-05,1.0959373103259238e-10,1.3364255121848368e-10,1.2161814112553802e-10,8812.9087772129,multi_sweep
EXOR,B,multi_3,1.2,2e-14,2e-07,2.0,-20.0,0.0001294158902828,0.0001075705488367,1.019834641008573e-10,1.23075971636684e-10,1.1252971786877064e-10,8154.327381794975,multi_sweep
EXOR,B,multi_3,1.3,2e-14,2e-07,2.0,-20.0,0.0001484610149125,0.0001253920486214,9.605625374302228e-11,1.1447893364942759e-10,1.0526759369622493e-10,7628.086499726445,multi_sweep
EXOR,B,multi_3,0.9,2e-14,2e-07,2.0,-4.444444,7.00841534926748e-05,5.712124542586869e-05,1.426395009489756e-10,1.7566776896132157e-10,1.5915363495514859e-10,11532.872098199174,multi_sweep
EXOR,B,multi_3,1.0,2e-14,2e-07,2.0,-4.444444,8.670925715005221e-05,7.224570185366927e-05,1.2771947398514608e-10,1.5399055996514738e-10,1.4085501697514672e-10,10206.88528805411,multi_sweep
EXOR,B,multi_3,1.1,2e-14,2e-07,2.0,-4.444444,0.0001029974381905,8.621620937034862e-05,1.17514778999708e-10,1.4024054427044009e-10,1.2887766163507405e-10,9338.960988048846,multi_sweep
EXOR,B,multi_3,1.2,2e-14,2e-07,2.0,-4.444444,0.0001195357296645,0.0001024875963077,1.0958192771780459e-10,1.2845075443052258e-10,1.1901634107416359e-10,8624.372541606057,multi_sweep
EXOR,B,multi_3,1.3,2e-14,2e-07,2.0,-4.444444,0.0001365121162058,0.0001183279619121,1.0333917276629919e-10,1.198125344395492e-10,1.1157585360292419e-10,8085.2067828205945,multi_sweep
EXOR,B,multi_3,0.9,2e-14,2e-07,2.0,11.11111,6.45543817336195e-05,5.465212180712631e-05,1.5366379342230409e-10,1.8260299864141237e-10,1.6813339603185823e-10,12183.579422598423,multi_sweep
EXOR,B,multi_3,1.0,2e-14,2e-07,2.0,11.11111,7.999148505044375e-05,6.908956847901456e-05,1.371560174190522e-10,1.602300497638519e-10,1.4869303359145204e-10,10774.85750662696,multi_sweep
EXOR,B,multi_3,1.1,2e-14,2e-07,2.0,11.11111,9.610066972732667e-05,8.355824030107913e-05,1.2511013119968249e-10,1.4470014790467388e-10,1.3490513955217818e-10,9775.73475015784,multi_sweep
EXOR,B,multi_3,1.2,2e-14,2e-07,2.0,11.11111,0.0001109129445516,9.985252577294972e-05,1.1747217070239288e-10,1.3215784723490788e-10,1.2481500896865037e-10,9044.565867293506,multi_sweep
EXOR,B,multi_3,1.3,2e-14,2e-07,2.0,11.11111,0.0001267589193516,0.0001143513515495,1.1071940621181539e-10,1.2378505132524689e-10,1.1725222876853113e-10,8496.538316560227,multi_sweep
EXOR,B,multi_3,0.9,2e-14,2e-07,2.0,26.66667,5.959941671859663e-05,5.293374666601077e-05,1.650518984533842e-10,1.882252918022013e-10,1.7663859512779276e-10,12799.898197666143,multi_sweep
EXOR,B,multi_3,1.0,2e-14,2e-07,2.0,26.66667,7.409205359610987e-05,6.715037020115958e-05,1.4727409622384038e-10,1.6505971954293038e-10,1.5616690788338538e-10,11316.442600245318,multi_sweep
EXOR,B,multi_3,1.1,2e-14,2e-07,2.0,26.66667,8.848895132226296e-05,8.157825784912508e-05,1.345251602721233e-10,1.4872415405558047e-10,1.4162465716385188e-10,10262.656316221151,multi_sweep
EXOR,B,multi_3,1.2,2e-14,2e-07,2.0,26.66667,0.0001041167720044,9.593457996701208e-05,1.251272096507016e-10,1.368957943271942e-10,1.3101150198894788e-10,9493.587100648398,multi_sweep
EXOR,B,multi_3,1.3,2e-14,2e-07,2.0,26.66667,0.0001181260220476,0.0001105169194258,1.18349572989918e-10,1.2779241886287978e-10,1.230709959263989e-10,8918.188110608617,multi_sweep
EXOR,B,multi_3,0.9,2e-14,2e-07,2.0,42.22222,5.515210915028098e-05,5.085553798496066e-05,1.7724934981881077e-10,1.9498442981267148e-10,1.8611688981574112e-10,13486.7311460682,multi_sweep
EXOR,B,multi_3,1.0,2e-14,2e-07,2.0,42.22222,6.853628391164694e-05,6.436759892536227e-05,1.5811858063296907e-10,1.7079708124936829e-10,1.6445783094116868e-10,11917.234126171645,multi_sweep
EXOR,B,multi_3,1.1,2e-14,2e-07,2.0,42.22222,8.225309095953588e-05,7.840006083879718e-05,1.442537351723377e-10,1.5391458006539858e-10,1.4908415761886813e-10,10803.199827454213,multi_sweep
EXOR,B,multi_3,1.2,2e-14,2e-07,2.0,42.22222,9.593245911178237e-05,9.176331994604836e-05,1.345339722398232e-10,1.419791499913325e-10,1.3825656111557783e-10,10018.5913851868,multi_sweep
EXOR,B,multi_3,1.3,2e-14,2e-07,2.0,42.22222,0.0001107590619315,0.0001063523019128,1.26079815871066e-10,1.321930797853766e-10,1.291364478282213e-10,9357.713610740675,multi_sweep
EXOR,B,multi_3,0.9,2e-14,2e-07,2.0,57.77778,5.134295580200316e-05,4.947840031043797e-05,1.8989004902937388e-10,2.0025572854412908e-10,1.9507288878675148e-10,14135.716578750109,multi_sweep
EXOR,B,multi_3,1.0,2e-14,2e-07,2.0,57.77778,6.353842509585133e-05,6.250676146006201e-05,1.69526355621438e-10,1.756812152780755e-10,1.7260378544975675e-10,12507.520684764982,multi_sweep
EXOR,B,multi_3,1.1,2e-14,2e-07,2.0,57.77778,7.68605112929324e-05,7.509566196853312e-05,1.538033853837677e-10,1.593874182521685e-10,1.5659540181796808e-10,11347.492885360007,multi_sweep
EXOR,B,multi_3,1.2,2e-14,2e-07,2.0,57.77778,9.066799422979896e-05,8.887999451417926e-05,1.4272711495516648e-10,1.462213375752144e-10,1.4447422626519045e-10,10469.146830810903,multi_sweep
EXOR,B,multi_3,1.3,2e-14,2e-07,2.0,57.77778,0.0001033926276311,0.0001031025403219,1.3460341628179649e-10,1.359827608329982e-10,1.3529308855739734e-10,9803.846996912851,multi_sweep
EXOR,B,multi_3,0.9,2e-14,2e-07,2.0,73.33333,4.793931718893974e-05,4.739186078660115e-05,2.0263833355037028e-10,2.0730654602057417e-10,2.0497243978547224e-10,14853.075346773352,multi_sweep
EXOR,B,multi_3,1.0,2e-14,2e-07,2.0,73.33333,5.947023345197039e-05,5.994199648674233e-05,1.8074891456464827e-10,1.81917813434217e-10,1.8133336399943264e-10,13140.098840538598,multi_sweep
EXOR,B,multi_3,1.1,2e-14,2e-07,2.0,73.33333,7.145951865806422e-05,7.406351486777171e-05,1.647030346118505e-10,1.6259200093914878e-10,1.6364751777549964e-10,11858.515780833308,multi_sweep
EXOR,B,multi_3,1.2,2e-14,2e-07,2.0,73.33333,8.389310283813618e-05,8.696205308142768e-05,1.5307408917517888e-10,1.496763626331332e-10,1.5137522590415605e-10,10969.219268417106,multi_sweep
EXOR,B,multi_3,1.3,2e-14,2e-07,2.0,73.33333,9.54287318029946e-05,0.0001017452362872,1.444987204802389e-10,1.3845190512807628e-10,1.4147531280415759e-10,10251.834261170841,multi_sweep
EXOR,B,multi_3,0.9,2e-14,2e-07,2.0,88.88889,4.455798839640955e-05,4.597311848645668e-05,2.1710350378117938e-10,2.1305265773573459e-10,2.1507808075845697e-10,15585.36817090268,multi_sweep
EXOR,B,multi_3,1.0,2e-14,2e-07,2.0,88.88889,5.512804808726235e-05,5.838788370272106e-05,1.93793458440873e-10,1.865318197229851e-10,1.9016263908192906e-10,13779.901382748483,multi_sweep
EXOR,B,multi_3,1.1,2e-14,2e-07,2.0,88.88889,6.630038718933231e-05,7.144995513858751e-05,1.7653053603168118e-10,1.67555291450757e-10,1.720429137412191e-10,12466.877807334718,multi_sweep
EXOR,B,multi_3,1.2,2e-14,2e-07,2.0,88.88889,7.740471068185745e-05,8.464311363848544e-05,1.643767674259187e-10,1.5348040910266058e-10,1.5892858826428963e-10,11516.56436697751,multi_sweep
EXOR,B,multi_3,1.3,2e-14,2e-07,2.0,88.88889,9.068612902065792e-05,9.831648060530622e-05,1.5276407354000658e-10,1.424845144742283e-10,1.4762429400711744e-10,10697.41260921141,multi_sweep
EXOR,B,multi_3,0.9,2e-14,2e-07,2.0,104.4444,4.156007534840757e-05,4.535484724803567e-05,2.3174220419670138e-10,2.16912452416196e-10,2.243273283064487e-10,16255.6035004673,multi_sweep
EXOR,B,multi_3,1.0,2e-14,2e-07,2.0,104.4444,5.20620410126381e-05,5.744912713449516e-05,2.0550199763714078e-10,1.901350952859064e-10,1.9781854646152358e-10,14334.677279820551,multi_sweep
EXOR,B,multi_3,1.1,2e-14,2e-07,2.0,104.4444,6.2072958024137e-05,6.98305440771871e-05,1.879781704477445e-10,1.71422455399585e-10,1.7970031292366475e-10,13021.761806062665,multi_sweep
EXOR,B,multi_3,1.2,2e-14,2e-07,2.0,104.4444,7.352891546875306e-05,8.329754114768421e-05,1.728642434925237e-10,1.5644372874819718e-10,1.6465398612036042e-10,11931.448269591336,multi_sweep
EXOR,B,multi_3,1.3,2e-14,2e-07,2.0,104.4444,8.410355649604223e-05,9.580403784837136e-05,1.6355974359824588e-10,1.4586484682361448e-10,1.547122952109302e-10,11211.035884850015,multi_sweep
EXOR,B,multi_3,0.9,2e-14,2e-07,2.0,120.0,3.909705788967527e-05,4.379218961215621e-05,2.46375900955756e-10,2.2339094638465357e-10,2.348834236702048e-10,17020.53794711629,multi_sweep
EXOR,B,multi_3,1.0,2e-14,2e-07,2.0,120.0,4.904142341555299e-05,5.510606669622071e-05,2.1820270012657757e-10,1.9631031915132378e-10,2.0725650963895069e-10,15018.587654996429,multi_sweep
EXOR,B,multi_3,1.1,2e-14,2e-07,2.0,120.0,5.797486137987269e-05,6.718867901059159e-05,2.0061085830833158e-10,1.7654584230004378e-10,1.8857835030418768e-10,13665.097848129544,multi_sweep
EXOR,B,multi_3,1.2,2e-14,2e-07,2.0,120.0,6.83624065831823e-05,8.041609351778318e-05,1.851003258987985e-10,1.6081186974310029e-10,1.729560978209494e-10,12533.050566735465,multi_sweep
EXOR,B,multi_3,1.3,2e-14,2e-07,2.0,120.0,7.847810980820433e-05,9.382872225126746e-05,1.7447336770216959e-10,1.48848245329267e-10,1.616608065157183e-10,11714.551196791183,multi_sweep
EXOR,B,multi_4,0.9,1e-15,1e-07,2.0,27.0,2.740689387016697e-05,2.534578887012451e-05,4.851835761200597e-11,5.555198598623e-11,5.2035171799117986e-11,75413.29246248984,multi_sweep
EXOR,B,multi_4,0.9,1e-15,2e-07,2.0,27.0,5.36726218775254e-05,5.208083648207501e-05,3.791782225402417e-11,4.1377647296302877e-11,3.9647734775163525e-11,57460.48518139641,multi_sweep
EXOR,B,multi_4,0.9,1e-15,3e-07,2.0,27.0,8.020502058689521e-05,7.937964595723262e-05,3.459930544184056e-11,3.722938320960927e-11,3.5914344325724915e-11,52049.774385108576,multi_sweep
EXOR,B,multi_4,0.9,1e-15,4e-07,2.0,27.0,0.0001066885851583,0.0001068952688604,3.325602538695377e-11,3.558510323473028e-11,3.4420564310842026e-11,49884.875812814535,multi_sweep
EXOR,B,multi_4,0.9,1e-15,5e-07,2.0,27.0,0.0001330156168993,0.0001346693613225,3.243706557320804e-11,3.457995672068292e-11,3.350851114694548e-11,48563.05963325432,multi_sweep
EXOR,B,multi_4,0.9,1.325e-14,1e-07,2.0,27.0,2.718942341639096e-05,2.489020668318184e-05,2.3072538654607018e-10,2.591392347417538e-10,2.44932310643912e-10,26790.51798128652,multi_sweep
EXOR,B,multi_4,0.9,1.325e-14,2e-07,2.0,27.0,5.344741018159297e-05,4.989618130243918e-05,1.3215092153271829e-10,1.428699386383731e-10,1.375104300855457e-10,15040.790821498027,multi_sweep
EXOR,B,multi_4,0.9,1.325e-14,3e-07,2.0,27.0,7.976259840546568e-05,7.650961019892602e-05,9.861079979773259e-11,1.042313253188237e-10,1.0142106255827814e-10,11093.36205176682,multi_sweep
EXOR,B,multi_4,0.9,1.325e-14,4e-07,2.0,27.0,0.0001063972403083,0.000101631513813,8.171216802529165e-11,8.617465391556216e-11,8.39434109704269e-11,9181.66923384489,multi_sweep
EXOR,B,multi_4,0.9,1.325e-14,5e-07,2.0,27.0,0.0001321362483702,0.000128797332764,7.176869657990394e-11,7.48132635507337e-11,7.329098006531882e-11,8016.514089725876,multi_sweep
EXOR,B,multi_4,0.9,2.55e-14,1e-07,2.0,27.0,2.729466101012414e-05,2.479225709662837e-05,4.09530937034055e-10,4.6203449428076824e-10,4.3578271565741163e-10,24767.41776967387,multi_sweep
EXOR,B,multi_4,0.9,2.55e-14,2e-07,2.0,27.0,5.398334443869577e-05,5.010411258634043e-05,2.2336623764814687e-10,2.424665211219407e-10,2.329163793850438e-10,13237.64588718635,multi_sweep
EXOR,B,multi_4,0.9,2.55e-14,3e-07,2.0,27.0,7.993991255438976e-05,7.593322110233937e-05,1.60357778581643e-10,1.7066518732507537e-10,1.655114829533592e-10,9406.733899025816,multi_sweep
EXOR,B,multi_4,0.9,2.55e-14,4e-07,2.0,27.0,0.0001067240505463,0.0001017655481572,1.282475197655526e-10,1.355836681900826e-10,1.319155939778176e-10,7497.334127753204,multi_sweep
EXOR,B,multi_4,0.9,2.55e-14,5e-07,2.0,27.0,0.0001336385356903,0.0001268735027074,1.09001844099715e-10,1.1503492417052029e-10,1.1201838413511764e-10,6366.4895785801455,multi_sweep
EXOR,B,multi_4,0.9,3.775e-14,1e-07,2.0,27.0,2.743898038744553e-05,2.461841527317087e-05,5.88040014045217e-10,6.670098910291565e-10,6.275249525371867e-10,24091.561667614427,multi_sweep
EXOR,B,multi_4,0.9,3.775e-14,2e-07,2.0,27.0,5.38116319316829e-05,5.035151003821837e-05,3.14982321571996e-10,3.4220880384455126e-10,3.2859556270827365e-10,12615.243793387992,multi_sweep
EXOR,B,multi_4,0.9,3.775e-14,3e-07,2.0,27.0,7.998071289966205e-05,7.56278760509023e-05,2.2234346400533709e-10,2.3726291389565466e-10,2.2980318895049587e-10,8822.466223265032,multi_sweep
EXOR,B,multi_4,0.9,3.775e-14,4e-07,2.0,27.0,0.000105773594148,0.0001011648670957,1.754499031081918e-10,1.855205979832011e-10,1.8048525054569643e-10,6929.081506697244,multi_sweep
EXOR,B,multi_4,0.9,3.775e-14,5e-07,2.0,27.0,0.0001330811717778,0.0001268542193215,1.4644174082688408e-10,1.5466186377360168e-10,1.505518023002429e-10,5779.894511958649,multi_sweep
EXOR,B,multi_4,0.9,5e-14,1e-07,2.0,27.0,2.729084021911723e-05,2.481278324837286e-05,7.679762105398474e-10,8.67999978145189e-10,8.179880943425183e-10,23709.799836015023,multi_sweep
EXOR,B,multi_4,0.9,5e-14,2e-07,2.0,27.0,5.374755852039178e-05,4.997207231588315e-05,4.070960871024286e-10,4.4273936466946724e-10,4.249177258859479e-10,12316.4558227811,multi_sweep
EXOR,B,multi_4,0.9,5e-14,3e-07,2.0,27.0,7.999493508703628e-05,7.594486213873597e-05,2.8349122567055706e-10,3.03055444087118e-10,2.932733348788375e-10,8500.676373299639,multi_sweep
EXOR,B,multi_4,0.9,5e-14,4e-07,2.0,27.0,0.0001061957507441,0.0001017368712257,2.218661820863242e-10,2.346462691035185e-10,2.2825622559492136e-10,6616.122481012214,multi_sweep
EXOR,B,multi_4,0.9,5e-14,5e-07,2.0,27.0,0.0001318854329102,0.0001266306009124,1.84407304111843e-10,1.9428570695575477e-10,1.893465055337989e-10,5488.304508226055,multi_sweep
EXOR,B,multi_4,1.0,1e-15,1e-07,2.0,27.0,3.367467467245713e-05,3.211474702516059e-05,4.3350753045226636e-11,4.884561827536381e-11,4.6098185660295225e-11,66808.96472506554,multi_sweep
EXOR,B,multi_4,1.0,1e-15,2e-07,2.0,27.0,6.674575521708723e-05,6.648789898474894e-05,3.3517016683447526e-11,3.6317343127756296e-11,3.491717990560191e-11,50604.60855884335,multi_sweep
EXOR,B,multi_4,1.0,1e-15,3e-07,2.0,27.0,9.988508409485624e-05,0.0001013817952595,3.049158458730128e-11,3.2747473417398276e-11,3.161952900234978e-11,45825.40435123156,multi_sweep
EXOR,B,multi_4,1.0,1e-15,4e-07,2.0,27.0,0.0001331287815184,0.0001369950076464,2.9263409395710695e-11,3.123643291944671e-11,3.0249921157578707e-11,43840.46544576624,multi_sweep
EXOR,B,multi_4,1.0,1e-15,5e-07,2.0,27.0,0.0001663894804617,0.0001727406890854,2.851617832186701e-11,3.035558346500876e-11,2.9435880893437887e-11,42660.696947011435,multi_sweep
EXOR,B,multi_4,1.0,1.325e-14,1e-07,2.0,27.0,3.329013671750594e-05,3.076503814798219e-05,2.085517360595059e-10,2.2970229481781149e-10,2.1912701543865867e-10,23967.9535617893,multi_sweep
EXOR,B,multi_4,1.0,1.325e-14,2e-07,2.0,27.0,6.586343862026941e-05,6.341604157411557e-05,1.18183710345335e-10,1.251260870296487e-10,1.2165489868749184e-10,13306.524330051065,multi_sweep
EXOR,B,multi_4,1.0,1.325e-14,3e-07,2.0,27.0,9.946249153566866e-05,9.591489689803528e-05,8.734082217694762e-11,9.178581746261908e-11,8.956331981978335e-11,9796.370776022244,multi_sweep
EXOR,B,multi_4,1.0,1.325e-14,4e-07,2.0,27.0,0.0001316501269057,0.000129648625555,7.256870729218096e-11,7.538376910055756e-11,7.397623819636926e-11,8091.467125662485,multi_sweep
EXOR,B,multi_4,1.0,1.325e-14,5e-07,2.0,27.0,0.000165605123697,0.000162019470556,6.329881327878456e-11,6.583814162770103e-11,6.45684774532428e-11,7062.453098522593,multi_sweep
EXOR,B,multi_4,1.0,2.55e-14,1e-07,2.0,27.0,3.362090561567402e-05,3.057529090159882e-05,3.698896760206451e-10,4.107881046532588e-10,3.9033889033695196e-10,22184.64849883217,multi_sweep
EXOR,B,multi_4,1.0,2.55e-14,2e-07,2.0,27.0,6.570877011103522e-05,6.313370403088347e-05,2.0146314218097348e-10,2.1329063572252348e-10,2.0737688895174848e-10,11786.126112631346,multi_sweep
EXOR,B,multi_4,1.0,2.55e-14,3e-07,2.0,27.0,9.968195454421328e-05,9.63367191937353e-05,1.4237824695884188e-10,1.4968942871401148e-10,1.4603383783642668e-10,8299.735029066593,multi_sweep
EXOR,B,multi_4,1.0,2.55e-14,4e-07,2.0,27.0,0.0001333392091477,0.0001268506195583,1.1376326412735149e-10,1.198577910747726e-10,1.1681052760106204e-10,6638.847831830751,multi_sweep
EXOR,B,multi_4,1.0,2.55e-14,5e-07,2.0,27.0,0.0001641245850622,0.0001600992894105,9.720550941038894e-11,1.009815262190788e-10,9.909351781473387e-11,5631.913487623409,multi_sweep
EXOR,B,multi_4,1.0,3.775e-14,1e-07,2.0,27.0,3.353960963375609e-05,3.047173057608346e-05,5.318085135009982e-10,5.920115999574937e-10,5.61910056729246e-10,21572.513935281546,multi_sweep
EXOR,B,multi_4,1.0,3.775e-14,2e-07,2.0,27.0,6.636189717347045e-05,6.319876314709097e-05,2.8237434450286026e-10,3.006992311254041e-10,2.915367878141322e-10,11192.505530823773,multi_sweep
EXOR,B,multi_4,1.0,3.775e-14,3e-07,2.0,27.0,9.857897848819556e-05,9.574441147617064e-05,1.98632534387517e-10,2.0793129162589909e-10,2.0328191300670803e-10,7804.277301342089,multi_sweep
EXOR,B,multi_4,1.0,3.775e-14,4e-07,2.0,27.0,0.0001334389339551,0.0001281694007772,1.548620100357004e-10,1.628054530520197e-10,1.5883373154386006e-10,6097.84937302467,multi_sweep
EXOR,B,multi_4,1.0,3.775e-14,5e-07,2.0,27.0,0.0001651522535513,0.0001611501958067,1.3019725989915758e-10,1.354263102941431e-10,1.3281178509665034e-10,5098.830409699601,multi_sweep
EXOR,B,multi_4,1.0,5e-14,1e-07,2.0,27.0,3.371766780261861e-05,3.049615324253465e-05,6.926105118969896e-10,7.727877572660254e-10,7.326991345815075e-10,21237.656074826307,multi_sweep
EXOR,B,multi_4,1.0,5e-14,2e-07,2.0,27.0,6.577148755546627e-05,6.31280252877736e-05,3.6725380533062057e-10,3.8938624591247385e-10,3.7832002562154723e-10,10965.797844102819,multi_sweep
EXOR,B,multi_4,1.0,5e-14,3e-07,2.0,27.0,9.943192000508744e-05,9.620363962030504e-05,2.530313008773995e-10,2.655366606947485e-10,2.59283980786074e-10,7515.477703944174,multi_sweep
EXOR,B,multi_4,1.0,5e-14,4e-07,2.0,27.0,0.0001312068560382,0.0001279683090147,1.978759533327261e-10,2.0607614540682378e-10,2.0197604936977493e-10,5854.378242602173,multi_sweep
EXOR,B,multi_4,1.0,5e-14,5e-07,2.0,27.0,0.0001648144624126,0.0001600177590768,1.6357884720360638e-10,1.7039025380426148e-10,1.6698455050393392e-10,4840.131898664751,multi_sweep
EXOR,B,multi_4,1.1,1e-15,1e-07,2.0,27.0,4.003127434802098e-05,3.918060548020764e-05,3.95830058439782e-11,4.390055938139446e-11,4.174178261268633e-11,60495.33711983526,multi_sweep
EXOR,B,multi_4,1.1,1e-15,2e-07,2.0,27.0,7.996149255020328e-05,8.144743931021983e-05,3.032269124898125e-11,3.2539108779511067e-11,3.143090001424616e-11,45552.02900615386,multi_sweep
EXOR,B,multi_4,1.1,1e-15,3e-07,2.0,27.0,0.0001201011369279,0.0001257994006108,2.7526558372774208e-11,2.927640700716093e-11,2.840148268996757e-11,41161.56911589503,multi_sweep
EXOR,B,multi_4,1.1,1e-15,4e-07,2.0,27.0,0.0001604138592267,0.0001702869016932,2.6382154291798407e-11,2.80039136589881e-11,2.7193033975393253e-11,39410.1941672366,multi_sweep
EXOR,B,multi_4,1.1,1e-15,5e-07,2.0,27.0,0.0001987802029144,0.0002156318933007,2.568113249436658e-11,2.7175245633256097e-11,2.6428189063811337e-11,38301.723280886,multi_sweep
EXOR,B,multi_4,1.1,1.325e-14,1e-07,2.0,27.0,3.941334984417645e-05,3.787708689109798e-05,1.9234245421739368e-10,2.0587171320435888e-10,1.9910708371087628e-10,21778.18799134551,multi_sweep
EXOR,B,multi_4,1.1,1.325e-14,2e-07,2.0,27.0,7.885625390514888e-05,7.686474211039724e-05,1.0774727286958159e-10,1.127573217419344e-10,1.1025229730575799e-10,12059.316084851846,multi_sweep
EXOR,B,multi_4,1.1,1.325e-14,3e-07,2.0,27.0,0.0001193748466817,0.0001172802413614,7.932732568207735e-11,8.239746805448086e-11,8.086239686827911e-11,8844.670152395856,multi_sweep
EXOR,B,multi_4,1.1,1.325e-14,4e-07,2.0,27.0,0.0001594888899311,0.000157789149206,6.553666441464531e-11,6.771569329715586e-11,6.662617885590059e-11,7287.522981230582,multi_sweep
EXOR,B,multi_4,1.1,1.325e-14,5e-07,2.0,27.0,0.0002004945269386,0.0001988880871388,5.7142062143166796e-11,5.89572723550618e-11,5.80496672491143e-11,6349.430379996095,multi_sweep
EXOR,B,multi_4,1.1,2.55e-14,1e-07,2.0,27.0,3.931058531729825e-05,3.778302917236116e-05,3.443248509422396e-10,3.676528749784376e-10,3.559888629603386e-10,20232.38777836537,multi_sweep
EXOR,B,multi_4,1.1,2.55e-14,2e-07,2.0,27.0,7.985679209630443e-05,7.740210125007728e-05,1.825134757986419e-10,1.9141663508017047e-10,1.8696505543940617e-10,10626.033273055198,multi_sweep
EXOR,B,multi_4,1.1,2.55e-14,3e-07,2.0,27.0,0.0001202214687317,0.000116430182669,1.2950540596012718e-10,1.3498717944081308e-10,1.3224629270047013e-10,7516.129167403817,multi_sweep
EXOR,B,multi_4,1.1,2.55e-14,4e-07,2.0,27.0,0.000158057660481,0.0001549332394708,1.040105060185815e-10,1.0761019689109648e-10,1.0581035145483898e-10,6013.660213403751,multi_sweep
EXOR,B,multi_4,1.1,2.55e-14,5e-07,2.0,27.0,0.0002005671789237,0.0001949496086136,8.748082486975302e-11,9.085103155924515e-11,8.916592821449909e-11,5067.6856046887815,multi_sweep
EXOR,B,multi_4,1.1,3.775e-14,1e-07,2.0,27.0,3.956649063897358e-05,3.701062765225389e-05,4.937537270351775e-10,5.347731016679729e-10,5.142634143515752e-10,19743.292613555055,multi_sweep
EXOR,B,multi_4,1.1,3.775e-14,2e-07,2.0,27.0,7.851917360664199e-05,7.684857727031141e-05,2.6054171101963486e-10,2.7090288805685003e-10,2.6572229953824245e-10,10201.451177204817,multi_sweep
EXOR,B,multi_4,1.1,3.775e-14,3e-07,2.0,27.0,0.000119311406878,0.000115927031229,1.8040498881544178e-10,1.8801830053424017e-10,1.8421164467484098e-10,7072.142995482906,multi_sweep
EXOR,B,multi_4,1.1,3.775e-14,4e-07,2.0,27.0,0.0001593401299239,0.000153950353386,1.413272221437519e-10,1.474971179920192e-10,1.4441217006788554e-10,5544.185433069798,multi_sweep
EXOR,B,multi_4,1.1,3.775e-14,5e-07,2.0,27.0,0.0002010438918977,0.0001938512351115,1.176269872005397e-10,1.22543872191036e-10,1.2008542969578785e-10,4610.2478048099765,multi_sweep
EXOR,B,multi_4,1.1,5e-14,1e-07,2.0,27.0,3.932543538846396e-05,3.764487585854083e-05,6.473482708396492e-10,6.910210680689911e-10,6.691846694543202e-10,19396.65708563247,multi_sweep
EXOR,B,multi_4,1.1,5e-14,2e-07,2.0,27.0,7.984565694741509e-05,7.7333385460018e-05,3.3348345482495427e-10,3.4927178851048784e-10,3.413776216677211e-10,9895.00352660061,multi_sweep
EXOR,B,multi_4,1.1,5e-14,3e-07,2.0,27.0,0.0001182268335874,0.0001162355696185,2.3195702839069768e-10,2.398119702967904e-10,2.3588449934374406e-10,6837.23186503606,multi_sweep
EXOR,B,multi_4,1.1,5e-14,4e-07,2.0,27.0,0.0001600267945986,0.0001557144505902,1.7878979887063407e-10,1.8589129689430248e-10,1.8234054788246828e-10,5285.2332719556025,multi_sweep
EXOR,B,multi_4,1.1,5e-14,5e-07,2.0,27.0,0.0001993057200327,0.0001946240084601,1.4820358483247988e-10,1.5363257666190388e-10,1.509180807471919e-10,4374.437123107012,multi_sweep
EXOR,B,multi_4,1.2,1e-15,1e-07,2.0,27.0,4.664218056153045e-05,4.654255793164395e-05,3.7141458576923466e-11,4.0121440671146086e-11,3.8631449624034776e-11,55987.60815077504,multi_sweep
EXOR,B,multi_4,1.2,1e-15,2e-07,2.0,27.0,9.361500368578976e-05,9.76715338616563e-05,2.821386278634929e-11,2.9672289309613576e-11,2.8943076047981433e-11,41946.48702606005,multi_sweep
EXOR,B,multi_4,1.2,1e-15,3e-07,2.0,27.0,0.0001393956444207,0.0001524054990344,2.554054500981093e-11,2.662853568584908e-11,2.6084540347830002e-11,37803.68166352175,multi_sweep
EXOR,B,multi_4,1.2,1e-15,4e-07,2.0,27.0,0.0001830144044891,0.0002225081761826,2.4405427922003628e-11,2.536340713147629e-11,2.488441752673996e-11,36064.37322715936,multi_sweep
EXOR,B,multi_4,1.2,1e-15,5e-07,2.0,27.0,0.0002271287817892,0.0002881396907913,2.372315549658143e-11,2.460854966791545e-11,2.416585258224844e-11,35022.9747568818,multi_sweep
EXOR,B,multi_4,1.2,1.325e-14,1e-07,2.0,27.0,4.584464021331332e-05,4.444623023748975e-05,1.8046945295964619e-10,1.899139169882969e-10,1.8519168497397154e-10,20256.131799176546,multi_sweep
EXOR,B,multi_4,1.2,1.325e-14,2e-07,2.0,27.0,9.220250928755514e-05,9.248198575488748e-05,1.002866581923046e-10,1.0249466392520919e-10,1.013906610587569e-10,11090.036757862392,multi_sweep
EXOR,B,multi_4,1.2,1.325e-14,3e-07,2.0,27.0,0.0001390577789589,0.0001397089471765,7.383307971192568e-11,7.521744332556781e-11,7.452526151874675e-11,8151.518897319854,multi_sweep
EXOR,B,multi_4,1.2,1.325e-14,4e-07,2.0,27.0,0.0001871397755201,0.0001867994221821,6.074224047107728e-11,6.197325142601072e-11,6.1357745948544e-11,6711.265621935358,multi_sweep
EXOR,B,multi_4,1.2,1.325e-14,5e-07,2.0,27.0,0.0002344871391442,0.0002355214016629,5.2944443359574565e-11,5.386328528533234e-11,5.340386432245345e-11,5841.2758351056555,multi_sweep
EXOR,B,multi_4,1.2,2.55e-14,1e-07,2.0,27.0,4.580600105148331e-05,4.430466346830649e-05,3.2257739699005347e-10,3.394517309841714e-10,3.310145639871124e-10,18812.99028059747,multi_sweep
EXOR,B,multi_4,1.2,2.55e-14,2e-07,2.0,27.0,9.26857847166084e-05,9.133249175311064e-05,1.70708736941567e-10,1.7596844149978287e-10,1.7333858922067493e-10,9851.58222339727,multi_sweep
EXOR,B,multi_4,1.2,2.55e-14,3e-07,2.0,27.0,0.0001398668014537,0.0001369415034935,1.2071555360349429e-10,1.2427315097026859e-10,1.2249435228688142e-10,6961.884187944384,multi_sweep
EXOR,B,multi_4,1.2,2.55e-14,4e-07,2.0,27.0,0.0001856251675248,0.0001867121919833,9.63701767447851e-11,9.78116082645842e-11,9.709089250468465e-11,5518.095624022999,multi_sweep
EXOR,B,multi_4,1.2,2.55e-14,5e-07,2.0,27.0,0.0002346882530099,0.0002315925811355,8.114961423342641e-11,8.304381052612198e-11,8.20967123797742e-11,4665.9114737012915,multi_sweep
EXOR,B,multi_4,1.2,3.775e-14,1e-07,2.0,27.0,4.600580202286189e-05,4.391309698858978e-05,4.6331343041053377e-10,4.906279751099471e-10,4.769707027602404e-10,18311.573193597866,multi_sweep
EXOR,B,multi_4,1.2,3.775e-14,2e-07,2.0,27.0,9.193861813778372e-05,9.009049574608504e-05,2.425550250090362e-10,2.5037526644997903e-10,2.464651457295076e-10,9462.142076188027,multi_sweep
EXOR,B,multi_4,1.2,3.775e-14,3e-07,2.0,27.0,0.00013826281588,0.0001390027776276,1.68737724601055e-10,1.7135256429089028e-10,1.7004514444597266e-10,6528.271213973421,multi_sweep
EXOR,B,multi_4,1.2,3.775e-14,4e-07,2.0,27.0,0.0001878508286701,0.0001817472350473,1.309415055927278e-10,1.35486781880785e-10,1.332141437367564e-10,5114.27752132667,multi_sweep
EXOR,B,multi_4,1.2,3.775e-14,5e-07,2.0,27.0,0.0002323664589147,0.0002321445260175,1.098360877604365e-10,1.11611787525967e-10,1.1072393764320175e-10,4250.8470157674155,multi_sweep
EXOR,B,multi_4,1.2,5e-14,1e-07,2.0,27.0,4.570805077706765e-05,4.416710021731097e-05,6.074281830150994e-10,6.38405592984894e-10,6.229168879999968e-10,18055.5619710144,multi_sweep
EXOR,B,multi_4,1.2,5e-14,2e-07,2.0,27.0,9.186840388117488e-05,9.053703062477038e-05,3.134863042808238e-10,3.22677097037316e-10,3.1808170065906993e-10,9219.759439393332,multi_sweep
EXOR,B,multi_4,1.2,5e-14,3e-07,2.0,27.0,0.0001397674116825,0.000135408494008,2.1455071612229568e-10,2.2228614632037067e-10,2.1841843122133317e-10,6330.969020908208,multi_sweep
EXOR,B,multi_4,1.2,5e-14,4e-07,2.0,27.0,0.0001842210702578,0.0001859965837982,1.6777451592294668e-10,1.69633214697033e-10,1.6870386530998984e-10,4889.967110434488,multi_sweep
EXOR,B,multi_4,1.2,5e-14,5e-07,2.0,27.0,0.0002345024520552,0.0002278371725081,1.374323193129372e-10,1.41699868247017e-10,1.395660937799771e-10,4045.3940226080317,multi_sweep
EXOR,B,multi_4,1.3,1e-15,1e-07,2.0,27.0,5.323203873492969e-05,5.408564770055004e-05,3.492370105741358e-11,3.7225070538014027e-11,3.6074385797713805e-11,52281.718547411314,multi_sweep
EXOR,B,multi_4,1.3,1e-15,2e-07,2.0,27.0,0.0001073581374283,0.0001148393418979,2.6401387973821518e-11,2.738736501135222e-11,2.689437649258687e-11,38977.35723563314,multi_sweep
EXOR,B,multi_4,1.3,1e-15,3e-07,2.0,27.0,0.0001561856799064,0.0001962214990828,2.3787455512353097e-11,2.453796697466245e-11,2.4162711243507773e-11,35018.42209204025,multi_sweep
EXOR,B,multi_4,1.3,1e-15,4e-07,2.0,27.0,0.0002067379995052,0.0002581797602616,2.2706417950613697e-11,2.3355452315979578e-11,2.3030935133296637e-11,33378.1668598502,multi_sweep
EXOR,B,multi_4,1.3,1e-15,5e-07,2.0,27.0,0.0002570761873134,0.0003194737323021,2.204140915373461e-11,2.2572134609004908e-11,2.230677188136976e-11,32328.654900535883,multi_sweep
EXOR,B,multi_4,1.3,1.325e-14,1e-07,2.0,27.0,5.304750729246365e-05,5.227438567493904e-05,1.6948213454941628e-10,1.756072415678184e-10,1.7254468805861735e-10,18872.812475648603,multi_sweep
EXOR,B,multi_4,1.3,1.325e-14,2e-07,2.0,27.0,0.0001063706276603,0.0001066952636921,9.387706700233888e-11,9.555143295665672e-11,9.47142499794978e-11,10359.775770248598,multi_sweep
EXOR,B,multi_4,1.3,1.325e-14,3e-07,2.0,27.0,0.0001595354603734,0.0001617475165119,6.923557843691962e-11,6.986769710299096e-11,6.955163776995529e-11,7607.507549352507,multi_sweep
EXOR,B,multi_4,1.3,1.325e-14,4e-07,2.0,27.0,0.0002154778915575,0.00021681872562,5.6722408819223626e-11,5.748564764260374e-11,5.7104028230913685e-11,6245.99707201681,multi_sweep
EXOR,B,multi_4,1.3,1.325e-14,5e-07,2.0,27.0,0.0002705038293413,0.0002730715024039,4.937444867627484e-11,4.9943122703513037e-11,4.965878568989394e-11,5431.641858342242,multi_sweep
EXOR,B,multi_4,1.3,2.55e-14,1e-07,2.0,27.0,5.277245484313785e-05,5.123312232514645e-05,3.0384691135401487e-10,3.1658284591052636e-10,3.1021487863227064e-10,17630.854142214874,multi_sweep
EXOR,B,multi_4,1.3,2.55e-14,2e-07,2.0,27.0,0.0001054705237659,0.0001056462962421,1.6138122596683359e-10,1.6389733137311368e-10,1.6263927866997362e-10,9243.494098890233,multi_sweep
EXOR,B,multi_4,1.3,2.55e-14,3e-07,2.0,27.0,0.0001597191354046,0.0001607917715419,1.1358648615007239e-10,1.1491220006100939e-10,1.1424934310554089e-10,6493.2846323126405,multi_sweep
EXOR,B,multi_4,1.3,2.55e-14,4e-07,2.0,27.0,0.0002161711243644,0.0002144680727909,8.96953801181366e-11,9.126565174222444e-11,9.048051593018052e-11,5142.399314019923,multi_sweep
EXOR,B,multi_4,1.3,2.55e-14,5e-07,2.0,27.0,0.0002670074468043,0.0002710581673223,7.638011269402838e-11,7.677279359578861e-11,7.65764531449085e-11,4352.171250065843,multi_sweep
EXOR,B,multi_4,1.3,3.775e-14,1e-07,2.0,27.0,5.258256014673269e-05,5.151831120531882e-05,4.3891187924884404e-10,4.5472811144953786e-10,4.46819995349191e-10,17154.045315258318,multi_sweep
EXOR,B,multi_4,1.3,3.775e-14,2e-07,2.0,27.0,0.0001060256626746,0.0001039457121792,2.2760918651745887e-10,2.338628481521682e-10,2.3073601733481354e-10,8858.278811203132,multi_sweep
EXOR,B,multi_4,1.3,3.775e-14,3e-07,2.0,27.0,0.000159566527453,0.0001581689014284,1.581349593946274e-10,1.610023809456709e-10,1.5956867017014916e-10,6126.064696041815,multi_sweep
EXOR,B,multi_4,1.3,3.775e-14,4e-07,2.0,27.0,0.0002142478866914,0.0002122165562813,1.2330448762631109e-10,1.2552240146908488e-10,1.2441344454769798e-10,4776.406355607947,multi_sweep
EXOR,B,multi_4,1.3,3.775e-14,5e-07,2.0,27.0,0.0002672529561881,0.0002675565770994,1.028832319148665e-10,1.0416825894798029e-10,1.0352574543142339e-10,3974.4983369391844,multi_sweep
EXOR,B,multi_4,1.3,5e-14,1e-07,2.0,27.0,5.259238908173307e-05,5.106558356952967e-05,5.729374699184218e-10,5.961186037349935e-10,5.845280368267077e-10,16942.841647150948,multi_sweep
EXOR,B,multi_4,1.3,5e-14,2e-07,2.0,27.0,0.0001054756050937,0.00010609289393,2.9542176239435347e-10,2.9913647990223087e-10,2.9727912114829217e-10,8616.786120240353,multi_sweep
EXOR,B,multi_4,1.3,5e-14,3e-07,2.0,27.0,0.0001590415051707,0.0001589218841272,2.0288497814315187e-10,2.056440629366335e-10,2.0426452053989267e-10,5920.710740286744,multi_sweep
EXOR,B,multi_4,1.3,5e-14,4e-07,2.0,27.0,0.0002132850691985,0.0002121056392596,1.568934369572007e-10,1.592327858101498e-10,1.5806311138367523e-10,4581.539460396384,multi_sweep
EXOR,B,multi_4,1.3,5e-14,5e-07,2.0,27.0,0.0002692378978084,0.0002655030912239,1.2897692237196818e-10,1.315504993745598e-10,1.30263710873264e-10,3775.7597354569275,multi_sweep
EXOR,B,multi_5,1.0,1e-15,1e-07,2.0,27.0,3.367467467242328e-05,3.211474702515622e-05,4.335075304521837e-11,4.8845618275356356e-11,4.6098185660287366e-11,66808.96472505416,multi_sweep
EXOR,B,multi_5,1.0,1e-15,1e-07,2.5,27.0,3.356640728170646e-05,4.055019701881048e-05,4.5923444616498925e-11,4.1627463594254286e-11,4.377545410537661e-11,63442.687109241466,multi_sweep
EXOR,B,multi_5,1.0,1e-15,1e-07,3.0,27.0,3.368178308061862e-05,4.920546345044202e-05,5.0062480671593746e-11,3.801216351315731e-11,4.4037322092375527e-11,63822.20593097903,multi_sweep
EXOR,B,multi_5,1.0,1e-15,1e-07,3.5,27.0,3.349563177494751e-05,5.81295651165685e-05,5.430626754959543e-11,3.542596572349504e-11,4.486611663654524e-11,65023.35744426846,multi_sweep
EXOR,B,multi_5,1.0,1e-15,1e-07,4.0,27.0,3.3301453123822e-05,6.702139032874335e-05,5.854435801514049e-11,3.352713230254763e-11,4.603574515884406e-11,66718.47124470153,multi_sweep
EXOR,B,multi_5,1.0,1e-15,2e-07,2.0,27.0,6.67457552171116e-05,6.64878989847056e-05,3.3517016683432636e-11,3.63173431277596e-11,3.491717990559612e-11,50604.60855883496,multi_sweep
EXOR,B,multi_5,1.0,1e-15,2e-07,2.5,27.0,6.66838252257202e-05,8.414014916031612e-05,3.769020466960885e-11,3.312623374878029e-11,3.540821920919457e-11,51316.25972347039,multi_sweep
EXOR,B,multi_5,1.0,1e-15,2e-07,3.0,27.0,6.661125285429611e-05,0.0001027455503765,4.1877476458281245e-11,3.095079943962818e-11,3.6414137948954715e-11,52774.11296949959,multi_sweep
EXOR,B,multi_5,1.0,1e-15,2e-07,3.5,27.0,6.640897069315901e-05,0.0001220136661423,4.609546149104487e-11,2.938906726194432e-11,3.7742264376494595e-11,54698.933878977674,multi_sweep
EXOR,B,multi_5,1.0,1e-15,2e-07,4.0,27.0,6.649993875570712e-05,0.0001415328169688,5.031295116640915e-11,2.821468460971792e-11,3.926381788806354e-11,56904.08389574426,multi_sweep
EXOR,B,multi_5,1.0,1e-15,3e-07,2.0,27.0,9.988508409485236e-05,0.0001013817952594,3.049158458729963e-11,3.274747341741524e-11,3.1619529002357435e-11,45825.40435124266,multi_sweep
EXOR,B,multi_5,1.0,1e-15,3e-07,2.5,27.0,9.992738462924497e-05,0.0001295573827457,3.466887148606386e-11,3.019291688939812e-11,3.243089418773099e-11,47001.29592424781,multi_sweep
EXOR,B,multi_5,1.0,1e-15,3e-07,3.0,27.0,9.977458951830208e-05,0.0001587626105962,3.887003715110608e-11,2.848867049374601e-11,3.3679353822426045e-11,48810.657713660934,multi_sweep
EXOR,B,multi_5,1.0,1e-15,3e-07,3.5,27.0,9.998807972452428e-05,0.0001886750418839,4.309050635830892e-11,2.7324319108550008e-11,3.520741273342947e-11,51025.235845549956,multi_sweep
EXOR,B,multi_5,1.0,1e-15,3e-07,4.0,27.0,9.935310266809884e-05,0.0002200006135808,4.7318650107884386e-11,2.638287286054962e-11,3.6850761484217004e-11,53406.90070176378,multi_sweep
EXOR,B,multi_5,1.0,1e-15,4e-07,2.0,27.0,0.0001331287815184,0.0001369950076464,2.926340939570905e-11,3.1236432919443397e-11,3.0249921157576225e-11,43840.465445762646,multi_sweep
EXOR,B,multi_5,1.0,1e-15,4e-07,2.5,27.0,0.0001332045861198,0.0001755164424952,3.341486620892845e-11,2.8996062564924568e-11,3.120546438692651e-11,45225.310705690594,multi_sweep
EXOR,B,multi_5,1.0,1e-15,4e-07,3.0,27.0,0.0001333929477848,0.0002150238751202,3.764295933738308e-11,2.749564482352318e-11,3.256930208045313e-11,47201.88707312048,multi_sweep
EXOR,B,multi_5,1.0,1e-15,4e-07,3.5,27.0,0.0001328578170423,0.0002563725454519,4.187042956703964e-11,2.645681073604763e-11,3.4163620151543634e-11,49512.49297325165,multi_sweep
EXOR,B,multi_5,1.0,1e-15,4e-07,4.0,27.0,0.0001328966535622,0.0003073300825193,4.6109999779817293e-11,2.56246591348628e-11,3.586732945734005e-11,51981.63689469572,multi_sweep
EXOR,B,multi_5,1.0,1e-15,5e-07,2.0,27.0,0.0001663894804617,0.0001727406890854,2.8516178321900097e-11,3.0355583465012476e-11,2.9435880893456285e-11,42660.696947038094,multi_sweep
EXOR,B,multi_5,1.0,1e-15,5e-07,2.5,27.0,0.0001663425197169,0.0002212958277058,3.266535803123162e-11,2.8345256498687348e-11,3.050530726495948e-11,44210.59023907172,multi_sweep
EXOR,B,multi_5,1.0,1e-15,5e-07,3.0,27.0,0.000166428936224,0.0002719834554419,3.6898164139678536e-11,2.693629675789741e-11,3.1917230448787974e-11,46256.855722881126,multi_sweep
EXOR,B,multi_5,1.0,1e-15,5e-07,3.5,27.0,0.0001658816892635,0.0003244292038656,4.112517290990645e-11,2.592909742234996e-11,3.352713516612821e-11,48590.0509654032,multi_sweep
EXOR,B,multi_5,1.0,1e-15,5e-07,4.0,27.0,0.00016581638271,0.0004073817591896,4.5377071004868596e-11,2.516443872602509e-11,3.527075486544684e-11,51117.03603687948,multi_sweep
EXOR,B,multi_5,1.0,1.325e-14,1e-07,2.0,27.0,3.32901367173829e-05,3.076503814798887e-05,2.0855173606001207e-10,2.2970229481779378e-10,2.1912701543890292e-10,23967.95356181602,multi_sweep
EXOR,B,multi_5,1.0,1.325e-14,1e-07,2.5,27.0,3.310214453885334e-05,3.895504272931909e-05,2.1180662575232788e-10,1.8498349122390667e-10,1.9839505848811727e-10,21700.307190387455,multi_sweep
EXOR,B,multi_5,1.0,1.325e-14,1e-07,3.0,27.0,3.311205027064876e-05,4.669837785045017e-05,2.1623506905008169e-10,1.575393605692147e-10,1.8688721480964818e-10,20441.58761932165,multi_sweep
EXOR,B,multi_5,1.0,1.325e-14,1e-07,3.5,27.0,3.312312820172219e-05,5.589357183873873e-05,2.2062630394501537e-10,1.3619111615425178e-10,1.7840871004963358e-10,19514.2149356996,multi_sweep
EXOR,B,multi_5,1.0,1.325e-14,1e-07,4.0,27.0,3.31373771649804e-05,6.319168809155304e-05,2.2499708321245002e-10,1.2231304268507801e-10,1.7365506294876402e-10,18994.264473477062,multi_sweep
EXOR,B,multi_5,1.0,1.325e-14,2e-07,2.0,27.0,6.586343862030807e-05,6.34160415743737e-05,1.181837103453168e-10,1.2512608702937989e-10,1.2165489868734833e-10,13306.524330035367,multi_sweep
EXOR,B,multi_5,1.0,1.325e-14,2e-07,2.5,27.0,6.593065207026001e-05,7.93677510408846e-05,1.225281243413353e-10,1.04087317845505e-10,1.1330772109342014e-10,12393.516116316123,multi_sweep
EXOR,B,multi_5,1.0,1.325e-14,2e-07,3.0,27.0,6.613024523199455e-05,9.612230345516712e-05,1.2673296299206118e-10,8.981030930196468e-11,1.0827163614701293e-10,11842.672807986102,multi_sweep
EXOR,B,multi_5,1.0,1.325e-14,2e-07,3.5,27.0,6.636810695255541e-05,0.0001123345319261,1.308914846702916e-10,7.992740855088668e-11,1.0540944661058914e-10,11529.608598369063,multi_sweep
EXOR,B,multi_5,1.0,1.325e-14,2e-07,4.0,27.0,6.661117164004795e-05,0.0001302202335251,1.3503195428916668e-10,7.210470157399033e-11,1.035683279315785e-10,11328.228376437355,multi_sweep
EXOR,B,multi_5,1.0,1.325e-14,3e-07,2.0,27.0,9.946249153583024e-05,9.59148968966215e-05,8.73408221768947e-11,9.178581746337427e-11,8.956331982013449e-11,9796.37077606065,multi_sweep
EXOR,B,multi_5,1.0,1.325e-14,3e-07,2.5,27.0,9.949157434867096e-05,0.0001210851274046,9.16098556557124e-11,7.729143506626847e-11,8.445064536099044e-11,9237.150162536554,multi_sweep
EXOR,B,multi_5,1.0,1.325e-14,3e-07,3.0,27.0,9.941907077707792e-05,0.0001457883571114,9.594795948520443e-11,6.778624790986169e-11,8.186710369753307e-11,8954.564254583875,multi_sweep
EXOR,B,multi_5,1.0,1.325e-14,3e-07,3.5,27.0,9.852870237080856e-05,0.0001714209861189,1.007061382667459e-10,6.088723812641802e-11,8.079668819658195e-11,8837.48298568028,multi_sweep
EXOR,B,multi_5,1.0,1.325e-14,3e-07,4.0,27.0,9.895116883659768e-05,0.0001957751159424,1.0486108779032809e-10,5.589556337924193e-11,8.037832558478501e-11,8791.722787507248,multi_sweep
EXOR,B,multi_5,1.0,1.325e-14,4e-07,2.0,27.0,0.0001316501269058,0.0001296486255557,7.256870729218263e-11,7.538376910037847e-11,7.397623819628055e-11,8091.467125652782,multi_sweep
EXOR,B,multi_5,1.0,1.325e-14,4e-07,2.5,27.0,0.0001321518937125,0.000163025199818,7.673174996017885e-11,6.43179975263741e-11,7.052487374327647e-11,7713.959392209623,multi_sweep
EXOR,B,multi_5,1.0,1.325e-14,4e-07,3.0,27.0,0.0001328224393274,0.0001958908254017,8.086080771877748e-11,5.703636942460221e-11,6.894858857168984e-11,7541.546466687432,multi_sweep
EXOR,B,multi_5,1.0,1.325e-14,4e-07,3.5,27.0,0.0001317912516635,0.0002293604808193,8.533027589509818e-11,5.183312889936661e-11,6.85817023972324e-11,7501.4167237880665,multi_sweep
EXOR,B,multi_5,1.0,1.325e-14,4e-07,4.0,27.0,0.0001324691192492,0.0002637146018255,8.943771829291287e-11,4.7862789261162786e-11,6.865025377703783e-11,7508.91482384882,multi_sweep
EXOR,B,multi_5,1.0,1.325e-14,5e-07,2.0,27.0,0.000165605123697,0.000162019470556,6.329881327879945e-11,6.583814162771549e-11,6.456847745325748e-11,7062.453098524198,multi_sweep
EXOR,B,multi_5,1.0,1.325e-14,5e-07,2.5,27.0,0.0001640899623851,0.0002039512392889,6.779482528845329e-11,5.668238129755905e-11,6.223860329300618e-11,6807.613157561518,multi_sweep
EXOR,B,multi_5,1.0,1.325e-14,5e-07,3.0,27.0,0.0001643601446357,0.0002465403205197,7.200419112239518e-11,5.056444356741099e-11,6.128431734490309e-11,6703.2340546790365,multi_sweep
EXOR,B,multi_5,1.0,1.325e-14,5e-07,3.5,27.0,0.0001667250374914,0.0002892203019835,7.590414569087725e-11,4.625107535678352e-11,6.107761052383039e-11,6680.624612942892,multi_sweep
EXOR,B,multi_5,1.0,1.325e-14,5e-07,4.0,27.0,0.000165595584657,0.0003304956839632,8.029997768465998e-11,4.307487083821967e-11,6.168742426143982e-11,6747.325596001076,multi_sweep
EXOR,B,multi_5,1.0,2.55e-14,1e-07,2.0,27.0,3.362090561621026e-05,3.05752909013385e-05,3.6988967601718576e-10,4.107881046552523e-10,3.90338890336219e-10,22184.648498790513,multi_sweep
EXOR,B,multi_5,1.0,2.55e-14,1e-07,2.5,27.0,3.323634994203621e-05,3.884099971775513e-05,3.750468471956287e-10,3.279920900680023e-10,3.515194686318155e-10,19978.372755431406,multi_sweep
EXOR,B,multi_5,1.0,2.55e-14,1e-07,3.0,27.0,3.319932355293178e-05,4.704895336558083e-05,3.79852121448105e-10,2.744657965685195e-10,3.2715895900831225e-10,18593.859562848098,multi_sweep
EXOR,B,multi_5,1.0,2.55e-14,1e-07,3.5,27.0,3.317689491583291e-05,5.526459515631656e-05,3.8452928814700335e-10,2.3735096227900077e-10,3.1094012521300206e-10,17672.073044217228,multi_sweep
EXOR,B,multi_5,1.0,2.55e-14,1e-07,4.0,27.0,3.316178612109815e-05,6.292163878716619e-05,3.8913566439899966e-10,2.1056173752686148e-10,2.9984870096293057e-10,17041.699401132744,multi_sweep
EXOR,B,multi_5,1.0,2.55e-14,2e-07,2.0,27.0,6.570877011117673e-05,6.3133704030608e-05,2.0146314218068728e-10,2.1329063572302307e-10,2.0737688895185516e-10,11786.126112637408,multi_sweep
EXOR,B,multi_5,1.0,2.55e-14,2e-07,2.5,27.0,6.58647284831843e-05,7.94141727314497e-05,2.0566313480813618e-10,1.7389824043790069e-10,1.8978068762301843e-10,10786.057835920345,multi_sweep
EXOR,B,multi_5,1.0,2.55e-14,2e-07,3.0,27.0,6.600083776606537e-05,9.6573494926187e-05,2.0988404585178857e-10,1.475788089235877e-10,1.7873142738768812e-10,10158.080556276678,multi_sweep
EXOR,B,multi_5,1.0,2.55e-14,2e-07,3.5,27.0,6.614007746036092e-05,0.0001111237683351,2.1408389030140467e-10,1.302858610446081e-10,1.7218487567300637e-10,9786.011689287094,multi_sweep
EXOR,B,multi_5,1.0,2.55e-14,2e-07,4.0,27.0,6.628058933430581e-05,0.0001269369002208,2.1826718283184467e-10,1.1658372953764108e-10,1.6742545618474288e-10,9515.513281315312,multi_sweep
EXOR,B,multi_5,1.0,2.55e-14,3e-07,2.0,27.0,9.968195454411498e-05,9.633671919642036e-05,1.423782469588849e-10,1.496894287118944e-10,1.4603383783538963e-10,8299.735029007654,multi_sweep
EXOR,B,multi_5,1.0,2.55e-14,3e-07,2.5,27.0,9.845579684457622e-05,0.0001202861194271,1.478592570401521e-10,1.2381219873607228e-10,1.3583572788811217e-10,7720.132303956362,multi_sweep
EXOR,B,multi_5,1.0,2.55e-14,3e-07,3.0,27.0,9.856975848632676e-05,0.0001456949421411,1.5218540579657058e-10,1.0616127490297129e-10,1.2917334034977094e-10,7341.479985778401,multi_sweep
EXOR,B,multi_5,1.0,2.55e-14,3e-07,3.5,27.0,9.870255488624512e-05,0.000168390892189,1.56485031193683e-10,9.440058375771123e-11,1.254428074756971e-10,7129.4576570444515,multi_sweep
EXOR,B,multi_5,1.0,2.55e-14,3e-07,4.0,27.0,9.88536436915454e-05,0.000195156123936,1.6076125331526848e-10,8.464301156284341e-11,1.2270213243905596e-10,6973.693233251263,multi_sweep
EXOR,B,multi_5,1.0,2.55e-14,4e-07,2.0,27.0,0.0001333392091475,0.0001268506195593,1.1376326412746239e-10,1.198577910742461e-10,1.1681052760085423e-10,6638.84783181894,multi_sweep
EXOR,B,multi_5,1.0,2.55e-14,4e-07,2.5,27.0,0.000133886124191,0.0001610165592909,1.179145642190774e-10,9.932201332976104e-11,1.0861828877441921e-10,6173.247443843094,multi_sweep
EXOR,B,multi_5,1.0,2.55e-14,4e-07,3.0,27.0,0.0001331273520016,0.0001944052487276,1.225592880787249e-10,8.598876260997888e-11,1.0427402534435189e-10,5926.34415142665,multi_sweep
EXOR,B,multi_5,1.0,2.55e-14,4e-07,3.5,27.0,0.0001324966674879,0.0002268048398636,1.271449247856564e-10,7.670349965097428e-11,1.0192421221831533e-10,5792.794101637701,multi_sweep
EXOR,B,multi_5,1.0,2.55e-14,4e-07,4.0,27.0,0.0001320074690684,0.0002593199985266,1.3167487867492448e-10,6.974810125346679e-11,1.0071148996419564e-10,5723.869847354115,multi_sweep
EXOR,B,multi_5,1.0,2.55e-14,5e-07,2.0,27.0,0.0001641245850622,0.0001600992894082,9.720550941038398e-11,1.0098152621978978e-10,9.909351781508688e-11,5631.913487643473,multi_sweep
EXOR,B,multi_5,1.0,2.55e-14,5e-07,2.5,27.0,0.0001645733040382,0.0002020055372397,1.0144213782758879e-10,8.466403795607207e-11,9.305308789183042e-11,5288.609712522332,multi_sweep
EXOR,B,multi_5,1.0,2.55e-14,5e-07,3.0,27.0,0.0001652180627304,0.0002430262341532,1.056184079141235e-10,7.391337822965727e-11,8.976589307189039e-11,5101.7842041426775,multi_sweep
EXOR,B,multi_5,1.0,2.55e-14,5e-07,3.5,27.0,0.0001659877169626,0.0002847220854677,1.0975011243747319e-10,6.625986727346854e-11,8.800498985547087e-11,5001.704453280528,multi_sweep
EXOR,B,multi_5,1.0,2.55e-14,5e-07,4.0,27.0,0.0001667483714423,0.0003266644878763,1.1386375505166868e-10,6.049456181881519e-11,8.717915843524193e-11,4954.768879524976,multi_sweep
EXOR,B,multi_5,1.0,3.775e-14,1e-07,2.0,27.0,3.353960963356911e-05,3.047173057611916e-05,5.318085135027088e-10,5.920115999568628e-10,5.619100567297858e-10,21572.51393530227,multi_sweep
EXOR,B,multi_5,1.0,3.775e-14,1e-07,2.5,27.0,3.345408587973002e-05,3.887157631676098e-05,5.352789879850881e-10,4.692643750285314e-10,5.022716815068098e-10,19282.9131973053,multi_sweep
EXOR,B,multi_5,1.0,3.775e-14,1e-07,3.0,27.0,3.345113662332696e-05,4.757556488516431e-05,5.399017472328471e-10,3.9062153827632546e-10,4.6526164275458627e-10,17862.04598347582,multi_sweep
EXOR,B,multi_5,1.0,3.775e-14,1e-07,3.5,27.0,3.344928690040037e-05,5.42395594686282e-05,5.444735451041008e-10,3.4145472058394803e-10,4.4296413284402446e-10,17006.013354219198,multi_sweep
EXOR,B,multi_5,1.0,3.775e-14,1e-07,4.0,27.0,3.344805188299675e-05,6.306263126382202e-05,5.490112662223799e-10,2.9780697164035967e-10,4.234091189313698e-10,16255.26898671158,multi_sweep
EXOR,B,multi_5,1.0,3.775e-14,2e-07,2.0,27.0,6.636189717346671e-05,6.319876314773899e-05,2.823743445028305e-10,3.0069923112380105e-10,2.9153678781331577e-10,11192.50553079243,multi_sweep
EXOR,B,multi_5,1.0,3.775e-14,2e-07,2.5,27.0,6.636998286300584e-05,8.001493318336626e-05,2.8688015119456807e-10,2.4302088157542136e-10,2.6495051638499474e-10,10171.82134120337,multi_sweep
EXOR,B,multi_5,1.0,3.775e-14,2e-07,3.0,27.0,6.638290669767107e-05,9.570266102167126e-05,2.9135328273001646e-10,2.0605727343973917e-10,2.487052780848778e-10,9548.143894227003,multi_sweep
EXOR,B,multi_5,1.0,3.775e-14,2e-07,3.5,27.0,6.639991113814166e-05,0.0001115755627948,2.9580360450335826e-10,1.7956005530921468e-10,2.3768182990628647e-10,9124.938282226183,multi_sweep
EXOR,B,multi_5,1.0,3.775e-14,2e-07,4.0,27.0,6.642024311011593e-05,0.0001280315541779,3.0023540880589506e-10,1.5960542713254048e-10,2.2992041796921775e-10,8826.966809452646,multi_sweep
EXOR,B,multi_5,1.0,3.775e-14,3e-07,2.0,27.0,9.857897848870864e-05,9.574441147553416e-05,1.9863253438683537e-10,2.079312916265612e-10,2.0328191300669828e-10,7804.2773013417145,multi_sweep
EXOR,B,multi_5,1.0,3.775e-14,3e-07,2.5,27.0,9.850892648857366e-05,0.0001193342889304,2.0319330260907387e-10,1.709273735055943e-10,1.8706033805733408e-10,7181.508323537158,multi_sweep
EXOR,B,multi_5,1.0,3.775e-14,3e-07,3.0,27.0,9.844664127112316e-05,0.0001441299837542,2.0773086548696709e-10,1.454277775354621e-10,1.765793215112146e-10,6779.127421488228,multi_sweep
EXOR,B,multi_5,1.0,3.775e-14,3e-07,3.5,27.0,9.83927854798892e-05,0.0001699199217705,2.122493885896942e-10,1.269552358788626e-10,1.696023122342784e-10,6511.270265256873,multi_sweep
EXOR,B,multi_5,1.0,3.775e-14,3e-07,4.0,27.0,9.834812002273516e-05,0.0001920065239982,2.1675067873170527e-10,1.1429061482201349e-10,1.6552064677685938e-10,6354.56941268296,multi_sweep
EXOR,B,multi_5,1.0,3.775e-14,4e-07,2.0,27.0,0.000133438933956,0.0001281694007753,1.548620100350816e-10,1.6280545305313147e-10,1.5883373154410653e-10,6097.849373034132,multi_sweep
EXOR,B,multi_5,1.0,3.775e-14,4e-07,2.5,27.0,0.0001336490353513,0.0001588802183465,1.591514156883905e-10,1.349212975131971e-10,1.470363566007938e-10,5644.9316287856345,multi_sweep
EXOR,B,multi_5,1.0,3.775e-14,4e-07,3.0,27.0,0.0001332845440503,0.0001925618007502,1.6378354295397328e-10,1.1534015509161529e-10,1.395618490227943e-10,5357.974816116492,multi_sweep
EXOR,B,multi_5,1.0,3.775e-14,4e-07,3.5,27.0,0.0001329543020432,0.0002237135194248,1.6838181293416118e-10,1.0202799265475369e-10,1.3520490279445743e-10,5190.705549264131,multi_sweep
EXOR,B,multi_5,1.0,3.775e-14,4e-07,4.0,27.0,0.0001326472763008,0.0002576771207719,1.7295672871383003e-10,9.153881931533183e-11,1.3224777401458092e-10,5077.177234459389,multi_sweep
EXOR,B,multi_5,1.0,3.775e-14,5e-07,2.0,27.0,0.0001651522535526,0.0001611501957839,1.30197259898706e-10,1.354263103033157e-10,1.3281178510101084e-10,5098.830409867007,multi_sweep
EXOR,B,multi_5,1.0,3.775e-14,5e-07,2.5,27.0,0.0001658593041897,0.0002019298358791,1.341896176688961e-10,1.12277023790345e-10,1.2323332072962055e-10,4731.0997496735035,multi_sweep
EXOR,B,multi_5,1.0,3.775e-14,5e-07,3.0,27.0,0.0001659677894076,0.0002401467743722,1.3853098426241218e-10,9.747203152296132e-11,1.1800150789268675e-10,4530.243128618362,multi_sweep
EXOR,B,multi_5,1.0,3.775e-14,5e-07,3.5,27.0,0.0001660905242515,0.0002835402627947,1.42852902212562e-10,8.604578105607591e-11,1.1444934163431896e-10,4393.870491767692,multi_sweep
EXOR,B,multi_5,1.0,3.775e-14,5e-07,4.0,27.0,0.000166232660667,0.0003234850527644,1.471650809598898e-10,7.799165969410407e-11,1.1257837032699693e-10,4322.041283309221,multi_sweep
EXOR,B,multi_5,1.0,5e-14,1e-07,2.0,27.0,3.371766780259723e-05,3.049615324265096e-05,6.926105118973453e-10,7.72787757264309e-10,7.326991345808272e-10,21237.656074806586,multi_sweep
EXOR,B,multi_5,1.0,5e-14,1e-07,2.5,27.0,3.329943197326216e-05,3.870722802265434e-05,7.00861477534517e-10,6.138517401147164e-10,6.573566088246168e-10,19053.81474853962,multi_sweep
EXOR,B,multi_5,1.0,5e-14,1e-07,3.0,27.0,3.32513191918088e-05,4.687717525673388e-05,7.061732380256205e-10,5.105579360436095e-10,6.08365587034615e-10,17633.78513143812,multi_sweep
EXOR,B,multi_5,1.0,5e-14,1e-07,3.5,27.0,3.32144297989811e-05,5.497146628886121e-05,7.114217490963813e-10,4.3981066878787284e-10,5.756162089421271e-10,16684.527795423975,multi_sweep
EXOR,B,multi_5,1.0,5e-14,1e-07,4.0,27.0,3.319024063292846e-05,6.303262375844054e-05,7.163315006553546e-10,3.863661391079944e-10,5.513488198816745e-10,15981.12521396158,multi_sweep
EXOR,B,multi_5,1.0,5e-14,2e-07,2.0,27.0,6.577148755543642e-05,6.312802528735563e-05,3.6725380533065365e-10,3.8938624591379646e-10,3.7832002562222506e-10,10965.797844122466,multi_sweep
EXOR,B,multi_5,1.0,5e-14,2e-07,2.5,27.0,6.5841692092813e-05,7.922915681141805e-05,3.7160887661692357e-10,3.1400408701877177e-10,3.428064818178477e-10,9936.419762836165,multi_sweep
EXOR,B,multi_5,1.0,5e-14,2e-07,3.0,27.0,6.59283054887802e-05,9.61821452174752e-05,3.7587658268740576e-10,2.635104912345004e-10,3.1969353696095307e-10,9266.47933220154,multi_sweep
EXOR,B,multi_5,1.0,5e-14,2e-07,3.5,27.0,6.601479462287201e-05,0.0001109018265109,3.8012399918480245e-10,2.3025081467860527e-10,3.0518740693170385e-10,8846.01179512185,multi_sweep
EXOR,B,multi_5,1.0,5e-14,2e-07,4.0,27.0,6.610160467897412e-05,0.0001279973216819,3.8435701151804824e-10,2.0273683334319128e-10,2.935469224306198e-10,8508.606447264343,multi_sweep
EXOR,B,multi_5,1.0,5e-14,3e-07,2.0,27.0,9.943192000587094e-05,9.620363961980876e-05,2.5303130087638535e-10,2.6553666069553426e-10,2.5928398078595983e-10,7515.4777039408655,multi_sweep
EXOR,B,multi_5,1.0,5e-14,3e-07,2.5,27.0,9.952612012482344e-05,0.0001199200505575,2.574160442665561e-10,2.1658259827818268e-10,2.369993212723694e-10,6869.5455441266495,multi_sweep
EXOR,B,multi_5,1.0,5e-14,3e-07,3.0,27.0,9.961872116726804e-05,0.0001437690461172,2.6178108783523437e-10,1.8398932538102717e-10,2.2288520660813076e-10,6460.440771250167,multi_sweep
EXOR,B,multi_5,1.0,5e-14,3e-07,3.5,27.0,9.970344140140232e-05,0.0001695548441332,2.661407802360255e-10,1.6004097907016588e-10,2.1309087965309568e-10,6176.547236321614,multi_sweep
EXOR,B,multi_5,1.0,5e-14,3e-07,4.0,27.0,9.97893467561349e-05,0.000191629246649,2.704848360539731e-10,1.4335966064364701e-10,2.0692224834881004e-10,5997.746328951016,multi_sweep
EXOR,B,multi_5,1.0,5e-14,4e-07,2.0,27.0,0.0001312068560361,0.0001279683090146,1.978759533346617e-10,2.0607614540684947e-10,2.0197604937075558e-10,5854.378242630597,multi_sweep
EXOR,B,multi_5,1.0,5e-14,4e-07,2.5,27.0,0.0001311626223373,0.0001597734606371,2.0240594076770678e-10,1.693383478989902e-10,1.8587214433334848e-10,5387.598386473869,multi_sweep
EXOR,B,multi_5,1.0,5e-14,4e-07,3.0,27.0,0.0001311314090319,0.00019230424606,2.0691082004065507e-10,1.4436949871099438e-10,1.7564015937582472e-10,5091.019112342746,multi_sweep
EXOR,B,multi_5,1.0,5e-14,4e-07,3.5,27.0,0.0001311135280989,0.0002271589999367,2.1139560065121588e-10,1.2594861593588838e-10,1.6867210829355213e-10,4889.04661720441,multi_sweep
EXOR,B,multi_5,1.0,5e-14,4e-07,4.0,27.0,0.0001311088902139,0.0002566584893641,2.1586182961504687e-10,1.1341634013016229e-10,1.646390848726046e-10,4772.147387611728,multi_sweep
EXOR,B,multi_5,1.0,5e-14,5e-07,2.0,27.0,0.0001648144624094,0.000160017759075,1.635788472055204e-10,1.703902538055916e-10,1.66984550505556e-10,4840.131898711768,multi_sweep
EXOR,B,multi_5,1.0,5e-14,5e-07,2.5,27.0,0.0001650679495388,0.0002026224849807,1.6789168526955318e-10,1.398008122906455e-10,1.5384624878009935e-10,4459.311558843459,multi_sweep
EXOR,B,multi_5,1.0,5e-14,5e-07,3.0,27.0,0.0001667557063839,0.0002429363549806,1.7133267507076868e-10,1.1999409750755239e-10,1.4566338628916055e-10,4222.127138816248,multi_sweep
EXOR,B,multi_5,1.0,5e-14,5e-07,3.5,27.0,0.0001663495345275,0.0002802357493637,1.759476195124901e-10,1.0637938278933279e-10,1.4116350115091143e-10,4091.695685533665,multi_sweep
EXOR,B,multi_5,1.0,5e-14,5e-07,4.0,27.0,0.0001659684779854,0.0003229212550249,1.8053986867228528e-10,9.529544829784518e-11,1.3791765848506523e-10,3997.613289422181,multi_sweep
