gate,pin,sweep_type,VDD,CL,Wn,K,Temp,I_D_NMOS,I_D_PMOS,TpHL,TpLH,Tp,R_eq,source
NAND,A,CL,1.0,1e-15,2e-07,2.0,27.0,0.000118491094283,6.677905548048848e-05,1.739137307327436e-11,2.219428630545754e-11,1.979282968936595e-11,28685.26041937094,single_sweep_CL_A
NAND,A,CL,1.0,1.325e-14,2e-07,2.0,27.0,0.0001582467772553,0.0001263698946609,6.632401110437805e-11,1.048246820439784e-10,8.557434657417823e-11,9360.059783886052,single_sweep_CL_A
NAND,A,CL,1.0,2.55e-14,2e-07,2.0,27.0,0.0001612043713735,0.0001309659240781,1.15080693916074e-10,1.8767543802860888e-10,1.5137806597234146e-10,8603.470643497669,single_sweep_CL_A
NAND,A,CL,1.0,3.775e-14,2e-07,2.0,27.0,0.0001620341945918,0.0001324929806797,1.640091250342013e-10,2.6912515911126617e-10,2.1656714207273376e-10,8314.315848842836,single_sweep_CL_A
NAND,A,CL,1.0,5e-14,2e-07,2.0,27.0,0.0001624623594715,0.0001336362520984,2.1703634109442337e-10,3.54472958045315e-10,2.857546495698692e-10,8282.74346579331,single_sweep_CL_A
NAND,B,CL,1.0,1e-15,2e-07,2.0,27.0,0.0001212669627717,0.000114625833257,1.968981278403987e-11,2.341521379094463e-11,2.155251328749225e-11,31235.52650361196,single_sweep_CL_B
NAND,B,CL,1.0,1.325e-14,2e-07,2.0,27.0,0.000157012962258,0.0001396943395484,6.86153503874062e-11,1.069689834720556e-10,8.77921669297309e-11,9602.643361195614,single_sweep_CL_B
NAND,B,CL,1.0,2.55e-14,2e-07,2.0,27.0,0.000159531995101,0.0001412328517083,1.168592230629404e-10,1.8819773883698868e-10,1.5252848094996455e-10,8668.853705596168,single_sweep_CL_B
NAND,B,CL,1.0,3.775e-14,2e-07,2.0,27.0,0.0001604625858058,0.0001418716375735,1.665185885949523e-10,2.743755097943994e-10,2.2044704919467584e-10,8463.270916390282,single_sweep_CL_B
NAND,B,CL,1.0,5e-14,2e-07,2.0,27.0,0.0001609421387361,0.0001421978803863,2.1631324553380028e-10,3.5221511338872046e-10,2.842641794612604e-10,8239.541433659722,single_sweep_CL_B
NAND,A,VDD,0.9,1.5e-14,2e-07,2.0,27.0,0.0001287608472166,0.0001037783975475,8.184757472788998e-11,1.295936520464346e-10,1.0572061338716227e-10,10214.552018083314,single_sweep_VDD_A
NAND,A,VDD,1.0,1.5e-14,2e-07,2.0,27.0,0.0001587842277082,0.0001275002338674,7.346938177401237e-11,1.1590976648468449e-10,9.468957412934844e-11,9148.751123608548,single_sweep_VDD_A
NAND,A,VDD,1.1,1.5e-14,2e-07,2.0,27.0,0.0001895247773542,0.0001515252486543,6.614879435509436e-11,1.0675617978902689e-10,8.645248707206063e-11,8352.897301648372,single_sweep_VDD_A
NAND,A,VDD,1.2,1.5e-14,2e-07,2.0,27.0,0.0002207145075318,0.0001758240222221,6.228465654352447e-11,9.941445845912358e-11,8.084955750132404e-11,7811.55144940329,single_sweep_VDD_A
NAND,A,VDD,1.3,1.5e-14,2e-07,2.0,27.0,0.0002531803031064,0.0001998276316333,5.7092630811728245e-11,9.354771163019876e-11,7.53201712209635e-11,7277.3112290786,single_sweep_VDD_A
NAND,B,VDD,0.9,1.5e-14,2e-07,2.0,27.0,0.0001277013908611,0.0001144100171829,8.426026862817063e-11,1.3422659540454968e-10,1.0924343201636015e-10,10554.920967764268,single_sweep_VDD_B
NAND,B,VDD,1.0,1.5e-14,2e-07,2.0,27.0,0.0001576288611013,0.0001399831216651,7.48161136061218e-11,1.188517699820436e-10,9.68339417940827e-11,9355.936405225382,single_sweep_VDD_B
NAND,B,VDD,1.1,1.5e-14,2e-07,2.0,27.0,0.0001882718240041,0.0001655759778181,6.735222744360575e-11,1.082897463060531e-10,8.782098687482942e-11,8485.119504814438,single_sweep_VDD_B
NAND,B,VDD,1.2,1.5e-14,2e-07,2.0,27.0,0.0002194305716372,0.000191917292747,6.323132910542808e-11,1.0089521847483829e-10,8.206327379013319e-11,7928.818723684368,single_sweep_VDD_B
NAND,B,VDD,1.3,1.5e-14,2e-07,2.0,27.0,0.0002507068881093,0.0002182836337613,5.984194478671431e-11,9.475322813538975e-11,7.729758646105204e-11,7468.365841647541,single_sweep_VDD_B
NAND,A,Wn,1.0,1.5e-14,1e-07,2.0,27.0,8.209057462502358e-05,6.45694538534009e-05,1.375094913365488e-10,2.1517455666063859e-10,1.7634202399859368e-10,17037.876714839975,single_sweep_Wn_A
NAND,A,Wn,1.0,1.5e-14,2e-07,2.0,27.0,0.0001587842277082,0.0001275002338676,7.346938177382212e-11,1.1590976648468369e-10,9.468957412925289e-11,9148.751123599315,single_sweep_Wn_A
NAND,A,Wn,1.0,1.5e-14,3e-07,2.0,27.0,0.0002354866585542,0.0001865980876843,5.28808284940781e-11,8.237386229381383e-11,6.762734539394597e-11,6534.043033231496,single_sweep_Wn_A
NAND,A,Wn,1.0,1.5e-14,4e-07,2.0,27.0,0.0003088656963016,0.0002419919787559,4.1846770390575756e-11,6.632270000800904e-11,5.4084735199292394e-11,5225.578280124871,single_sweep_Wn_A
NAND,A,Wn,1.0,1.5e-14,5e-07,2.0,27.0,0.0003815979029347,0.0002962842459477,3.80651931431932e-11,5.586013881189945e-11,4.696266597754632e-11,4537.455650004476,single_sweep_Wn_A
NAND,B,Wn,1.0,1.5e-14,1e-07,2.0,27.0,8.06657267682952e-05,6.958791132725613e-05,1.389304740749815e-10,2.1973987762085127e-10,1.7933517584791639e-10,17327.070130233475,single_sweep_Wn_B
NAND,B,Wn,1.0,1.5e-14,2e-07,2.0,27.0,0.0001576288611013,0.0001399831216651,7.48161136061218e-11,1.188517699820436e-10,9.68339417940827e-11,9355.936405225382,single_sweep_Wn_B
NAND,B,Wn,1.0,1.5e-14,3e-07,2.0,27.0,0.0002332648853687,0.0002094672130818,5.583858315831203e-11,8.478870961111541e-11,7.031364638471373e-11,6793.589022677656,single_sweep_Wn_B
NAND,B,Wn,1.0,1.5e-14,4e-07,2.0,27.0,0.0003069021995235,0.000277444357553,4.564303927245221e-11,6.781354732730157e-11,5.672829329987689e-11,5480.994521727237,single_sweep_Wn_B
NAND,B,Wn,1.0,1.5e-14,5e-07,2.0,27.0,0.0003783419267005,0.0003519552790661,3.963916022342527e-11,5.741748234933846e-11,4.852832128638186e-11,4688.726694336413,single_sweep_Wn_B
NAND,A,k,1.0,1.5e-14,2e-07,2.0,27.0,0.0001587842277082,0.0001275002338676,7.346938177329107e-11,1.1590976648467619e-10,9.468957412898364e-11,9148.751123573298,single_sweep_k_A
NAND,A,k,1.0,1.5e-14,2e-07,2.5,27.0,0.0001590248312372,0.0001571612146578,6.046430783372727e-11,1.1770890013173638e-10,8.908660398273185e-11,8607.401350988586,single_sweep_k_A
NAND,A,k,1.0,1.5e-14,2e-07,3.0,27.0,0.0001592503903326,0.0001857876719154,5.2139506693149326e-11,1.194666690199184e-10,8.580308785653386e-11,8290.15341609023,single_sweep_k_A
NAND,A,k,1.0,1.5e-14,2e-07,3.5,27.0,0.0001594655372815,0.0002135673352468,4.614974430123989e-11,1.2119052961335979e-10,8.367013695729984e-11,8084.071203603852,single_sweep_k_A
NAND,A,k,1.0,1.5e-14,2e-07,4.0,27.0,0.0001599553123032,0.0002402319788705,4.1822149102204657e-11,1.2305048458609608e-10,8.243631684415039e-11,7964.861530835788,single_sweep_k_A
NAND,B,k,1.0,1.5e-14,2e-07,2.0,27.0,0.0001576288611013,0.0001399831216651,7.481611360610194e-11,1.188517699821152e-10,9.683394179410856e-11,9355.936405227883,single_sweep_k_B
NAND,B,k,1.0,1.5e-14,2e-07,2.5,27.0,0.0001578475311908,0.0001745808815282,6.257965494441865e-11,1.20714658024891e-10,9.164715648465484e-11,8854.797727985975,single_sweep_k_B
NAND,B,k,1.0,1.5e-14,2e-07,3.0,27.0,0.0001580506987464,0.0002091689801555,5.476955498575635e-11,1.2252471580489318e-10,8.864713539532478e-11,8564.940617905777,single_sweep_k_B
NAND,B,k,1.0,1.5e-14,2e-07,3.5,27.0,0.0001582458566761,0.0002430400281382,4.8675301296302896e-11,1.242950174491055e-10,8.64851593727042e-11,8356.054045671905,single_sweep_k_B
NAND,B,k,1.0,1.5e-14,2e-07,4.0,27.0,0.0001584313437979,0.0002765593030882,4.4072339364289685e-11,1.2599492013853649e-10,8.503362975141309e-11,8215.809637817692,single_sweep_k_B
NAND,A,Temp,1.0,1.5e-14,2e-07,2.0,-20.0,0.0002162691372529,0.0001443634144237,6.312917857048015e-11,8.519772086209203e-11,7.416344971628609e-11,7165.550697225711,single_sweep_Temp_A
NAND,A,Temp,1.0,1.5e-14,2e-07,2.0,-4.444444,0.0002015204885256,0.0001405142174714,6.486390154470905e-11,9.199071403599316e-11,7.842730779035109e-11,7577.51766090349,single_sweep_Temp_A
NAND,A,Temp,1.0,1.5e-14,2e-07,2.0,11.11111,0.0001876474052117,0.0001354860627844,6.689461367094073e-11,9.870024878669411e-11,8.279743122881743e-11,7999.751809547579,single_sweep_Temp_A
NAND,A,Temp,1.0,1.5e-14,2e-07,2.0,26.66667,0.000175402303424,0.0001326306737899,7.083906888930316e-11,1.0539878349359319e-10,8.811892619144818e-11,8513.905912217217,single_sweep_Temp_A
NAND,A,Temp,1.0,1.5e-14,2e-07,2.0,42.22222,0.0001640831025321,0.0001291237857959,7.283244656452412e-11,1.1234699903783989e-10,9.2589722801182e-11,8945.866937312274,single_sweep_Temp_A
NAND,A,Temp,1.0,1.5e-14,2e-07,2.0,57.77778,0.0001537066025939,0.0001259246897651,7.42471044808826e-11,1.1953810301609448e-10,9.689260374848855e-11,9361.604226907108,single_sweep_Temp_A
NAND,A,Temp,1.0,1.5e-14,2e-07,2.0,73.33333,0.0001441625095819,0.0001228931951207,7.561113152128253e-11,1.280999156943384e-10,1.0185552360781046e-10,9841.113392058984,single_sweep_Temp_A
NAND,A,Temp,1.0,1.5e-14,2e-07,2.0,88.88889,0.0001358711080955,0.0001203451065555,7.733767627622982e-11,1.374311770217568e-10,1.0738442664899331e-10,10375.306922608052,single_sweep_Temp_A
NAND,A,Temp,1.0,1.5e-14,2e-07,2.0,104.4444,0.0001276680259114,0.0001177891153538,7.861823787142802e-11,1.457962239540252e-10,1.122072309127266e-10,10841.278349055712,single_sweep_Temp_A
NAND,A,Temp,1.0,1.5e-14,2e-07,2.0,120.0,0.0001200524396371,0.0001157605866703,7.998307674533012e-11,1.5448698578344138e-10,1.1723503126438578e-10,11327.056160810222,single_sweep_Temp_A
NAND,B,Temp,1.0,1.5e-14,2e-07,2.0,-20.0,0.0002147793000729,0.0001583399016727,6.688347554954442e-11,8.704088468926077e-11,7.69621801194026e-11,7435.959431826339,single_sweep_Temp_B
NAND,B,Temp,1.0,1.5e-14,2e-07,2.0,-4.444444,0.0002000724077493,0.0001536148213473,6.875694014652024e-11,9.360502161711183e-11,8.118098088181604e-11,7843.573032059522,single_sweep_Temp_B
NAND,B,Temp,1.0,1.5e-14,2e-07,2.0,11.11111,0.0001866567915936,0.0001491814738525,7.040990103877831e-11,1.0041899778779608e-10,8.541444941328719e-11,8252.603808047073,single_sweep_Temp_B
NAND,B,Temp,1.0,1.5e-14,2e-07,2.0,26.66667,0.0001743627579494,0.0001452001233222,7.205736314668902e-11,1.0721170502980179e-10,8.963453408824541e-11,8660.34145780149,single_sweep_Temp_B
NAND,B,Temp,1.0,1.5e-14,2e-07,2.0,42.22222,0.0001629336315836,0.0001416683206708,7.422046279008616e-11,1.1502010250077539e-10,9.462028264543077e-11,9142.05629424452,single_sweep_Temp_B
NAND,B,Temp,1.0,1.5e-14,2e-07,2.0,57.77778,0.0001525365427523,0.0001383368261213,7.558568686129023e-11,1.2283971495783078e-10,9.921270090956052e-11,9585.768203822274,single_sweep_Temp_B
NAND,B,Temp,1.0,1.5e-14,2e-07,2.0,73.33333,0.0001429556150309,0.0001353826044922,7.797780842275366e-11,1.308192891926007e-10,1.0439854880767718e-10,10086.8163099205,single_sweep_Temp_B
NAND,B,Temp,1.0,1.5e-14,2e-07,2.0,88.88889,0.0001341126342383,0.0001325317309468,7.903738266855836e-11,1.406890078975701e-10,1.0986319528306423e-10,10614.801476624563,single_sweep_Temp_B
NAND,B,Temp,1.0,1.5e-14,2e-07,2.0,104.4444,0.0001259242034889,0.0001300903552962,8.145680406843083e-11,1.493482456207337e-10,1.1540252484458225e-10,11150.002400442732,single_sweep_Temp_B
NAND,B,Temp,1.0,1.5e-14,2e-07,2.0,120.0,0.0001183047481655,0.0001277114156723,8.283893287392746e-11,1.5815340746651909e-10,1.2049617017022327e-10,11642.1420454322,single_sweep_Temp_B
NAND,A,multi_1,0.9,1e-15,2e-07,2.0,27.0,0.0001017677227945,5.641415746277223e-05,1.9694937951479808e-11,2.485507181907151e-11,2.227500488527566e-11,32282.615775761828,multi_sweep
NAND,A,multi_1,0.9,1.325e-14,2e-07,2.0,27.0,0.0001283786219288,0.0001030388531668,7.451590562955323e-11,1.1673488505192879e-10,9.562539534074102e-11,10459.436187119609,multi_sweep
NAND,A,multi_1,0.9,2.55e-14,2e-07,2.0,27.0,0.0001304094362698,0.0001063463979354,1.2949935766571948e-10,2.1075432292630748e-10,1.7012684029601348e-10,9669.04463177116,multi_sweep
NAND,A,multi_1,0.9,3.775e-14,2e-07,2.0,27.0,0.0001309960585663,0.0001076136123598,1.870384012782597e-10,2.99546751912466e-10,2.4329257659536287e-10,9340.342704496128,multi_sweep
NAND,A,multi_1,0.9,5e-14,2e-07,2.0,27.0,0.000131298355551,0.000108262679345,2.4091160652591426e-10,3.9826862530817486e-10,3.1959011591704456e-10,9263.481620783905,multi_sweep
NAND,A,multi_1,1.0,1e-15,2e-07,2.0,27.0,0.000118491094283,6.67790554804884e-05,1.739137307327436e-11,2.219428630545713e-11,1.9792829689365742e-11,28685.260419370643,multi_sweep
NAND,A,multi_1,1.0,1.325e-14,2e-07,2.0,27.0,0.0001582467772553,0.000126369894661,6.632401110439127e-11,1.04824682043985e-10,8.557434657418813e-11,9360.059783887138,multi_sweep
NAND,A,multi_1,1.0,2.55e-14,2e-07,2.0,27.0,0.0001612043713735,0.000130965924078,1.150806939159433e-10,1.8767543802856788e-10,1.513780659722556e-10,8603.47064349279,multi_sweep
NAND,A,multi_1,1.0,3.775e-14,2e-07,2.0,27.0,0.0001620341945918,0.0001324929806797,1.6400912503429888e-10,2.6912515911133736e-10,2.1656714207281816e-10,8314.315848846076,multi_sweep
NAND,A,multi_1,1.0,5e-14,2e-07,2.0,27.0,0.0001624623594715,0.0001336362520984,2.1703634109505857e-10,3.54472958045703e-10,2.857546495703808e-10,8282.74346580814,multi_sweep
NAND,A,multi_1,1.1,1e-15,2e-07,2.0,27.0,0.0001359006807412,7.620578289123706e-05,1.5737955737918597e-11,2.0311975332407197e-11,1.80249655351629e-11,26123.138456757828,multi_sweep
NAND,A,multi_1,1.1,1.325e-14,2e-07,2.0,27.0,0.0001888122146319,0.0001501764949066,6.048064281563734e-11,9.605571001458598e-11,7.826817641511166e-11,8560.916206192143,multi_sweep
NAND,A,multi_1,1.1,2.55e-14,2e-07,2.0,27.0,0.0001927809183184,0.0001560525047655,1.0423923984998579e-10,1.7100324928517508e-10,1.3762124456758043e-10,7821.610944449019,multi_sweep
NAND,A,multi_1,1.1,3.775e-14,2e-07,2.0,27.0,0.0001938846452228,0.0001583197088292,1.4925653696621939e-10,2.4756471038024005e-10,1.9841062367322976e-10,7617.261682435159,multi_sweep
NAND,A,multi_1,1.1,5e-14,2e-07,2.0,27.0,0.000194455241445,0.000159550346846,1.980958273673833e-10,3.233524335266523e-10,2.6072413044701776e-10,7557.221172377327,multi_sweep
NAND,A,multi_1,1.2,1e-15,2e-07,2.0,27.0,0.0001554452915888,8.538825217791115e-05,1.4463995233370069e-11,1.9001694744047398e-11,1.6732844988708737e-11,24250.49998363585,multi_sweep
NAND,A,multi_1,1.2,1.325e-14,2e-07,2.0,27.0,0.0002206524466531,0.0001738360929336,5.420796759642719e-11,8.897233233480433e-11,7.159014996561576e-11,7830.478530556824,multi_sweep
NAND,A,multi_1,1.2,2.55e-14,2e-07,2.0,27.0,0.0002236098481022,0.0001814397993211,9.884328006056757e-11,1.600943709090238e-10,1.2946882548479567e-10,7358.273684842041,multi_sweep
NAND,A,multi_1,1.2,3.775e-14,2e-07,2.0,27.0,0.0002250285624552,0.0001841978022874,1.401363766774677e-10,2.2825622407830217e-10,1.8419630037788496e-10,7071.553906435742,multi_sweep
NAND,A,multi_1,1.2,5e-14,2e-07,2.0,27.0,0.0002257507054175,0.0001857753499949,1.840022152498166e-10,3.0257670583006877e-10,2.4328946053994273e-10,7051.868421447614,multi_sweep
NAND,A,multi_1,1.3,1e-15,2e-07,2.0,27.0,0.0001736855570992,9.681222791784056e-05,1.3418242509282329e-11,1.8047144086167208e-11,1.573269329772477e-11,22801.004779311264,multi_sweep
NAND,A,multi_1,1.3,1.325e-14,2e-07,2.0,27.0,0.0002520740227869,0.0001978459635295,5.1738065719930056e-11,8.355203162940181e-11,6.764504867466592e-11,7398.966220909591,multi_sweep
NAND,A,multi_1,1.3,2.55e-14,2e-07,2.0,27.0,0.0002559182036583,0.0002067548545588,9.207036756809712e-11,1.5055867291629558e-10,1.2131452024219635e-10,6894.829226609627,multi_sweep
NAND,A,multi_1,1.3,3.775e-14,2e-07,2.0,27.0,0.000257622807807,0.0002102860788516,1.32862976132383e-10,2.163341526364987e-10,1.7459856438444084e-10,6703.083381685032,multi_sweep
NAND,A,multi_1,1.3,5e-14,2e-07,2.0,27.0,0.000258510973587,0.0002120411301792,1.7315361195115378e-10,2.8489585014860216e-10,2.29024731049878e-10,6638.398001445739,multi_sweep
NAND,B,multi_1,0.9,1e-15,2e-07,2.8,27.0,0.0001073141791819,0.0001291218555587,1.8855288455384528e-11,2.965730342227082e-11,2.425629593882768e-11,35154.05208525751,multi_sweep
NAND,B,multi_1,0.9,1.325e-14,2e-07,2.8,27.0,0.00012758700863,0.0001597414546618,5.90129887889299e-11,1.2383398543377002e-10,9.142348711134993e-11,9999.834521339892,multi_sweep
NAND,B,multi_1,0.9,2.55e-14,2e-07,2.8,27.0,0.000129216416887,0.0001612523478875,9.665970103989657e-11,2.1714337582609507e-10,1.5690153843299583e-10,8917.393488661317,multi_sweep
NAND,B,multi_1,0.9,3.775e-14,2e-07,2.8,27.0,0.0001298048853696,0.00016202780246,1.3716684111035368e-10,3.0702006313066546e-10,2.220934521205096e-10,8526.478630214402,multi_sweep
NAND,B,multi_1,0.9,5e-14,2e-07,2.8,27.0,0.0001301077791426,0.0001624211561416,1.7523255222787078e-10,4.0353098234717376e-10,2.8938176728752227e-10,8387.877312681807,multi_sweep
NAND,B,multi_1,1.0,1e-15,2e-07,2.8,27.0,0.0001277357230014,0.0001486098141923,1.663381487478875e-11,2.623862464782959e-11,2.1436219761309168e-11,31066.98516131764,multi_sweep
NAND,B,multi_1,1.0,1.325e-14,2e-07,2.8,27.0,0.0001574006019589,0.0001947934913778,5.277175158274036e-11,1.0998126491898079e-10,8.137650825086057e-11,8900.90328147231,multi_sweep
NAND,B,multi_1,1.0,2.55e-14,2e-07,2.8,27.0,0.000159734006337,0.0001974834788548,8.616272470291238e-11,1.911776823762063e-10,1.386702035395593e-10,7881.227822651853,multi_sweep
NAND,B,multi_1,1.0,3.775e-14,2e-07,2.8,27.0,0.0001606000504025,0.0001988128805162,1.2179726534079908e-10,2.77615642751592e-10,1.997064540461956e-10,7667.010425038701,multi_sweep
NAND,B,multi_1,1.0,5e-14,2e-07,2.8,27.0,0.0001610468319213,0.0001994653260607,1.5683312013283738e-10,3.558199669004494e-10,2.5632654351664337e-10,7429.754884540389,multi_sweep
NAND,B,multi_1,1.1,1e-15,2e-07,2.8,27.0,0.0001485063974341,0.0001680612457667,1.494803933402344e-11,2.378937920258187e-11,1.936870926830265e-11,28070.593142467616,multi_sweep
NAND,B,multi_1,1.1,1.325e-14,2e-07,2.8,27.0,0.0001879591433316,0.0002303447487765,4.847456965765251e-11,1.0027457432607479e-10,7.437457199186366e-11,8135.036586476747,multi_sweep
NAND,B,multi_1,1.1,2.55e-14,2e-07,2.8,27.0,0.0001910453623346,0.0002344929722038,7.898421091209071e-11,1.769180514572772e-10,1.2795113118468396e-10,7272.016549285818,multi_sweep
NAND,B,multi_1,1.1,3.775e-14,2e-07,2.8,27.0,0.0001921655167201,0.0002363212782273,1.1068723268953729e-10,2.526044326650082e-10,1.8164583267727275e-10,6973.637879922173,multi_sweep
NAND,B,multi_1,1.1,5e-14,2e-07,2.8,27.0,0.0001927582823412,0.0002373461173707,1.448954769760666e-10,3.2927783700952016e-10,2.3708665699279343e-10,6872.077014283867,multi_sweep
NAND,B,multi_1,1.2,1e-15,2e-07,2.8,27.0,0.0001713343058929,0.0001855105332173,1.364451238446226e-11,2.2051039728833668e-11,1.7847776056647966e-11,25866.34211108401,multi_sweep
NAND,B,multi_1,1.2,1.325e-14,2e-07,2.8,27.0,0.0002190203020809,0.0002661097362804,4.516986570184525e-11,9.340331820366028e-11,6.928659195275276e-11,7578.517030653844,multi_sweep
NAND,B,multi_1,1.2,2.55e-14,2e-07,2.8,27.0,0.0002228629479892,0.0002715510443338,7.289931086137714e-11,1.651307040424247e-10,1.1901500745190088e-10,6764.137962597382,multi_sweep
NAND,B,multi_1,1.2,3.775e-14,2e-07,2.8,27.0,0.0002243055436373,0.0002741694689161,1.0316732327478589e-10,2.351687809812158e-10,1.6916805212800083e-10,6494.598411671019,multi_sweep
NAND,B,multi_1,1.2,5e-14,2e-07,2.8,27.0,0.0002251195673445,0.0002756127423668,1.3060249424903368e-10,3.065264246992763e-10,2.18564459474155e-10,6335.201723888551,multi_sweep
NAND,B,multi_1,1.3,1e-15,2e-07,2.8,27.0,0.0001944303034815,0.000202524431549,1.249698708120898e-11,2.077684902788931e-11,1.6636918054549144e-11,24111.475441375573,multi_sweep
NAND,B,multi_1,1.3,1.325e-14,2e-07,2.8,27.0,0.0002501648236212,0.0003062327324358,4.2496850470161227e-11,8.744128375821339e-11,6.49690671141873e-11,7106.269304258936,multi_sweep
NAND,B,multi_1,1.3,2.55e-14,2e-07,2.8,27.0,0.0002550010186305,0.0003087855469436,6.885982839309245e-11,1.5507123981565839e-10,1.1196553410437543e-10,6363.485882601617,multi_sweep
NAND,B,multi_1,1.3,3.775e-14,2e-07,2.8,27.0,0.0002567625803787,0.0003121997648298,9.775829553595867e-11,2.1974509124688088e-10,1.5875169339141978e-10,6094.699813472304,multi_sweep
NAND,B,multi_1,1.3,5e-14,2e-07,2.8,27.0,0.0002576738194464,0.0003139551960832,1.257399092213238e-10,2.895003670596269e-10,2.0762013814047532e-10,6017.975018564503,multi_sweep
NAND,A,multi_2,0.9,1.5e-14,1e-07,2.0,27.0,6.716382665365417e-05,5.244414392650326e-05,1.5282998410912768e-10,2.366175586597861e-10,1.9472377138445686e-10,18813.890955019997,multi_sweep
NAND,A,multi_2,0.9,1.5e-14,2e-07,2.0,27.0,0.0001287608472166,0.0001037783975475,8.184757472801735e-11,1.2959365204644488e-10,1.0572061338723112e-10,10214.552018089966,multi_sweep
NAND,A,multi_2,0.9,1.5e-14,3e-07,2.0,27.0,0.000189864462813,0.0001523104749658,5.685682253781209e-11,9.322052045302784e-11,7.503867149541997e-11,7250.113187963283,multi_sweep
NAND,A,multi_2,0.9,1.5e-14,4e-07,2.0,27.0,0.0002505023705142,0.000198593679137,4.795784729207418e-11,7.439343287667604e-11,6.117564008437512e-11,5910.68986322465,multi_sweep
NAND,A,multi_2,0.9,1.5e-14,5e-07,2.0,27.0,0.0003093931272735,0.0002429030764968,4.0316118915056886e-11,6.309583272993896e-11,5.1705975822497915e-11,4995.746456279994,multi_sweep
NAND,A,multi_2,1.0,1.5e-14,1e-07,2.0,27.0,8.209057462502315e-05,6.456945385338953e-05,1.375094913362742e-10,2.1517455666002068e-10,1.7634202399814744e-10,17037.876714796857,multi_sweep
NAND,A,multi_2,1.0,1.5e-14,2e-07,2.0,27.0,0.0001587842277082,0.0001275002338673,7.346938177385024e-11,1.1590976648466089e-10,9.468957412925555e-11,9148.751123599572,multi_sweep
NAND,A,multi_2,1.0,1.5e-14,3e-07,2.0,27.0,0.0002354866585542,0.0001865980876843,5.288082849420052e-11,8.237386229382543e-11,6.762734539401297e-11,6534.043033237969,multi_sweep
NAND,A,multi_2,1.0,1.5e-14,4e-07,2.0,27.0,0.0003088656963016,0.0002419919787558,4.1846770390542676e-11,6.632270000799746e-11,5.408473519927007e-11,5225.578280122713,multi_sweep
NAND,A,multi_2,1.0,1.5e-14,5e-07,2.0,27.0,0.0003815979029347,0.0002962842459477,3.80651931431932e-11,5.586013881189366e-11,4.696266597754343e-11,4537.455650004197,multi_sweep
NAND,A,multi_2,1.1,1.5e-14,1e-07,2.0,27.0,9.692400644440948e-05,7.683797317227713e-05,1.2525601347408888e-10,1.979070630624087e-10,1.6158153826824877e-10,15611.742827850128,multi_sweep
NAND,A,multi_2,1.1,1.5e-14,2e-07,2.0,27.0,0.0001895247773542,0.0001515252486548,6.614879435434824e-11,1.0675617978897889e-10,8.645248707166357e-11,8352.897301610008,multi_sweep
NAND,A,multi_2,1.1,1.5e-14,3e-07,2.0,27.0,0.0002802626721787,0.0002209667888998,4.8238367807960005e-11,7.574932573641455e-11,6.199384677218729e-11,5989.743649486696,multi_sweep
NAND,A,multi_2,1.1,1.5e-14,4e-07,2.0,27.0,0.0003688880633562,0.0002854293418484,3.9113774388515666e-11,5.9866368764075e-11,4.949007157629533e-11,4781.649427661386,multi_sweep
NAND,A,multi_2,1.1,1.5e-14,5e-07,2.0,27.0,0.0004559115493181,0.0003492779549171,3.5016558581455686e-11,5.1105156355941615e-11,4.306085746869866e-11,4160.469320647214,multi_sweep
NAND,A,multi_2,1.2,1.5e-14,1e-07,2.0,27.0,0.0001124132702014,8.949455846261728e-05,1.16522109258689e-10,1.8513781573535108e-10,1.5082996249702003e-10,14572.94323642706,multi_sweep
NAND,A,multi_2,1.2,1.5e-14,2e-07,2.0,27.0,0.0002207145075318,0.0001758240222221,6.228465654352447e-11,9.941445845912358e-11,8.084955750132404e-11,7811.55144940329,multi_sweep
NAND,A,multi_2,1.2,1.5e-14,3e-07,2.0,27.0,0.0003273654719598,0.0002541533967666,4.278057562429793e-11,7.033557932983827e-11,5.655807747706809e-11,5464.548548508996,multi_sweep
NAND,A,multi_2,1.2,1.5e-14,4e-07,2.0,27.0,0.0004312719645897,0.000330025614566,3.6662947853843365e-11,5.58286166986207e-11,4.6245782276232025e-11,4468.191524273627,multi_sweep
NAND,A,multi_2,1.2,1.5e-14,5e-07,2.0,27.0,0.0005325452925971,0.0004040866497702,3.260498715278578e-11,4.730448390601234e-11,3.995473552939906e-11,3860.3609207148857,multi_sweep
NAND,A,multi_2,1.3,1.5e-14,1e-07,2.0,27.0,0.0001278817065683,0.0001019534007288,1.1087112258014519e-10,1.75716291833709e-10,1.4329370720692712e-10,13844.802628688612,multi_sweep
NAND,A,multi_2,1.3,1.5e-14,2e-07,2.0,27.0,0.0002531803031064,0.0001998276316332,5.7092630810275716e-11,9.354771163025748e-11,7.53201712202666e-11,7277.311229011268,multi_sweep
NAND,A,multi_2,1.3,1.5e-14,3e-07,2.0,27.0,0.0003747602600195,0.0002898179187861,4.220033577265707e-11,6.610623244103258e-11,5.415328410684482e-11,5232.201362980177,multi_sweep
NAND,A,multi_2,1.3,1.5e-14,4e-07,2.0,27.0,0.0004932155041618,0.0003766358917274,3.5573734143908905e-11,5.285228573644595e-11,4.4213009940177427e-11,4271.788400017143,multi_sweep
NAND,A,multi_2,1.3,1.5e-14,5e-07,2.0,27.0,0.0006073428416808,0.0004559552265184,3.0768354104842616e-11,4.46298918955673e-11,3.769912300020496e-11,3642.427343014973,multi_sweep
NAND,B,multi_2,0.9,2e-14,1e-07,2.8,27.0,6.621495901978184e-05,8.007053388434344e-05,1.4491154055136538e-10,3.196435065061558e-10,2.3227752352876057e-10,16831.704603533377,multi_sweep
NAND,B,multi_2,0.9,2e-14,2e-07,2.8,27.0,0.0001287240781131,0.00016035695736,7.815703010416755e-11,1.7340091740618308e-10,1.2577897375517531e-10,9114.418388056183,multi_sweep
NAND,B,multi_2,0.9,2e-14,3e-07,2.8,27.0,0.0001908129310034,0.0002405158039374,5.88337058882114e-11,1.241995140654452e-10,9.151660997682829e-11,6631.638404117994,multi_sweep
NAND,B,multi_2,0.9,2e-14,4e-07,2.8,27.0,0.0002520461062504,0.0003187996416879,4.798567589012722e-11,9.931574356124007e-11,7.365070972568365e-11,5337.0079511364975,multi_sweep
NAND,B,multi_2,0.9,2e-14,5e-07,2.8,27.0,0.0003124633935628,0.0004055385232734,4.165895826703093e-11,8.410315664399358e-11,6.288105745551226e-11,4556.598366341469,multi_sweep
NAND,B,multi_2,1.0,2e-14,1e-07,2.8,27.0,8.107118785199192e-05,9.808726141817033e-05,1.2807194444365588e-10,2.8724915148244777e-10,2.0766054796305187e-10,15047.86579442405,multi_sweep
NAND,B,multi_2,1.0,2e-14,2e-07,2.8,27.0,0.0001590661272401,0.0001965880561602,7.060746982210874e-11,1.5637217495623369e-10,1.1348982238917121e-10,8223.90017312835,multi_sweep
NAND,B,multi_2,1.0,2e-14,3e-07,2.8,27.0,0.0002361853778917,0.0002933288735929,5.260445235235047e-11,1.0984993741479229e-10,8.122719488357137e-11,5886.028614751551,multi_sweep
NAND,B,multi_2,1.0,2e-14,4e-07,2.8,27.0,0.0003119842941965,0.0003878269146172,4.310856184585981e-11,8.793710796629555e-11,6.552283490607769e-11,4748.031514933166,multi_sweep
NAND,B,multi_2,1.0,2e-14,5e-07,2.8,27.0,0.0003860109567337,0.0004909288941733,3.7403976835153046e-11,7.428166585113013e-11,5.584282134314159e-11,4046.581256749391,multi_sweep
NAND,B,multi_2,1.1,2e-14,1e-07,2.8,27.0,9.627605418434662e-05,0.0001167153779185,1.185254672574586e-10,2.658302353759197e-10,1.9217785131668916e-10,13925.931254832549,multi_sweep
NAND,B,multi_2,1.1,2e-14,2e-07,2.8,27.0,0.0001901107230588,0.0002327379176486,6.429991639212182e-11,1.421461330007134e-10,1.032230246964176e-10,7479.929325827364,multi_sweep
NAND,B,multi_2,1.1,2e-14,3e-07,2.8,27.0,0.0002825331800609,0.0003468913198919,4.824841711860661e-11,1.00427627692285e-10,7.433802240544579e-11,5386.813217785928,multi_sweep
NAND,B,multi_2,1.1,2e-14,4e-07,2.8,27.0,0.0003730498121908,0.0004664749095343,3.9574430274137766e-11,7.906253471190887e-11,5.931848249302332e-11,4298.440760364009,multi_sweep
NAND,B,multi_2,1.1,2e-14,5e-07,2.8,27.0,0.0004612915450803,0.0005761448052165,3.4333972627074266e-11,6.733506938484404e-11,5.0834521005959144e-11,3683.6609424608087,multi_sweep
NAND,B,multi_2,1.2,2e-14,1e-07,2.8,27.0,0.0001117552837075,0.0001354471357806,1.10773470757022e-10,2.475255318577749e-10,1.7914950130739842e-10,12981.847920825976,multi_sweep
NAND,B,multi_2,1.2,2e-14,2e-07,2.8,27.0,0.0002216988950526,0.0002692870111115,5.949440007807047e-11,1.3230967347284528e-10,9.590203677545787e-11,6949.422954743326,multi_sweep
NAND,B,multi_2,1.2,2e-14,3e-07,2.8,27.0,0.0003297337708102,0.0004007670843826,4.4974880704169266e-11,9.32717501349034e-11,6.912331541953634e-11,5008.935899966402,multi_sweep
NAND,B,multi_2,1.2,2e-14,4e-07,2.8,27.0,0.0004347989734066,0.0005361968205257,3.678024938510126e-11,7.399329638154462e-11,5.538677288332294e-11,4013.5342669074594,multi_sweep
NAND,B,multi_2,1.2,2e-14,5e-07,2.8,27.0,0.0005383118747775,0.0006602773280698,3.196250648357847e-11,6.216437248741353e-11,4.7063439485496004e-11,3410.394165615652,multi_sweep
NAND,B,multi_2,1.3,2e-14,1e-07,2.8,27.0,0.0001273852385081,0.0001537483950674,1.025520036824828e-10,2.366405279733659e-10,1.6959626582792435e-10,12289.584480284371,multi_sweep
NAND,B,multi_2,1.3,2e-14,2e-07,2.8,27.0,0.0002535342674447,0.0003059254474079,5.581362244140583e-11,1.236690988078491e-10,8.974136062462745e-11,6502.997146712136,multi_sweep
NAND,B,multi_2,1.3,2e-14,3e-07,2.8,27.0,0.0003767186854399,0.0004611959781599,4.229788348074026e-11,8.714808516688876e-11,6.472298432381451e-11,4690.071327812646,multi_sweep
NAND,B,multi_2,1.3,2e-14,4e-07,2.8,27.0,0.0004973852360151,0.0006049946400141,3.460674358879392e-11,6.943676016021306e-11,5.202175187450349e-11,3769.6921648190937,multi_sweep
NAND,B,multi_2,1.3,2e-14,5e-07,2.8,27.0,0.0006155510562323,0.0007427189991478,3.0066820898464116e-11,5.816968545892865e-11,4.411825317869639e-11,3196.974868021477,multi_sweep
NAND,A,multi_3,0.9,1.5e-14,2e-07,2.0,27.0,0.000175697396365,0.0001187516910745,7.314016104198359e-11,9.557114060756872e-11,8.435565082477617e-11,8150.304427514608,multi_sweep
NAND,A,multi_3,1.0,1.5e-14,2e-07,2.0,27.0,0.0002162691372529,0.0001443634144237,6.312917857056783e-11,8.519772086208955e-11,7.416344971632869e-11,7165.550697229826,multi_sweep
NAND,A,multi_3,1.1,1.5e-14,2e-07,2.0,27.0,0.0002563847420048,0.0001716033861866,5.95031432673816e-11,7.781229324436554e-11,6.865771825587358e-11,6633.595966751071,multi_sweep
NAND,A,multi_3,1.2,1.5e-14,2e-07,2.0,27.0,0.0002984255328561,0.0001977771164857,5.5377415841655886e-11,7.296373982685149e-11,6.417057783425369e-11,6200.055829396493,multi_sweep
NAND,A,multi_3,1.3,1.5e-14,2e-07,2.0,27.0,0.0003395247897714,0.0002239151132521,5.061325569669351e-11,6.916631439958837e-11,5.988978504814094e-11,5786.452661656131,multi_sweep
NAND,B,multi_3,0.9,2e-14,2e-07,2.8,27.0,0.000176489653651,0.0001821956641369,7.054101140308381e-11,1.262123012887358e-10,9.837665634590979e-11,7128.7432134717255,multi_sweep
NAND,B,multi_3,1.0,2e-14,2e-07,2.8,27.0,0.0002171162695014,0.0002220408768025,6.271050300702056e-11,1.1286350385097189e-10,8.778700342899623e-11,6361.377060072191,multi_sweep
NAND,B,multi_3,1.1,2e-14,2e-07,2.8,27.0,0.000258212297886,0.0002622302753071,5.77544245121449e-11,1.0437980175235269e-10,8.106711313224879e-11,5874.428487844117,multi_sweep
NAND,B,multi_3,1.2,2e-14,2e-07,2.8,27.0,0.000299514526712,0.0003059751788688,5.4073931007216396e-11,9.699570038613436e-11,7.553481569667539e-11,5473.537369324304,multi_sweep
NAND,B,multi_3,1.3,2e-14,2e-07,2.8,27.0,0.0003408240773945,0.0003412143338374,5.067197435710613e-11,9.115901007026678e-11,7.091549221368644e-11,5138.803783600468,multi_sweep
NAND,A,multi_4,0.9,1e-15,1e-07,2.0,27.0,5.782173881327647e-05,3.785047052014668e-05,2.599634334088442e-11,3.213598832559906e-11,2.906616583324174e-11,42124.87801919093,multi_sweep
NAND,A,multi_4,0.9,1e-15,2e-07,2.0,27.0,0.0001017677227945,5.641415746277214e-05,1.9694937951479808e-11,2.485507181907151e-11,2.227500488527566e-11,32282.615775761828,multi_sweep
NAND,A,multi_4,0.9,1e-15,3e-07,2.0,27.0,0.0001410126869925,7.33262215992239e-05,1.731921013097091e-11,2.2135196549912178e-11,1.9727203340441542e-11,28590.149768755866,multi_sweep
NAND,A,multi_4,0.9,1e-15,4e-07,2.0,27.0,0.0001797448830258,8.649129614205331e-05,1.613083336337241e-11,2.0746738560028588e-11,1.8438785961700497e-11,26722.87820536304,multi_sweep
NAND,A,multi_4,0.9,1e-15,5e-07,2.0,27.0,0.0002170472446919,0.0001013477683195,1.537170390680365e-11,1.9855131153927278e-11,1.7613417530365467e-11,25526.692072993428,multi_sweep
NAND,A,multi_4,0.9,1.325e-14,1e-07,2.0,27.0,6.704089561858655e-05,5.222981443821359e-05,1.3767590350163609e-10,2.1272566750194458e-10,1.7520078550179036e-10,19163.334482011527,multi_sweep
NAND,A,multi_4,0.9,1.325e-14,2e-07,2.0,27.0,0.0001283786219288,0.0001030388531668,7.451590562963926e-11,1.167348850519246e-10,9.562539534078192e-11,10459.436187124084,multi_sweep
NAND,A,multi_4,0.9,1.325e-14,3e-07,2.0,27.0,0.0001890959255415,0.000150632423412,5.407767327668786e-11,8.364171119827441e-11,6.885969223748114e-11,7531.823050312402,multi_sweep
NAND,A,multi_4,0.9,1.325e-14,4e-07,2.0,27.0,0.0002487282796143,0.0001962504199326,4.288871050360233e-11,6.791256286359739e-11,5.540063668359986e-11,6059.681343571219,multi_sweep
NAND,A,multi_4,0.9,1.325e-14,5e-07,2.0,27.0,0.0003071983007932,0.0002390121012021,3.8091873102833966e-11,5.7362351259931545e-11,4.7727112181382756e-11,5220.356815026828,multi_sweep
NAND,A,multi_4,0.9,2.55e-14,1e-07,2.0,27.0,6.755295755018131e-05,5.315607912263714e-05,2.4827029019061577e-10,3.9341315168311476e-10,3.208417209368653e-10,18234.82358265788,multi_sweep
NAND,A,multi_4,0.9,2.55e-14,2e-07,2.0,27.0,0.0001304094362698,0.0001063463979355,1.2949935766741528e-10,2.1075432292735877e-10,1.7012684029738704e-10,9669.044631849223,multi_sweep
NAND,A,multi_4,0.9,2.55e-14,3e-07,2.0,27.0,0.0001923481226236,0.0001578260333585,9.05916404180774e-11,1.45767187766325e-10,1.1817941409220118e-10,6716.647575572676,multi_sweep
NAND,A,multi_4,0.9,2.55e-14,4e-07,2.0,27.0,0.0002542266533584,0.000207072319666,6.914888232957086e-11,1.1489152701893269e-10,9.202020467425178e-11,5229.906489016868,multi_sweep
NAND,A,multi_4,0.9,2.55e-14,5e-07,2.0,27.0,0.0003154299583442,0.0002554313513745,5.800564546672821e-11,9.522565853585722e-11,7.661565200129272e-11,4354.399090724224,multi_sweep
NAND,A,multi_4,0.9,3.775e-14,1e-07,2.0,27.0,6.773637902884907e-05,5.348958242969328e-05,3.671694505267911e-10,5.767648134677216e-10,4.719671319972562e-10,18119.47910537504,multi_sweep
NAND,A,multi_4,0.9,3.775e-14,2e-07,2.0,27.0,0.0001309960585663,0.00010761361236,1.8703840127901739e-10,2.9954675191273276e-10,2.432925765958751e-10,9340.342704515797,multi_sweep
NAND,A,multi_4,0.9,3.775e-14,3e-07,2.0,27.0,0.0001940906950722,0.0001603946823465,1.271719433300518e-10,2.070824292989917e-10,1.6712718631452174e-10,6416.246715213428,multi_sweep
NAND,A,multi_4,0.9,3.775e-14,4e-07,2.0,27.0,0.0002569395036371,0.0002121186883519,9.668787974520446e-11,1.6255879166362908e-10,1.2962333570441678e-10,4976.421372662129,multi_sweep
NAND,A,multi_4,0.9,3.775e-14,5e-07,2.0,27.0,0.0003185493250036,0.000262367640839,8.138982288143804e-11,1.320264478613991e-10,1.0670813537141856e-10,4096.674743120015,multi_sweep
NAND,A,multi_4,0.9,5e-14,1e-07,2.0,27.0,6.783067670686061e-05,5.366562742481007e-05,4.76757487909644e-10,7.547469264614776e-10,6.157522071855608e-10,17847.890063349587,multi_sweep
NAND,A,multi_4,0.9,5e-14,2e-07,2.0,27.0,0.000131298355551,0.000108262679345,2.4091160652497127e-10,3.9826862530541916e-10,3.1959011591519524e-10,9263.481620730296,multi_sweep
NAND,A,multi_4,0.9,5e-14,3e-07,2.0,27.0,0.0001947150930513,0.0001618974413051,1.6390257007389188e-10,2.725712918088692e-10,2.182369309413805e-10,6325.708143228421,multi_sweep
NAND,A,multi_4,0.9,5e-14,4e-07,2.0,27.0,0.0002580204151962,0.0002144385319352,1.2607915940482538e-10,2.0628962173052228e-10,1.6618439056767384e-10,4816.938857034025,multi_sweep
NAND,A,multi_4,0.9,5e-14,5e-07,2.0,27.0,0.0003201923845271,0.0002661056805234,1.028278490700834e-10,1.7068164091804008e-10,1.3675474499406176e-10,3963.9056520017903,multi_sweep
NAND,A,multi_4,1.0,1e-15,1e-07,2.0,27.0,6.879281150208649e-05,4.422765022697743e-05,2.354314449410373e-11,2.9226117561026106e-11,2.6384631027564923e-11,38238.59569212308,multi_sweep
NAND,A,multi_4,1.0,1e-15,2e-07,2.0,27.0,0.000118491094283,6.677905548048859e-05,1.739137307327436e-11,2.219428630545754e-11,1.979282968936595e-11,28685.26041937094,multi_sweep
NAND,A,multi_4,1.0,1e-15,3e-07,2.0,27.0,0.0001657153014578,8.466451133303603e-05,1.519805644918303e-11,1.9583685531708618e-11,1.7390870990445828e-11,25204.16085571859,multi_sweep
NAND,A,multi_4,1.0,1e-15,4e-07,2.0,27.0,0.0002091736215705,0.0001034812529693,1.4043590174262298e-11,1.8294418617084078e-11,1.616900439567319e-11,23433.33970387419,multi_sweep
NAND,A,multi_4,1.0,1e-15,5e-07,2.0,27.0,0.000254181753367,0.0001217386527858,1.331939458786223e-11,1.747668461463997e-11,1.53980396012511e-11,22315.999422103043,multi_sweep
NAND,A,multi_4,1.0,1.325e-14,1e-07,2.0,27.0,8.192387331547337e-05,6.425074549607141e-05,1.2318183479911501e-10,1.924530907864242e-10,1.578174627927696e-10,17261.959288243874,multi_sweep
NAND,A,multi_4,1.0,1.325e-14,2e-07,2.0,27.0,0.0001582467772553,0.000126369894661,6.632401110442768e-11,1.0482468204398629e-10,8.5574346574207e-11,9360.0597838892,multi_sweep
NAND,A,multi_4,1.0,1.325e-14,3e-07,2.0,27.0,0.0002334713433859,0.0001840510443192,4.82501492485256e-11,7.495576646475155e-11,6.160295785663858e-11,6738.086722082426,multi_sweep
NAND,A,multi_4,1.0,1.325e-14,4e-07,2.0,27.0,0.0003070303978013,0.0002391601874155,3.7784538114807616e-11,6.041632914650147e-11,4.910043363065455e-11,5370.569716232381,multi_sweep
NAND,A,multi_4,1.0,1.325e-14,5e-07,2.0,27.0,0.0003788108884298,0.0002923893832697,3.5275529290040436e-11,5.138487263038127e-11,4.3330200960210855e-11,4739.42586384587,multi_sweep
NAND,A,multi_4,1.0,2.55e-14,1e-07,2.0,27.0,8.26189123624254e-05,6.546204439574675e-05,2.2459496188702988e-10,3.578704499895381e-10,2.91232705938284e-10,16552.015114423648,multi_sweep
NAND,A,multi_4,1.0,2.55e-14,2e-07,2.0,27.0,0.0001612043713735,0.000130965924078,1.150806939161666e-10,1.876754380286618e-10,1.5137806597241418e-10,8603.470643501802,multi_sweep
NAND,A,multi_4,1.0,2.55e-14,3e-07,2.0,27.0,0.0002381140671885,0.0001938926394314,8.077071133308963e-11,1.297310114294858e-10,1.0525086138128771e-10,5981.86197108768,multi_sweep
NAND,A,multi_4,1.0,2.55e-14,4e-07,2.0,27.0,0.0003149086568794,0.0002534147007878,6.177305216378912e-11,1.0214733022398889e-10,8.196019119388901e-11,4658.152383852744,multi_sweep
NAND,A,multi_4,1.0,2.55e-14,5e-07,2.0,27.0,0.000390703692163,0.0003125861845492,5.3476927859675e-11,8.402337734560435e-11,6.875015260263966e-11,3907.3687185359295,multi_sweep
NAND,A,multi_4,1.0,3.775e-14,1e-07,2.0,27.0,8.286829156090104e-05,6.595447108942211e-05,3.2479925752656367e-10,5.19819818815132e-10,4.2230953817084784e-10,16213.054541543252,multi_sweep
NAND,A,multi_4,1.0,3.775e-14,2e-07,2.0,27.0,0.0001620341945918,0.0001324929806797,1.6400912503421288e-10,2.6912515911125665e-10,2.165671420727348e-10,8314.315848842878,multi_sweep
NAND,A,multi_4,1.0,3.775e-14,3e-07,2.0,27.0,0.0002408195724289,0.0001974155283483,1.1389250693943889e-10,1.845194300207422e-10,1.4920596848009055e-10,5728.226066996471,multi_sweep
NAND,A,multi_4,1.0,3.775e-14,4e-07,2.0,27.0,0.0003191183342923,0.0002607526342156,8.767437331337761e-11,1.4400175290631569e-10,1.1583806310984665e-10,4447.185453876444,multi_sweep
NAND,A,multi_4,1.0,3.775e-14,5e-07,2.0,27.0,0.0003951934987644,0.0003223920593912,7.165482840258609e-11,1.18264171359629e-10,9.495949988110753e-11,3645.628174723393,multi_sweep
NAND,A,multi_4,1.0,5e-14,1e-07,2.0,27.0,8.299657361895044e-05,6.624030823487685e-05,4.3096915148603157e-10,6.846860553699809e-10,5.578276034280061e-10,16168.916041391489,multi_sweep
NAND,A,multi_4,1.0,5e-14,2e-07,2.0,27.0,0.0001624623594715,0.0001336362520984,2.170363410944201e-10,3.54472958045315e-10,2.8575464956986753e-10,8282.743465793263,multi_sweep
NAND,A,multi_4,1.0,5e-14,3e-07,2.0,27.0,0.0002417163464835,0.0001995203578098,1.4584915588975678e-10,2.422151327987272e-10,1.9403214434424201e-10,5624.120125920058,multi_sweep
NAND,A,multi_4,1.0,5e-14,4e-07,2.0,27.0,0.0003206761623995,0.0002641461957395,1.1313133077601528e-10,1.843990404885732e-10,1.4876518563229422e-10,4312.034366153457,multi_sweep
NAND,A,multi_4,1.0,5e-14,5e-07,2.0,27.0,0.0003990923845169,0.000327522704162,9.257522050045204e-11,1.5190424361485549e-10,1.2223973205765375e-10,3543.1806393522834,multi_sweep
NAND,A,multi_4,1.1,1e-15,1e-07,2.0,27.0,7.9706982258656e-05,4.961088827536043e-05,2.1655574498684648e-11,2.7187176380950438e-11,2.4421375439817544e-11,35393.29773886601,multi_sweep
NAND,A,multi_4,1.1,1e-15,2e-07,2.0,27.0,0.0001359006807412,7.62057828912371e-05,1.5737955737918597e-11,2.0311975332407197e-11,1.80249655351629e-11,26123.138456757828,multi_sweep
NAND,A,multi_4,1.1,1e-15,3e-07,2.0,27.0,0.0001898486904047,9.91985932400746e-05,1.358855299433065e-11,1.7840430117724e-11,1.5714491556027326e-11,22774.625443517863,multi_sweep
NAND,A,multi_4,1.1,1e-15,4e-07,2.0,27.0,0.0002412304675545,0.0001212860959464,1.252162349851331e-11,1.661047202233772e-11,1.4566047760425515e-11,21110.214145544225,multi_sweep
NAND,A,multi_4,1.1,1e-15,5e-07,2.0,27.0,0.0002943226812216,0.0001409814957214,1.1906764241505339e-11,1.5877325927586818e-11,1.389204508454608e-11,20133.39867325519,multi_sweep
NAND,A,multi_4,1.1,1.325e-14,1e-07,2.0,27.0,9.670168394674286e-05,7.656214922527233e-05,1.1187604663231179e-10,1.763276823117386e-10,1.4410186447202518e-10,15761.757120265269,multi_sweep
NAND,A,multi_4,1.1,1.325e-14,2e-07,2.0,27.0,0.0001888122146319,0.0001501764949066,6.048064281557778e-11,9.605571001452352e-11,7.826817641505064e-11,8560.91620618547,multi_sweep
NAND,A,multi_4,1.1,1.325e-14,3e-07,2.0,27.0,0.0002787875618339,0.0002167248816611,4.3139007504115105e-11,6.860679217138365e-11,5.587289983774938e-11,6111.337143861021,multi_sweep
NAND,A,multi_4,1.1,1.325e-14,4e-07,2.0,27.0,0.0003663822811477,0.0002832874441213,3.7288701819428406e-11,5.4772665534220526e-11,4.6030683676824466e-11,5034.802699133113,multi_sweep
NAND,A,multi_4,1.1,1.325e-14,5e-07,2.0,27.0,0.0004534837411918,0.0003439021487013,3.2441872500569267e-11,4.672460898005289e-11,3.958324074031108e-11,4329.586080427792,multi_sweep
NAND,A,multi_4,1.1,2.55e-14,1e-07,2.0,27.0,9.804437855287344e-05,7.808034013952138e-05,2.04913090616567e-10,3.3068216695781607e-10,2.6779762878719154e-10,15220.098254458177,multi_sweep
NAND,A,multi_4,1.1,2.55e-14,2e-07,2.0,27.0,0.0001927809183184,0.0001560525047655,1.042392398499643e-10,1.710032492851717e-10,1.37621244567568e-10,7821.61094444831,multi_sweep
NAND,A,multi_4,1.1,2.55e-14,3e-07,2.0,27.0,0.0002850167893281,0.0002306908783314,7.299822928036014e-11,1.1954177306538448e-10,9.627000117287231e-11,5471.44081687254,multi_sweep
NAND,A,multi_4,1.1,2.55e-14,4e-07,2.0,27.0,0.0003770350299597,0.0003023677146003,5.827369461170493e-11,9.202315887871188e-11,7.514842674520841e-11,4271.010329366776,multi_sweep
NAND,A,multi_4,1.1,2.55e-14,5e-07,2.0,27.0,0.0004676826874812,0.0003694987819263,4.711607777203829e-11,7.721784016720935e-11,6.216695896962382e-11,3533.2173327436103,multi_sweep
NAND,A,multi_4,1.1,3.775e-14,1e-07,2.0,27.0,9.836693145074126e-05,7.871049380559778e-05,2.961671578814291e-10,4.784960507776159e-10,3.8733160432952246e-10,14870.202680853155,multi_sweep
NAND,A,multi_4,1.1,3.775e-14,2e-07,2.0,27.0,0.0001938846452228,0.0001583197088292,1.4925653696621939e-10,2.4756471038024005e-10,1.9841062367322976e-10,7617.261682435159,multi_sweep
NAND,A,multi_4,1.1,3.775e-14,3e-07,2.0,27.0,0.0002887712984022,0.000234912953036,1.0307926351483479e-10,1.689375412809622e-10,1.3600840239789848e-10,5221.553024201882,multi_sweep
NAND,A,multi_4,1.1,3.775e-14,4e-07,2.0,27.0,0.0003829000791445,0.0003101633690487,8.001979546364333e-11,1.309404875611554e-10,1.0548014151239936e-10,4049.530339280137,multi_sweep
NAND,A,multi_4,1.1,3.775e-14,5e-07,2.0,27.0,0.0004737316303822,0.0003822630443066,6.516888046766359e-11,1.07441691622301e-10,8.630528604498229e-11,3313.3807868310705,multi_sweep
NAND,A,multi_4,1.1,5e-14,1e-07,2.0,27.0,9.85231002057087e-05,7.910718981507311e-05,3.9267129924339775e-10,6.315702058461422e-10,5.121207525447701e-10,14844.079783906378,multi_sweep
NAND,A,multi_4,1.1,5e-14,2e-07,2.0,27.0,0.000194455241445,0.000159550346846,1.9809582736743458e-10,3.233524335267664e-10,2.607241304471005e-10,7557.2211723797245,multi_sweep
NAND,A,multi_4,1.1,5e-14,3e-07,2.0,27.0,0.0002899774023328,0.000238024189461,1.335812338158005e-10,2.2074299011937417e-10,1.7716211196758736e-10,5135.133680219923,multi_sweep
NAND,A,multi_4,1.1,5e-14,4e-07,2.0,27.0,0.0003849989395021,0.0003146855501633,1.0316453349853719e-10,1.684709939513094e-10,1.358177637249233e-10,3936.746774635458,multi_sweep
NAND,A,multi_4,1.1,5e-14,5e-07,2.0,27.0,0.0004792718968745,0.0003898074649302,8.401104263299911e-11,1.38086508811587e-10,1.1104877572229306e-10,3218.8050933997997,multi_sweep
NAND,A,multi_4,1.2,1e-15,1e-07,2.0,27.0,9.02718499414198e-05,5.59270258262212e-05,2.011423525478796e-11,2.560036026554974e-11,2.285729776016885e-11,33126.51849299834,multi_sweep
NAND,A,multi_4,1.2,1e-15,2e-07,2.0,27.0,0.0001554452915888,8.53882521779111e-05,1.4463995233370069e-11,1.9001694744047398e-11,1.6732844988708737e-11,24250.49998363585,multi_sweep
NAND,A,multi_4,1.2,1e-15,3e-07,2.0,27.0,0.000217592352548,0.0001129646121753,1.2414669119976489e-11,1.660381129945643e-11,1.450924020971646e-11,21027.884361907916,multi_sweep
NAND,A,multi_4,1.2,1e-15,4e-07,2.0,27.0,0.0002780106075841,0.0001390551998493,1.1446507103826398e-11,1.5443586873552758e-11,1.344504698868958e-11,19485.57534592693,multi_sweep
NAND,A,multi_4,1.2,1e-15,5e-07,2.0,27.0,0.0003376100430485,0.0001645552751246,1.082696032056491e-11,1.472981284935699e-11,1.2778386584960951e-11,18519.40084776949,multi_sweep
NAND,A,multi_4,1.2,1.325e-14,1e-07,2.0,27.0,0.0001121502874452,8.899790662717771e-05,1.037191230004454e-10,1.663329038485404e-10,1.350260134244929e-10,14769.047134207593,multi_sweep
NAND,A,multi_4,1.2,1.325e-14,2e-07,2.0,27.0,0.0002206524466531,0.0001738360929335,5.420796759755546e-11,8.897233233472079e-11,7.159014996613813e-11,7830.47853061396,multi_sweep
NAND,A,multi_4,1.2,1.325e-14,3e-07,2.0,27.0,0.0003263345015141,0.0002524201825035,4.0394198742325435e-11,6.329110594086207e-11,5.1842652341593745e-11,5670.511604221358,multi_sweep
NAND,A,multi_4,1.2,1.325e-14,4e-07,2.0,27.0,0.0004284738831973,0.0003263701234768,3.4813062003622305e-11,5.096929484497368e-11,4.2891178424297986e-11,4691.405898200492,multi_sweep
NAND,A,multi_4,1.2,1.325e-14,5e-07,2.0,27.0,0.0005252507889535,0.0003945766716954,3.028087990734069e-11,4.3277318896420225e-11,3.677909940188046e-11,4022.871140484601,multi_sweep
NAND,A,multi_4,1.2,2.55e-14,1e-07,2.0,27.0,0.0001131793625275,9.101148056086432e-05,1.9103804215139058e-10,3.074616446923677e-10,2.492498434218792e-10,14165.947338555226,multi_sweep
NAND,A,multi_4,1.2,2.55e-14,2e-07,2.0,27.0,0.0002236098481022,0.0001814397993211,9.884328006056924e-11,1.600943709090763e-10,1.2946882548482276e-10,7358.27368484358,multi_sweep
NAND,A,multi_4,1.2,2.55e-14,3e-07,2.0,27.0,0.0003326423064215,0.000267655143285,6.699615222264205e-11,1.1071735589752128e-10,8.885675406008166e-11,5050.113899407883,multi_sweep
NAND,A,multi_4,1.2,2.55e-14,4e-07,2.0,27.0,0.0004417304112503,0.000350228301165,5.404600147940239e-11,8.597676468869855e-11,7.001138308405047e-11,3979.049905316879,multi_sweep
NAND,A,multi_4,1.2,2.55e-14,5e-07,2.0,27.0,0.000547146361908,0.0004283250467833,4.34920699722441e-11,7.145472754887233e-11,5.7473398760558206e-11,3266.461992643264,multi_sweep
NAND,A,multi_4,1.2,3.775e-14,1e-07,2.0,27.0,0.0001135789528762,9.176166539934404e-05,2.7695852954556606e-10,4.5073292049668177e-10,3.63845725021124e-10,13968.546886308628,multi_sweep
NAND,A,multi_4,1.2,3.775e-14,2e-07,2.0,27.0,0.0002250285624552,0.0001841978022874,1.4013637667739647e-10,2.282562240783051e-10,1.8419630037785078e-10,7071.55390643443,multi_sweep
NAND,A,multi_4,1.2,3.775e-14,3e-07,2.0,27.0,0.0003355781702371,0.0002739180981174,9.70606650622884e-11,1.560540977253788e-10,1.265573813938336e-10,4858.715093342302,multi_sweep
NAND,A,multi_4,1.2,3.775e-14,4e-07,2.0,27.0,0.0004451485935615,0.0003605004440569,7.422445912416524e-11,1.216451777936238e-10,9.793481845889452e-11,3759.8548213415697,multi_sweep
NAND,A,multi_4,1.2,3.775e-14,5e-07,2.0,27.0,0.0005549462544949,0.0004451654433839,6.195597155922274e-11,9.874859991652119e-11,8.035228573787197e-11,3084.8367688980507,multi_sweep
NAND,A,multi_4,1.2,5e-14,1e-07,2.0,27.0,0.0001137854017916,9.215551804884091e-05,3.667471264052658e-10,5.905722415807412e-10,4.786596839930036e-10,13874.19373892764,multi_sweep
NAND,A,multi_4,1.2,5e-14,2e-07,2.0,27.0,0.0002257507054175,0.0001857753499949,1.8400221524972728e-10,3.025767058298178e-10,2.432894605397725e-10,7051.868421442683,multi_sweep
NAND,A,multi_4,1.2,5e-14,3e-07,2.0,27.0,0.0003371569228269,0.0002768335674073,1.2327083264193408e-10,2.0548242989553517e-10,1.6437663126873462e-10,4764.540036774918,multi_sweep
NAND,A,multi_4,1.2,5e-14,4e-07,2.0,27.0,0.0004478134331852,0.0003664337651377,9.614919101305082e-11,1.5571343075608258e-10,1.2593131088456672e-10,3650.18292419034,multi_sweep
NAND,A,multi_4,1.2,5e-14,5e-07,2.0,27.0,0.00055755884956,0.0004529923306532,7.693502553138332e-11,1.28215870970937e-10,1.0257544825116015e-10,2973.201398584353,multi_sweep
NAND,A,multi_4,1.3,1e-15,1e-07,2.0,27.0,0.0001001527509176,6.230197525183733e-05,1.888846781231214e-11,2.444403884359838e-11,2.166625332795526e-11,31400.367141964147,multi_sweep
NAND,A,multi_4,1.3,1e-15,2e-07,2.0,27.0,0.0001736855570992,9.681222791784056e-05,1.3418242509282329e-11,1.8047144086167208e-11,1.573269329772477e-11,22801.004779311264,multi_sweep
NAND,A,multi_4,1.3,1e-15,3e-07,2.0,27.0,0.0002474555037817,0.0001289433142049,1.152412519235056e-11,1.581446128658037e-11,1.3669293239465464e-11,19810.569912268787,multi_sweep
NAND,A,multi_4,1.3,1e-15,4e-07,2.0,27.0,0.0003171632753831,0.0001600065141637,1.057584088508063e-11,1.4706376698352268e-11,1.264110879171645e-11,18320.44752422674,multi_sweep
NAND,A,multi_4,1.3,1e-15,5e-07,2.0,27.0,0.0003861239047206,0.0001905242378807,9.985192122648188e-12,1.4020231734861939e-11,1.2002711928755064e-11,17395.234679355166,multi_sweep
NAND,A,multi_4,1.3,1.325e-14,1e-07,2.0,27.0,0.0001275647499693,0.0001012610058213,9.765079339348527e-11,1.575755908941324e-10,1.2761319214380883e-10,13958.238134406218,multi_sweep
NAND,A,multi_4,1.3,1.325e-14,2e-07,2.0,27.0,0.0002520740227869,0.0001978459635292,5.173806572073739e-11,8.355203162935259e-11,6.764504867504499e-11,7398.966220951053,multi_sweep
NAND,A,multi_4,1.3,1.325e-14,3e-07,2.0,27.0,0.0003724775197398,0.0002855700195487,3.883722397130267e-11,5.979782725701221e-11,4.931752561415744e-11,5394.315079481263,multi_sweep
NAND,A,multi_4,1.3,1.325e-14,4e-07,2.0,27.0,0.0004888722577696,0.0003688294809472,3.2827830557918666e-11,4.792720013351005e-11,4.037751534571436e-11,4416.463259033565,multi_sweep
NAND,A,multi_4,1.3,1.325e-14,5e-07,2.0,27.0,0.0005991906626173,0.0004415508448865,2.858004889074329e-11,4.084118679014607e-11,3.471061784044468e-11,3796.6221318506623,multi_sweep
NAND,A,multi_4,1.3,2.55e-14,1e-07,2.0,27.0,0.0001288944877618,0.0001038456063155,1.799593401400816e-10,2.924905935836777e-10,2.3622496686187957e-10,13425.687232843404,multi_sweep
NAND,A,multi_4,1.3,2.55e-14,2e-07,2.0,27.0,0.0002559182036583,0.0002067548545588,9.207036756809548e-11,1.5055867291629558e-10,1.213145202421955e-10,6894.8292266095805,multi_sweep
NAND,A,multi_4,1.3,2.55e-14,3e-07,2.0,27.0,0.0003816117007957,0.0003052152485448,6.503989181786727e-11,1.0395744778466159e-10,8.449866980126443e-11,4802.425109477946,multi_sweep
NAND,A,multi_4,1.3,2.55e-14,4e-07,2.0,27.0,0.0005057128289081,0.0003978242110075,5.063618069614867e-11,8.122648670462949e-11,6.593133370038909e-11,3747.163040658658,multi_sweep
NAND,A,multi_4,1.3,2.55e-14,5e-07,2.0,27.0,0.0006269172479444,0.0004870466683654,4.27030793488872e-11,6.697829762399275e-11,5.4840688486439965e-11,3116.833673568626,multi_sweep
NAND,A,multi_4,1.3,3.775e-14,1e-07,2.0,27.0,0.0001293778398751,0.0001047627076179,2.6075882026853457e-10,4.2669206241238657e-10,3.4372544134046057e-10,13196.10102084502,multi_sweep
NAND,A,multi_4,1.3,3.775e-14,2e-07,2.0,27.0,0.000257622807807,0.0002102860788517,1.32862976132335e-10,2.1633415263660537e-10,1.7459856438447018e-10,6703.083381686159,multi_sweep
NAND,A,multi_4,1.3,3.775e-14,3e-07,2.0,27.0,0.0003846906907293,0.0003122038773517,9.083603672805464e-11,1.476430070747623e-10,1.1923952190140846e-10,4577.772220036797,multi_sweep
NAND,A,multi_4,1.3,3.775e-14,4e-07,2.0,27.0,0.0005104156214263,0.0004110018227014,7.086692278439222e-11,1.1420707320942659e-10,9.253699799690939e-11,3552.624935095861,multi_sweep
NAND,A,multi_4,1.3,3.775e-14,5e-07,2.0,27.0,0.0006365768411878,0.0005059221565426,5.691663601374649e-11,9.32467035909313e-11,7.50816698023389e-11,2882.4904425506825,multi_sweep
NAND,A,multi_4,1.3,5e-14,1e-07,2.0,27.0,0.0001296279539332,0.000105260603163,3.460758942616806e-10,5.62536728407847e-10,4.5430631133476377e-10,13168.298879268516,multi_sweep
NAND,A,multi_4,1.3,5e-14,2e-07,2.0,27.0,0.000258510973587,0.0002120411301792,1.731536119511504e-10,2.848958501485327e-10,2.2902473104984156e-10,6638.398001444682,multi_sweep
NAND,A,multi_4,1.3,5e-14,3e-07,2.0,27.0,0.0003865809669894,0.0003158120607535,1.1552729445461989e-10,1.931818066110406e-10,1.5435455053283024e-10,4474.044942980587,multi_sweep
NAND,A,multi_4,1.3,5e-14,4e-07,2.0,27.0,0.000514572576768,0.0004173239282173,8.821053119311303e-11,1.4721365243794518e-10,1.1771209181552913e-10,3411.944690305192,multi_sweep
NAND,A,multi_4,1.3,5e-14,5e-07,2.0,27.0,0.0006396278291542,0.0005165782225057,7.228966593144343e-11,1.2030194694986979e-10,9.629580644065664e-11,2791.182795381352,multi_sweep
NAND,B,multi_4,0.9,1e-15,1e-07,2.0,27.0,5.69269613199923e-05,5.520576651271224e-05,2.855298686905991e-11,3.529818379014222e-11,3.1925585329601066e-11,46268.96424579865,multi_sweep
NAND,B,multi_4,0.9,1e-15,2e-07,2.0,27.0,0.0001020494595454,9.769883095262244e-05,2.198881641920912e-11,2.677145242172174e-11,2.4380134420465428e-11,35333.528145602075,multi_sweep
NAND,B,multi_4,0.9,1e-15,3e-07,2.0,27.0,0.0001451782262616,0.0001410575246618,1.957125150499324e-11,2.378044437749066e-11,2.167584794124195e-11,31414.272378611524,multi_sweep
NAND,B,multi_4,0.9,1e-15,4e-07,2.0,27.0,0.0001853655991812,0.0001834648751317,1.8454249787090928e-11,2.240018313189297e-11,2.0427216459491947e-11,29604.66153549558,multi_sweep
NAND,B,multi_4,0.9,1e-15,5e-07,2.0,27.0,0.0002260515235608,0.0002257463701916,1.775896580658505e-11,2.153477226378983e-11,1.964686903518744e-11,28473.72323940209,multi_sweep
NAND,B,multi_4,0.9,1.325e-14,1e-07,2.0,27.0,6.575285814353955e-05,5.670712720022717e-05,1.392245643279975e-10,2.1807032864357788e-10,1.7864744648578767e-10,19540.3277534359,multi_sweep
NAND,B,multi_4,0.9,1.325e-14,2e-07,2.0,27.0,0.0001272762147239,0.0001141170020549,7.577282324857669e-11,1.20288247712246e-10,9.803053548041134e-11,10722.508666164764,multi_sweep
NAND,B,multi_4,0.9,1.325e-14,3e-07,2.0,27.0,0.0001879438416121,0.0001711989148836,5.6917008776460864e-11,8.697937988690431e-11,7.19481943316826e-11,7869.64116288571,multi_sweep
NAND,B,multi_4,0.9,1.325e-14,4e-07,2.0,27.0,0.0002471228095246,0.0002271200220116,4.685921329439897e-11,6.986966418889021e-11,5.836443874164459e-11,6383.859856893037,multi_sweep
NAND,B,multi_4,0.9,1.325e-14,5e-07,2.0,27.0,0.0003045860275315,0.000289172497539,4.093710523258074e-11,5.998638532877394e-11,5.0461745280677334e-11,5519.468994331675,multi_sweep
NAND,B,multi_4,0.9,2.55e-14,1e-07,2.0,27.0,6.633922041957992e-05,5.690034100146531e-05,2.538483601797815e-10,4.006547367097244e-10,3.2725154844475296e-10,18599.121821242,multi_sweep
NAND,B,multi_4,0.9,2.55e-14,2e-07,2.0,27.0,0.0001290529748633,0.0001151752092875,1.30997775088085e-10,2.1346090189346857e-10,1.7222933849077678e-10,9788.53870365313,multi_sweep
NAND,B,multi_4,0.9,2.55e-14,3e-07,2.0,27.0,0.0001914134211132,0.0001728724584696,9.234171924629404e-11,1.5012274372442008e-10,1.2123223148535707e-10,6890.152400418136,multi_sweep
NAND,B,multi_4,0.9,2.55e-14,4e-07,2.0,27.0,0.0002530550446647,0.0002299461264808,7.26468422150186e-11,1.16075452178027e-10,9.436114719652279e-11,5362.952384002433,multi_sweep
NAND,B,multi_4,0.9,2.55e-14,5e-07,2.0,27.0,0.0003139514991311,0.0002874353443294,6.287103575943697e-11,9.776585623796553e-11,8.031844599870126e-11,4564.844899045256,multi_sweep
NAND,B,multi_4,0.9,3.775e-14,1e-07,2.0,27.0,6.655032926941741e-05,5.696078403545589e-05,3.62841602598145e-10,5.774011498395419e-10,4.701213762188433e-10,18048.61795638136,multi_sweep
NAND,B,multi_4,0.9,3.775e-14,2e-07,2.0,27.0,0.0001296926884925,0.0001155281897071,1.865897718320734e-10,3.0368778517009575e-10,2.4513877850108456e-10,9411.22098094192,multi_sweep
NAND,B,multi_4,0.9,3.775e-14,3e-07,2.0,27.0,0.0001927252780058,0.0001736820204086,1.294467436413634e-10,2.10371819824611e-10,1.6990928173298718e-10,6523.055254169775,multi_sweep
NAND,B,multi_4,0.9,3.775e-14,4e-07,2.0,27.0,0.0002552434946113,0.0002314410376521,1.0006431959108279e-10,1.64046762809706e-10,1.3205554120039442e-10,5069.797147534098,multi_sweep
NAND,B,multi_4,0.9,3.775e-14,5e-07,2.0,27.0,0.0003172969766987,0.0002888088295678,8.355114108188224e-11,1.357814549465799e-10,1.0966629801423105e-10,4210.242749370615,multi_sweep
NAND,B,multi_4,0.9,5e-14,1e-07,2.0,27.0,6.665890504900789e-05,5.703864062310182e-05,4.798442255463681e-10,7.642829837058178e-10,6.220636046260928e-10,18030.8291195969,multi_sweep
NAND,B,multi_4,0.9,5e-14,2e-07,2.0,27.0,0.0001300220426366,0.0001157148474204,2.434514904710837e-10,3.9970763950503817e-10,3.2157956498806096e-10,9321.146811248143,multi_sweep
NAND,B,multi_4,0.9,5e-14,3e-07,2.0,27.0,0.0001934375242674,0.0001741312079726,1.6515049946622379e-10,2.751992344525496e-10,2.2017486695938667e-10,6381.880201721354,multi_sweep
NAND,B,multi_4,0.9,5e-14,4e-07,2.0,27.0,0.0002564007682445,0.0002322749612359,1.282854232369604e-10,2.0977128356098077e-10,1.690283533989706e-10,4899.372562289003,multi_sweep
NAND,B,multi_4,0.9,5e-14,5e-07,2.0,27.0,0.0003190435332663,0.0002899304799578,1.043399917174716e-10,1.722686632893711e-10,1.3830432750342135e-10,4008.8210870556914,multi_sweep
NAND,B,multi_4,1.0,1e-15,1e-07,2.0,27.0,6.791453765157391e-05,6.56206039889573e-05,2.5992005086607018e-11,3.141861272595892e-11,2.8705308906282973e-11,41601.8969656275,multi_sweep
NAND,B,multi_4,1.0,1e-15,2e-07,2.0,27.0,0.0001212669627716,0.000114625833257,1.968981278403987e-11,2.341521379095621e-11,2.155251328749804e-11,31235.52650362035,multi_sweep
NAND,B,multi_4,1.0,1e-15,3e-07,2.0,27.0,0.0001721204410926,0.0001628196539307,1.739387241744997e-11,2.052257710883063e-11,1.89582247631403e-11,27475.68806252217,multi_sweep
NAND,B,multi_4,1.0,1e-15,4e-07,2.0,27.0,0.0002215725267353,0.0002118051016288,1.6349869802675538e-11,1.923297122215723e-11,1.7791420512416385e-11,25784.66740929911,multi_sweep
NAND,B,multi_4,1.0,1e-15,5e-07,2.0,27.0,0.0002703015331433,0.0002604825536088,1.5700973262262438e-11,1.8434974257335158e-11,1.7067973759798798e-11,24736.193854780875,multi_sweep
NAND,B,multi_4,1.0,1.325e-14,1e-07,2.0,27.0,8.049358212780678e-05,6.943941745506133e-05,1.2310594618304489e-10,1.9640831421870657e-10,1.5975713020087576e-10,17474.118698482445,multi_sweep
NAND,B,multi_4,1.0,1.325e-14,2e-07,2.0,27.0,0.000157012962258,0.0001396943395484,6.86153503874641e-11,1.0696898347211019e-10,8.779216692978716e-11,9602.643361201768,multi_sweep
NAND,B,multi_4,1.0,1.325e-14,3e-07,2.0,27.0,0.0002320475429647,0.0002086943913774,5.0990783526276536e-11,7.633503414949089e-11,6.366290883788371e-11,6963.40266206002,multi_sweep
NAND,B,multi_4,1.0,1.325e-14,4e-07,2.0,27.0,0.0003048174660915,0.0002762006144693,4.213257266577089e-11,6.197441774093229e-11,5.205349520335159e-11,5693.573443079202,multi_sweep
NAND,B,multi_4,1.0,1.325e-14,5e-07,2.0,27.0,0.0003754738788935,0.0003499515262823,3.6827279889075536e-11,5.279045463661774e-11,4.480886726284664e-11,4901.161308487464,multi_sweep
NAND,B,multi_4,1.0,2.55e-14,1e-07,2.0,27.0,8.124942859349718e-05,6.987848165948522e-05,2.257813687136549e-10,3.598057030923197e-10,2.927935359029873e-10,16640.72383648692,multi_sweep
NAND,B,multi_4,1.0,2.55e-14,2e-07,2.0,27.0,0.000159531995101,0.0001412328517083,1.168592230633292e-10,1.8819773883679468e-10,1.5252848095006195e-10,8668.853705601705,multi_sweep
NAND,B,multi_4,1.0,2.55e-14,3e-07,2.0,27.0,0.0002371678910013,0.0002116702043118,8.211152247030127e-11,1.325279138193313e-10,1.0731971814481627e-10,6099.444054834687,multi_sweep
NAND,B,multi_4,1.0,2.55e-14,4e-07,2.0,27.0,0.0003136389110687,0.0002812572313245,6.51751070864849e-11,1.0354457465020359e-10,8.435984086834427e-11,4794.534860377623,multi_sweep
NAND,B,multi_4,1.0,2.55e-14,5e-07,2.0,27.0,0.0003885450459228,0.0003508390510637,5.639127748772836e-11,8.571431336026207e-11,7.105279542399521e-11,4038.237875759888,multi_sweep
NAND,B,multi_4,1.0,3.775e-14,1e-07,2.0,27.0,8.153782491254787e-05,7.00003575894691e-05,3.25542338531018e-10,5.212727768886884e-10,4.2340755770985326e-10,16255.20904923134,multi_sweep
NAND,B,multi_4,1.0,3.775e-14,2e-07,2.0,27.0,0.0001604625858058,0.0001418716375735,1.6651858859488118e-10,2.7437550979408377e-10,2.2044704919448249e-10,8463.27091638286,multi_sweep
NAND,B,multi_4,1.0,3.775e-14,3e-07,2.0,27.0,0.0002390320326212,0.000213068730761,1.1491777707734289e-10,1.866519223333361e-10,1.507848497053395e-10,5788.841528182725,multi_sweep
NAND,B,multi_4,1.0,3.775e-14,4e-07,2.0,27.0,0.0003168963865068,0.0002836228948715,8.973327884658679e-11,1.4611214999151048e-10,1.1792271441904866e-10,4527.218136828818,multi_sweep
NAND,B,multi_4,1.0,3.775e-14,5e-07,2.0,27.0,0.0003939441565849,0.0003533843871292,7.395359179055631e-11,1.186425400193077e-10,9.6298065904932e-11,3697.017598807257,multi_sweep
NAND,B,multi_4,1.0,5e-14,1e-07,2.0,27.0,8.168610839206684e-05,7.001708386067981e-05,4.29186833878714e-10,6.877315791895714e-10,5.584592065341428e-10,16187.22337780124,multi_sweep
NAND,B,multi_4,1.0,5e-14,2e-07,2.0,27.0,0.0001609421387361,0.0001421978803863,2.1631324553375057e-10,3.522151133896891e-10,2.8426417946171983e-10,8239.54143367304,multi_sweep
NAND,B,multi_4,1.0,5e-14,3e-07,2.0,27.0,0.0002400088285936,0.0002138153273004,1.4800186580901678e-10,2.4399959434539066e-10,1.9600073007720376e-10,5681.180581947935,multi_sweep
NAND,B,multi_4,1.0,5e-14,4e-07,2.0,27.0,0.0003185907002806,0.0002848942238066,1.138786673018296e-10,1.8588995613961988e-10,1.4988431172072476e-10,4344.472803499269,multi_sweep
NAND,B,multi_4,1.0,5e-14,5e-07,2.0,27.0,0.0003965813085923,0.0003555458935248,9.401109517499189e-11,1.539652345333514e-10,1.2398816485417162e-10,3593.8598508455552,multi_sweep
NAND,B,multi_4,1.1,1e-15,1e-07,2.0,27.0,7.869095001726003e-05,7.369902699648385e-05,2.398625821875457e-11,2.8662442705002497e-11,2.6324350461878532e-11,38151.23255344715,multi_sweep
NAND,B,multi_4,1.1,1e-15,2e-07,2.0,27.0,0.0001407714750249,0.0001304341112986,1.793221043685919e-11,2.095752730299566e-11,1.9444868869927425e-11,28180.969376706413,multi_sweep
NAND,B,multi_4,1.1,1e-15,3e-07,2.0,27.0,0.0001995435594681,0.0001855082141871,1.577256520194125e-11,1.822787901762326e-11,1.7000222109782252e-11,24638.00305765544,multi_sweep
NAND,B,multi_4,1.1,1e-15,4e-07,2.0,27.0,0.000256328532668,0.0002409010406692,1.480352104031234e-11,1.701542401948099e-11,1.5909472529896665e-11,23057.20656506763,multi_sweep
NAND,B,multi_4,1.1,1e-15,5e-07,2.0,27.0,0.0003127320733857,0.0002956708036555,1.420795545925997e-11,1.627059208981508e-11,1.5239273774537524e-11,22085.90402106888,multi_sweep
NAND,B,multi_4,1.1,1.325e-14,1e-07,2.0,27.0,9.552337214924908e-05,8.242765325712803e-05,1.1222076052835948e-10,1.7890769978358827e-10,1.4556423015597389e-10,15921.709615091486,multi_sweep
NAND,B,multi_4,1.1,1.325e-14,2e-07,2.0,27.0,0.000187475435505,0.0001654498960239,6.247303591727678e-11,9.749567495647456e-11,7.998435543687568e-11,8748.630619291844,multi_sweep
NAND,B,multi_4,1.1,1.325e-14,3e-07,2.0,27.0,0.0002764865165121,0.0002467178093087,4.6860312842598225e-11,6.981553881459275e-11,5.833792582859549e-11,6380.9598937484825,multi_sweep
NAND,B,multi_4,1.1,1.325e-14,4e-07,2.0,27.0,0.0003632401008373,0.0003321920373601,3.8708154817771196e-11,5.5810724740505025e-11,4.725943977913812e-11,5169.203147841196,multi_sweep
NAND,B,multi_4,1.1,1.325e-14,5e-07,2.0,27.0,0.0004474219552148,0.0004106368661417,3.3843042657365126e-11,4.764069206875558e-11,4.074186736306036e-11,4456.315817671355,multi_sweep
NAND,B,multi_4,1.1,2.55e-14,1e-07,2.0,27.0,9.649191141458284e-05,8.312604202834645e-05,2.0507704635609207e-10,3.2957278257441986e-10,2.67324914465256e-10,15193.23185366616,multi_sweep
NAND,B,multi_4,1.1,2.55e-14,2e-07,2.0,27.0,0.0001908025405946,0.0001679050730704,1.073707266444583e-10,1.7417248462290848e-10,1.4077160563368338e-10,8000.659598390646,multi_sweep
NAND,B,multi_4,1.1,2.55e-14,3e-07,2.0,27.0,0.0002839819563554,0.0002512631689802,7.495734265706425e-11,1.194344317973939e-10,9.719588722722908e-11,5524.062928515436,multi_sweep
NAND,B,multi_4,1.1,2.55e-14,4e-07,2.0,27.0,0.000375461959432,0.0003333579183684,5.967375774438545e-11,9.413745150550868e-11,7.690560462494707e-11,4370.878353222341,multi_sweep
NAND,B,multi_4,1.1,2.55e-14,5e-07,2.0,27.0,0.0004647508733214,0.0004152463840083,5.1491453419306816e-11,7.824512310080935e-11,6.486828826005809e-11,3686.7455674940666,multi_sweep
NAND,B,multi_4,1.1,3.775e-14,1e-07,2.0,27.0,9.686418854047368e-05,8.330336915272496e-05,2.9949754686855936e-10,4.84549346895751e-10,3.920234468821552e-10,15050.329086559374,multi_sweep
NAND,B,multi_4,1.1,3.775e-14,2e-07,2.0,27.0,0.0001920010830905,0.0001687950037531,1.5314094621914358e-10,2.495393597655249e-10,2.0134015299233424e-10,7729.730415292612,multi_sweep
NAND,B,multi_4,1.1,3.775e-14,3e-07,2.0,27.0,0.0002865861932994,0.0002532951987663,1.0493730446395609e-10,1.7145496253079101e-10,1.3819613349737355e-10,5305.543084648184,multi_sweep
NAND,B,multi_4,1.1,3.775e-14,4e-07,2.0,27.0,0.0003799774438632,0.0003367398722429,8.154973449064136e-11,1.318754849301055e-10,1.0671260971037343e-10,4096.846519258027,multi_sweep
NAND,B,multi_4,1.1,3.775e-14,5e-07,2.0,27.0,0.0004722402849658,0.0004191017597605,6.748018090760513e-11,1.0839961161581119e-10,8.793989626170817e-11,3376.1357620388976,multi_sweep
NAND,B,multi_4,1.1,5e-14,1e-07,2.0,27.0,9.706509705802302e-05,8.339236009803667e-05,3.913907435616112e-10,6.308127634174559e-10,5.111017534895334e-10,14814.54357940677,multi_sweep
NAND,B,multi_4,1.1,5e-14,2e-07,2.0,27.0,0.0001926321457584,0.0001691797259137,1.9432965284257969e-10,3.2645945672391417e-10,2.60394554783247e-10,7547.66825458687,multi_sweep
NAND,B,multi_4,1.1,5e-14,3e-07,2.0,27.0,0.0002879325145161,0.0002543698492259,1.359203209378552e-10,2.2089158866856957e-10,1.784059548032124e-10,5171.187095745287,multi_sweep
NAND,B,multi_4,1.1,5e-14,4e-07,2.0,27.0,0.0003823241709248,0.0003387081499206,1.03992200924503e-10,1.7046354872466138e-10,1.3722787482458218e-10,3977.619560132817,multi_sweep
NAND,B,multi_4,1.1,5e-14,5e-07,2.0,27.0,0.0004758775462026,0.0004222145508561,8.552435051022948e-11,1.39308465034393e-10,1.1241640777231124e-10,3258.446602095978,multi_sweep
NAND,B,multi_4,1.2,1e-15,1e-07,2.0,27.0,8.988383516443356e-05,8.238398131962333e-05,2.2401604544378848e-11,2.6961550893518177e-11,2.468157771894852e-11,35770.40249122973,multi_sweep
NAND,B,multi_4,1.2,1e-15,2e-07,2.0,27.0,0.0001611558337829,0.0001465133068791,1.6588399547771e-11,1.940566859936318e-11,1.7997034073567088e-11,26082.658077633467,multi_sweep
NAND,B,multi_4,1.2,1e-15,3e-07,2.0,27.0,0.0002311100630102,0.0002077790171384,1.456290900015695e-11,1.682893573338179e-11,1.569592236676937e-11,22747.713575028072,multi_sweep
NAND,B,multi_4,1.2,1e-15,4e-07,2.0,27.0,0.0002939862603951,0.0002683792560744,1.3662318147076269e-11,1.567402017521911e-11,1.4668169161147688e-11,21258.216175576366,multi_sweep
NAND,B,multi_4,1.2,1e-15,5e-07,2.0,27.0,0.0003577140419927,0.0003277213949574,1.310963699324089e-11,1.497336296468777e-11,1.404149997896433e-11,20349.999969513523,multi_sweep
NAND,B,multi_4,1.2,1.325e-14,1e-07,2.0,27.0,0.0001108458861489,9.57814226607748e-05,1.066850633938758e-10,1.6876034389866348e-10,1.3772270364626963e-10,15064.009149168134,multi_sweep
NAND,B,multi_4,1.2,1.325e-14,2e-07,2.0,27.0,0.0002182373714893,0.0001914314882997,5.7923010143376564e-11,9.011558794982136e-11,7.401929904659897e-11,8096.177090139347,multi_sweep
NAND,B,multi_4,1.2,1.325e-14,3e-07,2.0,27.0,0.0003223473214797,0.0002850078081216,4.368077508738733e-11,6.466849547148421e-11,5.4174635279435775e-11,5925.582201743044,multi_sweep
NAND,B,multi_4,1.2,1.325e-14,4e-07,2.0,27.0,0.0004230799734289,0.0003817986026534,3.6085010629598516e-11,5.1794711308239874e-11,4.3939860968919195e-11,4806.110032148669,multi_sweep
NAND,B,multi_4,1.2,1.325e-14,5e-07,2.0,27.0,0.0005203073210842,0.0004706073384124,3.158882800570296e-11,4.410456850214111e-11,3.7846698253922034e-11,4139.644326379223,multi_sweep
NAND,B,multi_4,1.2,2.55e-14,1e-07,2.0,27.0,0.000112039248598,9.646114953200254e-05,1.892652192124272e-10,3.1100551952973706e-10,2.501353693710821e-10,14216.27561074636,multi_sweep
NAND,B,multi_4,1.2,2.55e-14,2e-07,2.0,27.0,0.0002225760060571,0.0001948114564575,1.0044569246351019e-10,1.6242148062588447e-10,1.3143358654469734e-10,7469.939559232587,multi_sweep
NAND,B,multi_4,1.2,2.55e-14,3e-07,2.0,27.0,0.0003316202412993,0.0002911577122226,6.997218521507237e-11,1.1152842738045109e-10,9.075030629776174e-11,5157.732668244487,multi_sweep
NAND,B,multi_4,1.2,2.55e-14,4e-07,2.0,27.0,0.00043842311538,0.0003855974398663,5.4990720335335225e-11,8.717940016318361e-11,7.108506024925943e-11,4040.07162541969,multi_sweep
NAND,B,multi_4,1.2,2.55e-14,5e-07,2.0,27.0,0.0005424714303992,0.000479968032973,4.798378271401594e-11,7.266128324148957e-11,6.032253297775276e-11,3428.390621071484,multi_sweep
NAND,B,multi_4,1.2,3.775e-14,1e-07,2.0,27.0,0.0001124963307256,9.682732155043051e-05,2.7881151062022467e-10,4.5022860742914066e-10,3.6452005902468267e-10,13994.435512992908,multi_sweep
NAND,B,multi_4,1.2,3.775e-14,2e-07,2.0,27.0,0.0002241087537668,0.000196007583381,1.4309308092404037e-10,2.3226453481444048e-10,1.8767880786924043e-10,7205.252245675803,multi_sweep
NAND,B,multi_4,1.2,3.775e-14,3e-07,2.0,27.0,0.0003349316335051,0.000293875550825,9.804589100842764e-11,1.5999115873211467e-10,1.2901852487027118e-10,4953.201837806746,multi_sweep
NAND,B,multi_4,1.2,3.775e-14,4e-07,2.0,27.0,0.000444175953218,0.0003902383959913,7.538347495750614e-11,1.217297097967099e-10,9.855659237710804e-11,3783.725592748173,multi_sweep
NAND,B,multi_4,1.2,3.775e-14,5e-07,2.0,27.0,0.0005519790714312,0.0004853167368769,6.278398668338734e-11,1.0079964366345379e-10,8.179181517342055e-11,3140.102319739729,multi_sweep
NAND,B,multi_4,1.2,5e-14,1e-07,2.0,27.0,0.0001127311975456,9.696681097619728e-05,3.6399246746312355e-10,5.956806868498915e-10,4.798365771565075e-10,13908.3065842466,multi_sweep
NAND,B,multi_4,1.2,5e-14,2e-07,2.0,27.0,0.0002249721398843,0.0001966918160683,1.808229485543603e-10,3.036435962757358e-10,2.4223327241504803e-10,7021.254272899943,multi_sweep
NAND,B,multi_4,1.2,5e-14,3e-07,2.0,27.0,0.0003366436883091,0.0002953522727783,1.263140547566961e-10,2.0428749167458177e-10,1.6530077321563894e-10,4791.326759873593,multi_sweep
NAND,B,multi_4,1.2,5e-14,4e-07,2.0,27.0,0.0004471641975244,0.000392972557814,9.704721000748511e-11,1.58941387509339e-10,1.2799429875841202e-10,3709.979674156872,multi_sweep
NAND,B,multi_4,1.2,5e-14,5e-07,2.0,27.0,0.000556620529441,0.0004893566163673,7.909871775466119e-11,1.286029233882115e-10,1.0385082057143634e-10,3010.1687122155463,multi_sweep
NAND,B,multi_4,1.3,1e-15,1e-07,2.0,27.0,0.0001019398681773,9.16410575073026e-05,2.1131185639973628e-11,2.5432518987507398e-11,2.328185231374052e-11,33741.814947450024,multi_sweep
NAND,B,multi_4,1.3,1e-15,2e-07,2.0,27.0,0.000183407855608,0.0001619897881754,1.5550673315226878e-11,1.812585832983299e-11,1.6838265822529935e-11,24403.283800768026,multi_sweep
NAND,B,multi_4,1.3,1e-15,3e-07,2.0,27.0,0.0002621606961458,0.0002279017139257,1.364190418361748e-11,1.573126252240098e-11,1.4686583353009228e-11,21284.903410158306,multi_sweep
NAND,B,multi_4,1.3,1e-15,4e-07,2.0,27.0,0.0003388191125894,0.00029177690656,1.2760167281821639e-11,1.465927243058739e-11,1.3709719856204516e-11,19869.1592118906,multi_sweep
NAND,B,multi_4,1.3,1e-15,5e-07,2.0,27.0,0.0004142260290199,0.0003601686127714,1.2188625970600198e-11,1.3995865947611739e-11,1.3092245959105969e-11,18974.26950595068,multi_sweep
NAND,B,multi_4,1.3,1.325e-14,1e-07,2.0,27.0,0.0001262637529612,0.0001089128705361,1.0009769588752989e-10,1.584513404071265e-10,1.2927451814732818e-10,14139.952764268875,multi_sweep
NAND,B,multi_4,1.3,1.325e-14,2e-07,2.0,27.0,0.0002494616957857,0.0002171537407795,5.372486399799286e-11,8.480873493766087e-11,6.926679946782686e-11,7576.352143049151,multi_sweep
NAND,B,multi_4,1.3,1.325e-14,3e-07,2.0,27.0,0.0003682591529259,0.0003279918791318,4.119729784588788e-11,6.029231113975744e-11,5.074480449282266e-11,5550.429805066739,multi_sweep
NAND,B,multi_4,1.3,1.325e-14,4e-07,2.0,27.0,0.0004828141044869,0.0004307843343126,3.4003365084006475e-11,4.850014343797789e-11,4.1251754260992186e-11,4512.0868756896025,multi_sweep
NAND,B,multi_4,1.3,1.325e-14,5e-07,2.0,27.0,0.0005927341578514,0.000529457177586,2.980060472241736e-11,4.1317585162490856e-11,3.555909494245411e-11,3889.427940109829,multi_sweep
NAND,B,multi_4,1.3,2.55e-14,1e-07,2.0,27.0,0.0001277286764705,0.0001099956188315,1.816821934624434e-10,2.9264924858188976e-10,2.371657210221666e-10,13479.154363294496,multi_sweep
NAND,B,multi_4,1.3,2.55e-14,2e-07,2.0,27.0,0.0002546636943451,0.0002216094455554,9.425417861299281e-11,1.5240455616753618e-10,1.2332936739026452e-10,7009.3417101599625,multi_sweep
NAND,B,multi_4,1.3,2.55e-14,3e-07,2.0,27.0,0.0003792087755927,0.0003309582146731,6.59124376276079e-11,1.0500839369166349e-10,8.546041565963569e-11,4857.085288981853,multi_sweep
NAND,B,multi_4,1.3,2.55e-14,4e-07,2.0,27.0,0.0005009758967386,0.0004378444861952,5.1825550752836146e-11,8.176904035872598e-11,6.679729555578105e-11,3796.379400726404,multi_sweep
NAND,B,multi_4,1.3,2.55e-14,5e-07,2.0,27.0,0.0006208176400025,0.0005447806123075,4.5333797380349046e-11,6.796399501877239e-11,5.664889619956072e-11,3219.60194370905,multi_sweep
NAND,B,multi_4,1.3,3.775e-14,1e-07,2.0,27.0,0.0001282536771712,0.0001103579095556,2.6420725694442336e-10,4.2947501409388715e-10,3.4684113551915525e-10,13315.716883353696,multi_sweep
NAND,B,multi_4,1.3,3.775e-14,2e-07,2.0,27.0,0.0002565398393645,0.0002233235049798,1.35272765973393e-10,2.1693745436041008e-10,1.7610511016690156e-10,6760.9217839294215,multi_sweep
NAND,B,multi_4,1.3,3.775e-14,3e-07,2.0,27.0,0.0003834738645912,0.0003345080350774,9.256321504591172e-11,1.488299279811665e-10,1.2069657151353908e-10,4633.710394991424,multi_sweep
NAND,B,multi_4,1.3,3.775e-14,4e-07,2.0,27.0,0.0005084284292825,0.0004440213255064,7.135646706415345e-11,1.15052909451886e-10,9.320468825801971e-11,3578.258499204137,multi_sweep
NAND,B,multi_4,1.3,3.775e-14,5e-07,2.0,27.0,0.0006314716409301,0.0005516277613063,5.910772463126678e-11,9.406811394945027e-11,7.658791929035853e-11,2940.317469636569,multi_sweep
NAND,B,multi_4,1.3,5e-14,1e-07,2.0,27.0,0.0001285237186046,0.0001105784869795,3.439410866510129e-10,5.617450201990385e-10,4.5284305342502565e-10,13125.885606522485,multi_sweep
NAND,B,multi_4,1.3,5e-14,2e-07,2.0,27.0,0.0002575075268867,0.0002241936058674,1.737669048969445e-10,2.8679209604595947e-10,2.30279500471452e-10,6674.768129607304,multi_sweep
NAND,B,multi_4,1.3,5e-14,3e-07,2.0,27.0,0.0003856797158829,0.0003365231896464,1.192159541568302e-10,1.9509389760206958e-10,1.5715492587944989e-10,4555.215242882606,multi_sweep
NAND,B,multi_4,1.3,5e-14,4e-07,2.0,27.0,0.0005123188470338,0.000447341383312,9.169678784055358e-11,1.477304256672105e-10,1.1971360675388204e-10,3469.959616054552,multi_sweep
NAND,B,multi_4,1.3,5e-14,5e-07,2.0,27.0,0.0006375010793932,0.0005558717503818,7.351818202249478e-11,1.2090242077823708e-10,9.721030140036593e-11,2817.689895662781,multi_sweep
NAND,A,multi_5,1.0,1e-15,1e-07,2.0,27.0,6.879281150208653e-05,4.422765022697735e-05,2.354314449410373e-11,2.9226117561026526e-11,2.638463102756513e-11,38238.59569212338,multi_sweep
NAND,A,multi_5,1.0,1e-15,1e-07,2.5,27.0,6.99933722625562e-05,4.901370317624252e-05,2.061976944533971e-11,3.0322376773357657e-11,2.5471073109348685e-11,36914.598709201,multi_sweep
NAND,A,multi_5,1.0,1e-15,1e-07,3.0,27.0,7.126872372792851e-05,5.422361342424381e-05,1.887018389135904e-11,3.208299135733146e-11,2.547658762434525e-11,36922.590759920655,multi_sweep
NAND,A,multi_5,1.0,1e-15,1e-07,3.5,27.0,7.22040530931633e-05,5.931222135584995e-05,1.747275933668742e-11,3.3760825516302925e-11,2.5616792426495174e-11,37125.78612535533,multi_sweep
NAND,A,multi_5,1.0,1e-15,1e-07,4.0,27.0,7.316874125922433e-05,6.366648311185552e-05,1.6387062526646258e-11,3.536688638681517e-11,2.587697445673072e-11,37502.86153149379,multi_sweep
NAND,A,multi_5,1.0,1e-15,2e-07,2.0,27.0,0.000118491094283,6.677905548048856e-05,1.739137307327436e-11,2.219428630545713e-11,1.9792829689365742e-11,28685.260419370643,multi_sweep
NAND,A,multi_5,1.0,1e-15,2e-07,2.5,27.0,0.0001244532260659,7.403046471089206e-05,1.5692177085971498e-11,2.412133334421351e-11,1.9906755215092505e-11,28850.36987694566,multi_sweep
NAND,A,multi_5,1.0,1e-15,2e-07,3.0,27.0,0.0001296034887307,8.173631994990181e-05,1.44493005984456e-11,2.5875744763407198e-11,2.0162522680926398e-11,29221.04736366145,multi_sweep
NAND,A,multi_5,1.0,1e-15,2e-07,3.5,27.0,0.0001343680957559,8.893454162293178e-05,1.351028148195269e-11,2.749648137159594e-11,2.0503381426774315e-11,29715.04554604973,multi_sweep
NAND,A,multi_5,1.0,1e-15,2e-07,4.0,27.0,0.0001383782586996,9.57339178909756e-05,1.277302219958239e-11,2.911998669931046e-11,2.0946504449446425e-11,30357.252825284675,multi_sweep
NAND,A,multi_5,1.0,1e-15,3e-07,2.0,27.0,0.0001657153014578,8.466451133303612e-05,1.519805644918303e-11,1.9583685531708618e-11,1.7390870990445828e-11,25204.16085571859,multi_sweep
NAND,A,multi_5,1.0,1e-15,3e-07,2.5,27.0,0.0001760946883572,9.566032308866571e-05,1.3758318524430269e-11,2.1627417559294968e-11,1.7692868041862622e-11,25641.837741829884,multi_sweep
NAND,A,multi_5,1.0,1e-15,3e-07,3.0,27.0,0.0001841078645526,0.0001059026085109,1.2750703049217489e-11,2.35576091914088e-11,1.8154156120313144e-11,26310.37118885963,multi_sweep
NAND,A,multi_5,1.0,1e-15,3e-07,3.5,27.0,0.0001923701609165,0.000115580016843,1.1990530540337698e-11,2.5358299360120657e-11,1.867441495022918e-11,27064.369493085767,multi_sweep
NAND,A,multi_5,1.0,1e-15,3e-07,4.0,27.0,0.0002002670639019,0.0001248654801768,1.1394398110391149e-11,2.693660557195319e-11,1.916550184117217e-11,27776.0896248872,multi_sweep
NAND,A,multi_5,1.0,1e-15,4e-07,2.0,27.0,0.0002091736215705,0.0001034812529693,1.4043590174262298e-11,1.8294418617084078e-11,1.616900439567319e-11,23433.33970387419,multi_sweep
NAND,A,multi_5,1.0,1e-15,4e-07,2.5,27.0,0.0002254238227545,0.0001167299220542,1.279503315897483e-11,2.035352383252362e-11,1.6574278495749224e-11,24020.693472100327,multi_sweep
NAND,A,multi_5,1.0,1e-15,4e-07,3.0,27.0,0.0002366824097786,0.0001296039394605,1.190762305860987e-11,2.236042644903684e-11,1.7134024753823353e-11,24831.919933077326,multi_sweep
NAND,A,multi_5,1.0,1e-15,4e-07,3.5,27.0,0.0002476329324301,0.0001407844982795,1.123398321851811e-11,2.422069529519764e-11,1.7727339256857877e-11,25691.796024431704,multi_sweep
NAND,A,multi_5,1.0,1e-15,4e-07,4.0,27.0,0.0002605802498741,0.0001520413986655,1.070315404408575e-11,2.591731769445894e-11,1.8310235869272344e-11,26536.573723583107,multi_sweep
NAND,A,multi_5,1.0,1e-15,5e-07,2.0,27.0,0.000254181753367,0.0001217386527858,1.331939458786223e-11,1.747668461463997e-11,1.53980396012511e-11,22315.999422103043,multi_sweep
NAND,A,multi_5,1.0,1e-15,5e-07,2.5,27.0,0.0002741460866512,0.0001372309725046,1.219344229738182e-11,1.9567511767352068e-11,1.5880477032366946e-11,23015.184104879638,multi_sweep
NAND,A,multi_5,1.0,1e-15,5e-07,3.0,27.0,0.0002888743007404,0.0001520086371617,1.137845729152094e-11,2.1554983407074278e-11,1.6466720349297608e-11,23864.81210043132,multi_sweep
NAND,A,multi_5,1.0,1e-15,5e-07,3.5,27.0,0.0003032152825673,0.0001657606331178,1.076132601648387e-11,2.349620477089798e-11,1.7128765393690924e-11,24824.297672015837,multi_sweep
NAND,A,multi_5,1.0,1e-15,5e-07,4.0,27.0,0.0003198234275789,0.0001802157263528,1.027699943267855e-11,2.5291937457645478e-11,1.7784468445162016e-11,25774.59194951017,multi_sweep
NAND,A,multi_5,1.0,1.325e-14,1e-07,2.0,27.0,8.192387331547341e-05,6.425074549608673e-05,1.231818347994095e-10,1.9245309078627028e-10,1.5781746279283987e-10,17261.959288251564,multi_sweep
NAND,A,multi_5,1.0,1.325e-14,1e-07,2.5,27.0,8.198909876627118e-05,8.020326906552425e-05,9.88784310426101e-11,1.9376476775173458e-10,1.4632159939717234e-10,16004.55011180447,multi_sweep
NAND,A,multi_5,1.0,1.325e-14,1e-07,3.0,27.0,8.20576443704381e-05,9.568803948220086e-05,8.34694351445771e-11,1.9570557732762888e-10,1.3958750623610302e-10,15267.979900038614,multi_sweep
NAND,A,multi_5,1.0,1.325e-14,1e-07,3.5,27.0,8.212378780279818e-05,0.0001111143994401,7.367863829714513e-11,1.9760942337877928e-10,1.3564403083796218e-10,14836.645429364204,multi_sweep
NAND,A,multi_5,1.0,1.325e-14,1e-07,4.0,27.0,8.218778733193589e-05,0.0001261768028477,6.544355959817951e-11,1.9948086484294347e-10,1.324622122205615e-10,14488.620423359203,multi_sweep
NAND,A,multi_5,1.0,1.325e-14,2e-07,2.0,27.0,0.0001582467772553,0.0001263698946609,6.632401110436647e-11,1.0482468204396928e-10,8.557434657416789e-11,9360.05978388492,multi_sweep
NAND,A,multi_5,1.0,1.325e-14,2e-07,2.5,27.0,0.000158521076665,0.0001554074942298,5.4776115159361156e-11,1.0664597996495001e-10,8.071104756215558e-11,8828.115675379337,multi_sweep
NAND,A,multi_5,1.0,1.325e-14,2e-07,3.0,27.0,0.0001587800121079,0.0001835549843235,4.7091471595866545e-11,1.0841931717489008e-10,7.775539438537832e-11,8504.828480763284,multi_sweep
NAND,A,multi_5,1.0,1.325e-14,2e-07,3.5,27.0,0.0001590203055525,0.0002105633215409,4.222956791089303e-11,1.1015162396248328e-10,7.619059593668817e-11,8333.671964636387,multi_sweep
NAND,A,multi_5,1.0,1.325e-14,2e-07,4.0,27.0,0.0001592465784243,0.0002357309645041,3.8031071426964855e-11,1.1185138360613369e-10,7.494122751654929e-11,8197.016955597406,multi_sweep
NAND,A,multi_5,1.0,1.325e-14,3e-07,2.0,27.0,0.0002334713433859,0.0001840510443191,4.8250149248431306e-11,7.495576646475155e-11,6.160295785659143e-11,6738.086722077269,multi_sweep
NAND,A,multi_5,1.0,1.325e-14,3e-07,2.5,27.0,0.0002345156840545,0.0002248225895458,4.055725328079235e-11,7.671633136840831e-11,5.863679232460033e-11,6413.649693694321,multi_sweep
NAND,A,multi_5,1.0,1.325e-14,3e-07,3.0,27.0,0.0002346638201849,0.0002645562246594,3.7022336496356185e-11,7.842623613251487e-11,5.7724286314435534e-11,6313.840450033968,multi_sweep
NAND,A,multi_5,1.0,1.325e-14,3e-07,3.5,27.0,0.0002358465653757,0.0003025389345937,3.3481046216157926e-11,8.009761476776076e-11,5.6789330491959336e-11,6211.57566223236,multi_sweep
NAND,A,multi_5,1.0,1.325e-14,3e-07,4.0,27.0,0.0002356897602812,0.0003367686370759,3.085971297709932e-11,8.173812503286429e-11,5.62989190049818e-11,6157.93481049842,multi_sweep
NAND,A,multi_5,1.0,1.325e-14,4e-07,2.0,27.0,0.0003070303978013,0.0002391601874155,3.778453811447675e-11,6.041632914646259e-11,4.9100433630469665e-11,5370.5697162121605,multi_sweep
NAND,A,multi_5,1.0,1.325e-14,4e-07,2.5,27.0,0.0003087983596248,0.0002915305875821,3.492323750302099e-11,6.201865157706052e-11,4.8470944540040745e-11,5301.716657373887,multi_sweep
NAND,A,multi_5,1.0,1.325e-14,4e-07,3.0,27.0,0.0003091910137332,0.0003379802683935,3.117678594717137e-11,6.391532975900133e-11,4.754605785308636e-11,5200.553224291644,multi_sweep
NAND,A,multi_5,1.0,1.325e-14,4e-07,3.5,27.0,0.0003101512061723,0.0003803085999694,2.849754056396622e-11,6.575871426838412e-11,4.7128127416175176e-11,5154.840297093266,multi_sweep
NAND,A,multi_5,1.0,1.325e-14,4e-07,4.0,27.0,0.0003110381228446,0.0004148648144186,2.6520301728781128e-11,6.755933293064489e-11,4.703981732971302e-11,5145.181004070333,multi_sweep
NAND,A,multi_5,1.0,1.325e-14,5e-07,2.0,27.0,0.0003788108884298,0.0002923893832697,3.5275529290040436e-11,5.138487263037341e-11,4.3330200960206926e-11,4739.425863845439,multi_sweep
NAND,A,multi_5,1.0,1.325e-14,5e-07,2.5,27.0,0.0003808536173886,0.0003501803351499,3.0715629826823376e-11,5.3055640706662296e-11,4.1885635266742836e-11,4581.420319031211,multi_sweep
NAND,A,multi_5,1.0,1.325e-14,5e-07,3.0,27.0,0.0003824261263176,0.0003986638338179,2.770167484341547e-11,5.465905074004541e-11,4.118036279173044e-11,4504.278128709921,multi_sweep
NAND,A,multi_5,1.0,1.325e-14,5e-07,3.5,27.0,0.0003843427694665,0.0004418359620674,2.554410614966264e-11,5.6290290780762e-11,4.091719846521232e-11,4475.493406093774,multi_sweep
NAND,A,multi_5,1.0,1.325e-14,5e-07,4.0,27.0,0.0003855315440407,0.0004785523372481,2.380514318425742e-11,5.797886183323048e-11,4.089200250874395e-11,4472.7374907021,multi_sweep
NAND,A,multi_5,1.0,2.55e-14,1e-07,2.0,27.0,8.261891236242534e-05,6.546204439574666e-05,2.245949618854599e-10,3.5787044998613006e-10,2.91232705935795e-10,16552.015114282185,multi_sweep
NAND,A,multi_5,1.0,2.55e-14,1e-07,2.5,27.0,8.265489411939083e-05,8.20721043762112e-05,1.7860830671455789e-10,3.5917540436655015e-10,2.6889185554055403e-10,15282.287896593016,multi_sweep
NAND,A,multi_5,1.0,2.55e-14,1e-07,3.0,27.0,8.269141664183624e-05,9.846113596365996e-05,1.4898421783460808e-10,3.6108509222362515e-10,2.550346550291166e-10,14494.72321847779,multi_sweep
NAND,A,multi_5,1.0,2.55e-14,1e-07,3.5,27.0,8.272696903770406e-05,0.0001145722109699,1.2935383696386858e-10,3.629650846748965e-10,2.461594608193825e-10,13990.307520283182,multi_sweep
NAND,A,multi_5,1.0,2.55e-14,1e-07,4.0,27.0,8.276167396648865e-05,0.0001307272844229,1.1432751479138439e-10,3.648200460213564e-10,2.395737804063704e-10,13616.014800021054,multi_sweep
NAND,A,multi_5,1.0,2.55e-14,2e-07,2.0,27.0,0.0001612043713735,0.0001309659240781,1.1508069391616989e-10,1.8767543802866138e-10,1.5137806597241563e-10,8603.470643501885,multi_sweep
NAND,A,multi_5,1.0,2.55e-14,2e-07,2.5,27.0,0.0001613435662383,0.0001625821783105,9.318688913149156e-11,1.89775658018485e-10,1.4148127357498828e-10,8040.9930988910655,multi_sweep
NAND,A,multi_5,1.0,2.55e-14,2e-07,3.0,27.0,0.0001614772038568,0.0001937374794101,7.894078773966419e-11,1.9183266109314767e-10,1.3538672441640596e-10,7694.613493401874,multi_sweep
NAND,A,multi_5,1.0,2.55e-14,2e-07,3.5,27.0,0.0001616059861315,0.0002237547337422,6.908658381849925e-11,1.938514284408788e-10,1.3146900612968902e-10,7471.952607541293,multi_sweep
NAND,A,multi_5,1.0,2.55e-14,2e-07,4.0,27.0,0.0001618011999224,0.0002536938243371,6.265820736905648e-11,1.9563161475209677e-10,1.2914491106057664e-10,7339.8642262334,multi_sweep
NAND,A,multi_5,1.0,2.55e-14,3e-07,2.0,27.0,0.0002381140671885,0.0001938926394314,8.077071133290433e-11,1.2973101142950738e-10,1.0525086138120587e-10,5981.861971083029,multi_sweep
NAND,A,multi_5,1.0,2.55e-14,3e-07,2.5,27.0,0.0002384223963109,0.0002390684325663,6.664327385413306e-11,1.315317718869711e-10,9.908752287055208e-11,5631.572768999835,multi_sweep
NAND,A,multi_5,1.0,2.55e-14,3e-07,3.0,27.0,0.0002396838978558,0.0002832867184175,5.6898242532426774e-11,1.3481190551164919e-10,9.5855074022038e-11,5447.858711113271,multi_sweep
NAND,A,multi_5,1.0,2.55e-14,3e-07,3.5,27.0,0.0002399577055559,0.0003255824374774,5.0268503041225486e-11,1.367827594610781e-10,9.35256312511518e-11,5315.466396769071,multi_sweep
NAND,A,multi_5,1.0,2.55e-14,3e-07,4.0,27.0,0.0002404124120445,0.0003667232807583,4.536371573160366e-11,1.3735544971343548e-10,9.135958272251958e-11,5192.360484371674,multi_sweep
NAND,A,multi_5,1.0,2.55e-14,4e-07,2.0,27.0,0.0003149086568794,0.0002534147007873,6.177305216314888e-11,1.021473302238194e-10,8.196019119348413e-11,4658.152383829733,multi_sweep
NAND,A,multi_5,1.0,2.55e-14,4e-07,2.5,27.0,0.0003154597618325,0.0003114560927631,5.1193067085757426e-11,1.0414957857025649e-10,7.767132282800697e-11,4414.397432680135,multi_sweep
NAND,A,multi_5,1.0,2.55e-14,4e-07,3.0,27.0,0.0003159787736609,0.0003681033374195,4.627390234417246e-11,1.06102514652365e-10,7.618820849826873e-11,4330.105626500071,multi_sweep
NAND,A,multi_5,1.0,2.55e-14,4e-07,3.5,27.0,0.0003171557013427,0.0004220118584051,4.1030270591745546e-11,1.0801438900440188e-10,7.452232979807373e-11,4235.426530154802,multi_sweep
NAND,A,multi_5,1.0,2.55e-14,4e-07,4.0,27.0,0.0003169154940242,0.0004694689638369,3.5656382451134116e-11,1.09892549801125e-10,7.277446612612955e-11,4136.087873039476,multi_sweep
NAND,A,multi_5,1.0,2.55e-14,5e-07,2.0,27.0,0.000390703692163,0.0003125861845491,5.3476927859630335e-11,8.402337734559277e-11,6.875015260261155e-11,3907.368718534332,multi_sweep
NAND,A,multi_5,1.0,2.55e-14,5e-07,2.5,27.0,0.0003915810950528,0.0003828182123619,4.4808930040119456e-11,8.576729141079574e-11,6.528811072545761e-11,3710.6058951666737,multi_sweep
NAND,A,multi_5,1.0,2.55e-14,5e-07,3.0,27.0,0.0003923891101223,0.0004471786839904,3.927856099364708e-11,8.766992673126291e-11,6.3474243862455e-11,3607.515991046036,multi_sweep
NAND,A,multi_5,1.0,2.55e-14,5e-07,3.5,27.0,0.0003931428331409,0.0005148530760297,3.6501980715676e-11,8.966575091000502e-11,6.308386581284051e-11,3585.3291169559834,multi_sweep
NAND,A,multi_5,1.0,2.55e-14,5e-07,4.0,27.0,0.0003938482806076,0.0005784611681166,3.3459260418833816e-11,9.160840755743328e-11,6.253383398813353e-11,3554.0684278564117,multi_sweep
NAND,A,multi_5,1.0,3.775e-14,1e-07,2.0,27.0,8.286829156090093e-05,6.595447108941735e-05,3.247992575264776e-10,5.198198188153293e-10,4.223095381709034e-10,16213.054541545387,multi_sweep
NAND,A,multi_5,1.0,3.775e-14,1e-07,2.5,27.0,8.289340665082046e-05,8.286266608105898e-05,2.587827734030756e-10,5.21320950031623e-10,3.9005186171734925e-10,14974.637171219862,multi_sweep
NAND,A,multi_5,1.0,3.775e-14,1e-07,3.0,27.0,8.291851582194071e-05,9.94594704740916e-05,2.1802665711600158e-10,5.234934197824132e-10,3.7076003844920736e-10,14233.99706110788,multi_sweep
NAND,A,multi_5,1.0,3.775e-14,1e-07,3.5,27.0,8.294302749033069e-05,0.0001160309066526,1.8638954660059707e-10,5.256363898177098e-10,3.5601296820915345e-10,13667.836383881504,multi_sweep
NAND,A,multi_5,1.0,3.775e-14,1e-07,4.0,27.0,8.296703394414899e-05,0.0001324857888976,1.628922364154055e-10,5.277546189478723e-10,3.4532342768163896e-10,13257.449954185202,multi_sweep
NAND,A,multi_5,1.0,3.775e-14,2e-07,2.0,27.0,0.0001620341945918,0.0001324929806797,1.640091250340673e-10,2.691251591112335e-10,2.1656714207265037e-10,8314.315848839637,multi_sweep
NAND,A,multi_5,1.0,3.775e-14,2e-07,2.5,27.0,0.0001621292615527,0.0001649783177018,1.3245887338411038e-10,2.7100637353802316e-10,2.0173262346106678e-10,7744.797906173984,multi_sweep
NAND,A,multi_5,1.0,3.775e-14,2e-07,3.0,27.0,0.0001622212207635,0.0001974809076851,1.12343056015344e-10,2.7285740392178506e-10,1.926002299685645e-10,7394.192531665787,multi_sweep
NAND,A,multi_5,1.0,3.775e-14,2e-07,3.5,27.0,0.0001623104633157,0.0002289343355184,9.724585520694868e-11,2.746855170724956e-10,1.859656861397221e-10,7139.483103550136,multi_sweep
NAND,A,multi_5,1.0,3.775e-14,2e-07,4.0,27.0,0.0001623972613175,0.0002604451291643,8.54703175115937e-11,2.7649226479459017e-10,1.8098129115309198e-10,6948.125200233881,multi_sweep
NAND,A,multi_5,1.0,3.775e-14,3e-07,2.0,27.0,0.0002408195724289,0.000197415528348,1.1389250693823289e-10,1.8451943002069008e-10,1.4920596847946148e-10,5728.22606697232,multi_sweep
NAND,A,multi_5,1.0,3.775e-14,3e-07,2.5,27.0,0.0002410267402163,0.0002448604627434,9.213750925612715e-11,1.86350489362399e-10,1.3924399930926307e-10,5345.772120520706,multi_sweep
NAND,A,multi_5,1.0,3.775e-14,3e-07,3.0,27.0,0.0002412255484343,0.0002911674301664,7.86549156033836e-11,1.8814780413888767e-10,1.3340135987113564e-10,5121.46501088917,multi_sweep
NAND,A,multi_5,1.0,3.775e-14,3e-07,3.5,27.0,0.0002414169984398,0.0003366341847565,6.900271864741514e-11,1.8991961554874137e-10,1.2946116709807828e-10,4970.195492775824,multi_sweep
NAND,A,multi_5,1.0,3.775e-14,3e-07,4.0,27.0,0.0002416018541026,0.0003808833966085,6.137612463192867e-11,1.9169424591174277e-10,1.265351852718357e-10,4857.862953136991,multi_sweep
NAND,A,multi_5,1.0,3.775e-14,4e-07,2.0,27.0,0.0003191183342923,0.0002607526342156,8.767437331336769e-11,1.4400175290638227e-10,1.1583806310987499e-10,4447.185453877532,multi_sweep
NAND,A,multi_5,1.0,3.775e-14,4e-07,2.5,27.0,0.0003194829459278,0.000322192095,7.255980183833977e-11,1.4605333202943968e-10,1.0930656693388976e-10,4196.432169455409,multi_sweep
NAND,A,multi_5,1.0,3.775e-14,4e-07,3.0,27.0,0.0003198305879277,0.0003811294318219,6.160748987503115e-11,1.48060012006192e-10,1.0483375094061155e-10,4024.714500071469,multi_sweep
NAND,A,multi_5,1.0,3.775e-14,4e-07,3.5,27.0,0.0003201600557608,0.0004393842987491,5.4649082520042596e-11,1.500290815250164e-10,1.0233908202252948e-10,3928.940666955736,multi_sweep
NAND,A,multi_5,1.0,3.775e-14,4e-07,4.0,27.0,0.0003207659433702,0.0004960586568926,4.941664994060904e-11,1.4961250837620238e-10,9.951457915840572e-11,3820.5040467763024,multi_sweep
NAND,A,multi_5,1.0,3.775e-14,5e-07,2.0,27.0,0.0003951934987644,0.0003223920593906,7.165482840262909e-11,1.1826417135963318e-10,9.495949988113116e-11,3645.628174724299,multi_sweep
NAND,A,multi_5,1.0,3.775e-14,5e-07,2.5,27.0,0.0003957689881073,0.0003960027733745,5.774747704687471e-11,1.200963445022993e-10,8.8921910774587e-11,3413.836674329092,multi_sweep
NAND,A,multi_5,1.0,3.775e-14,5e-07,3.0,27.0,0.0003963145241429,0.0004687138873812,5.2359675304454895e-11,1.218829557446876e-10,8.712131552457125e-11,3344.7093012600544,multi_sweep
NAND,A,multi_5,1.0,3.775e-14,5e-07,3.5,27.0,0.0003978280042275,0.0005389283076736,4.615919272538029e-11,1.2363076414296348e-10,8.489497843417189e-11,3259.237102761183,multi_sweep
NAND,A,multi_5,1.0,3.775e-14,5e-07,4.0,27.0,0.000399228232415,0.0006053455677701,4.112117677052418e-11,1.2596643021893418e-10,8.35438034947292e-11,3207.3636047501377,multi_sweep
NAND,A,multi_5,1.0,5e-14,1e-07,2.0,27.0,8.299657361895042e-05,6.624030823490753e-05,4.3096915149283756e-10,6.846860553753293e-10,5.578276034340834e-10,16168.91604156764,multi_sweep
NAND,A,multi_5,1.0,5e-14,1e-07,2.5,27.0,8.301599851391297e-05,8.321817334423734e-05,3.397997336748494e-10,6.861218943012841e-10,5.129608139880668e-10,14868.42939095846,multi_sweep
NAND,A,multi_5,1.0,5e-14,1e-07,3.0,27.0,8.303522754227926e-05,0.0001000944077314,2.8495073036605976e-10,6.881931577314964e-10,4.865719440487781e-10,14103.53461010951,multi_sweep
NAND,A,multi_5,1.0,5e-14,1e-07,3.5,27.0,8.305400926278467e-05,0.0001168807143565,2.4704003678015907e-10,6.902373417500924e-10,4.686386892651257e-10,13583.730123626836,multi_sweep
NAND,A,multi_5,1.0,5e-14,1e-07,4.0,27.0,8.307242669891658e-05,0.0001335777817631,2.1766626613890517e-10,6.922612414359107e-10,4.54963753787408e-10,13187.355182243708,multi_sweep
NAND,A,multi_5,1.0,5e-14,2e-07,2.0,27.0,0.0001624623594715,0.0001336362520984,2.1703634109441838e-10,3.544729580453158e-10,2.8575464956986707e-10,8282.74346579325,multi_sweep
NAND,A,multi_5,1.0,5e-14,2e-07,2.5,27.0,0.0001625348255372,0.0001667168034747,1.7371285067955438e-10,3.566537851478629e-10,2.6518331791370865e-10,7686.472983006049,multi_sweep
NAND,A,multi_5,1.0,5e-14,2e-07,3.0,27.0,0.0001626052075899,0.0001994822306926,1.4574814050143048e-10,3.5880358658575837e-10,2.5227586354359443e-10,7312.343870828825,multi_sweep
NAND,A,multi_5,1.0,5e-14,2e-07,3.5,27.0,0.0001626737943748,0.0002319047715192,1.271589136442543e-10,3.6092527957735985e-10,2.4404209661080706e-10,7073.683959733539,multi_sweep
NAND,A,multi_5,1.0,5e-14,2e-07,4.0,27.0,0.0001627407690878,0.0002639842061684,1.128476435829191e-10,3.630231937303101e-10,2.3793541865661456e-10,6896.678801641003,multi_sweep
NAND,A,multi_5,1.0,5e-14,3e-07,2.0,27.0,0.0002417163464835,0.0001995203578097,1.458491558900396e-10,2.422151327988814e-10,1.940321443444605e-10,5624.120125926391,multi_sweep
NAND,A,multi_5,1.0,5e-14,3e-07,2.5,27.0,0.0002418741094714,0.0002480041683747,1.1938746648266179e-10,2.443238878046366e-10,1.8185567714364918e-10,5271.179047642007,multi_sweep
NAND,A,multi_5,1.0,5e-14,3e-07,3.0,27.0,0.0002420263935595,0.0002958841321028,1.0129673480095639e-10,2.4639684091973787e-10,1.7384678786034716e-10,5039.037329285426,multi_sweep
NAND,A,multi_5,1.0,5e-14,3e-07,3.5,27.0,0.000242173828404,0.0003429185024404,8.725314662501362e-11,2.4843773123354135e-10,1.6784543892927748e-10,4865.08518635587,multi_sweep
NAND,A,multi_5,1.0,5e-14,3e-07,4.0,27.0,0.0002423168750536,0.0003887868724789,7.79762351811162e-11,2.5045055941980157e-10,1.6421339730045892e-10,4759.808617404607,multi_sweep
NAND,A,multi_5,1.0,5e-14,4e-07,2.0,27.0,0.0003206761623995,0.0002641461957393,1.1313133077532869e-10,1.8439904048858518e-10,1.4876518563195694e-10,4312.03436614368,multi_sweep
NAND,A,multi_5,1.0,5e-14,4e-07,2.5,27.0,0.0003209532125177,0.0003271842571936,9.149632008728707e-11,1.86233029176103e-10,1.3886467463169506e-10,4025.063032802755,multi_sweep
NAND,A,multi_5,1.0,5e-14,4e-07,3.0,27.0,0.0003212191208581,0.0003888484224833,7.823233635971681e-11,1.8803223612176848e-10,1.3313228624074267e-10,3858.9068475577583,multi_sweep
NAND,A,multi_5,1.0,5e-14,4e-07,3.5,27.0,0.0003214751989859,0.0004491957977185,6.854944396621536e-11,1.8980612851479979e-10,1.2917778624050759e-10,3744.283659145148,multi_sweep
NAND,A,multi_5,1.0,5e-14,4e-07,4.0,27.0,0.0003217224551288,0.0005082524022383,6.091289705653739e-11,1.91552713011081e-10,1.262328050338092e-10,3658.921885037948,multi_sweep
NAND,A,multi_5,1.0,5e-14,5e-07,2.0,27.0,0.0003990923845169,0.000327522704162,9.257522050047023e-11,1.51904243614841e-10,1.2223973205765564e-10,3543.180639352337,multi_sweep
NAND,A,multi_5,1.0,5e-14,5e-07,2.5,27.0,0.0003995219819923,0.0004048036450369,7.623879319203076e-11,1.5395791272831228e-10,1.1509835296017152e-10,3336.184143773088,multi_sweep
NAND,A,multi_5,1.0,5e-14,5e-07,3.0,27.0,0.0003999322280158,0.0004803646614116,6.527574587068326e-11,1.5596806927561159e-10,1.1062190757314743e-10,3206.432103569491,multi_sweep
NAND,A,multi_5,1.0,5e-14,5e-07,3.5,27.0,0.0004003255528539,0.0005530379779279,5.730214800864173e-11,1.5794007266812778e-10,1.0762111033838476e-10,3119.4524735763703,multi_sweep
NAND,A,multi_5,1.0,5e-14,5e-07,4.0,27.0,0.0004006998241125,0.0006242240948147,5.158325356799864e-11,1.598806080622757e-10,1.0573193081513716e-10,3064.6936468155704,multi_sweep
NAND,B,multi_5,1.0,1e-15,1e-07,2.0,27.0,6.79145376515833e-05,6.562060398895745e-05,2.599200508660867e-11,3.141861272595933e-11,2.8705308906284e-11,41601.896965628985,multi_sweep
NAND,B,multi_5,1.0,1e-15,1e-07,2.5,27.0,6.865613255873897e-05,7.534164930634216e-05,2.2703377738128888e-11,3.2398336441328026e-11,2.7550857089728464e-11,39928.77839091081,multi_sweep
NAND,B,multi_5,1.0,1e-15,1e-07,3.0,27.0,6.974187913441632e-05,8.664889134396057e-05,2.0652849966049197e-11,3.403304749979518e-11,2.7342948732922188e-11,39627.46193177129,multi_sweep
NAND,B,multi_5,1.0,1e-15,1e-07,3.5,27.0,7.069166215406635e-05,9.87697626103354e-05,1.902725548824042e-11,3.5647229427623526e-11,2.7337242457931976e-11,39619.19196801736,multi_sweep
NAND,B,multi_5,1.0,1e-15,1e-07,4.0,27.0,7.15140976513295e-05,0.000109239573366,1.778730982554638e-11,3.72405995631882e-11,2.751395469436729e-11,39875.29665850332,multi_sweep
NAND,B,multi_5,1.0,1e-15,2e-07,2.0,27.0,0.0001212669627716,0.000114625833257,1.968981278403987e-11,2.341521379095497e-11,2.155251328749742e-11,31235.526503619447,multi_sweep
NAND,B,multi_5,1.0,1e-15,2e-07,2.5,27.0,0.0001253574140211,0.0001361006680052,1.7584409987056538e-11,2.523137142224734e-11,2.1407890704651945e-11,31025.928557466585,multi_sweep
NAND,B,multi_5,1.0,1e-15,2e-07,3.0,27.0,0.0001291145825165,0.0001567873960724,1.609111896042145e-11,2.687943911915294e-11,2.1485279039787197e-11,31138.08556490898,multi_sweep
NAND,B,multi_5,1.0,1e-15,2e-07,3.5,27.0,0.0001321216538436,0.0001765807258894,1.496881253877309e-11,2.8489755728678718e-11,2.1729284133725907e-11,31491.71613583465,multi_sweep
NAND,B,multi_5,1.0,1e-15,2e-07,4.0,27.0,0.00013541350176,0.0001953415225961,1.4090615182662e-11,3.0106102906208096e-11,2.2098359044435053e-11,32026.60731077544,multi_sweep
NAND,B,multi_5,1.0,1e-15,3e-07,2.0,27.0,0.0001721204410925,0.0001628196539307,1.739387241744997e-11,2.052257710883022e-11,1.8958224763140096e-11,27475.68806252188,multi_sweep
NAND,B,multi_5,1.0,1e-15,3e-07,2.5,27.0,0.0001793883641204,0.0001939364215897,1.562281227743202e-11,2.242537248940186e-11,1.9024092383416938e-11,27571.148381763684,multi_sweep
NAND,B,multi_5,1.0,1e-15,3e-07,3.0,27.0,0.0001861878274178,0.0002235069111215,1.437369158264086e-11,2.422979595565339e-11,1.9301743769147125e-11,27973.54169441613,multi_sweep
NAND,B,multi_5,1.0,1e-15,3e-07,3.5,27.0,0.0001918056606692,0.0002510488861073,1.343537230038614e-11,2.596866797622005e-11,1.9702020138303096e-11,28553.65237435231,multi_sweep
NAND,B,multi_5,1.0,1e-15,3e-07,4.0,27.0,0.0001968412812607,0.0002757244562578,1.2726484347655359e-11,2.756231872978006e-11,2.014440153871771e-11,29194.78483872132,multi_sweep
NAND,B,multi_5,1.0,1e-15,4e-07,2.0,27.0,0.0002215725267353,0.0002118051016288,1.6349869802675538e-11,1.9232971222156398e-11,1.7791420512415968e-11,25784.667409298512,multi_sweep
NAND,B,multi_5,1.0,1e-15,4e-07,2.5,27.0,0.0002328235195553,0.0002521968604714,1.4739509802834858e-11,2.111706028831976e-11,1.7928285045577308e-11,25983.02180518451,multi_sweep
NAND,B,multi_5,1.0,1e-15,4e-07,3.0,27.0,0.0002423935812549,0.0002898307218226,1.3603784665921439e-11,2.298660609935303e-11,1.829519538263724e-11,26514.77591686556,multi_sweep
NAND,B,multi_5,1.0,1e-15,4e-07,3.5,27.0,0.0002501526969446,0.0003223497934658,1.2768133257284939e-11,2.4831750406848728e-11,1.879994183206684e-11,27246.292510241798,multi_sweep
NAND,B,multi_5,1.0,1e-15,4e-07,4.0,27.0,0.0002566342610017,0.0003590932273054,1.201437599772994e-11,2.648454075296892e-11,1.9249458375349432e-11,27897.765761375987,multi_sweep
NAND,B,multi_5,1.0,1e-15,5e-07,2.0,27.0,0.0002703015331433,0.0002604825536088,1.5700973262262438e-11,1.843497425732027e-11,1.7067973759791357e-11,24736.19385477008,multi_sweep
NAND,B,multi_5,1.0,1e-15,5e-07,2.5,27.0,0.0002852549764993,0.0003098443670509,1.419541526144797e-11,2.034126676535491e-11,1.7268341013401438e-11,25026.581178842665,multi_sweep
NAND,B,multi_5,1.0,1e-15,5e-07,3.0,27.0,0.0002973897012166,0.0003549175648227,1.311258782935185e-11,2.2230758005681508e-11,1.7671672917516682e-11,25611.120170314032,multi_sweep
NAND,B,multi_5,1.0,1e-15,5e-07,3.5,27.0,0.0003083283244342,0.000395099739062,1.231598520822578e-11,2.407960692273044e-11,1.8197796065478108e-11,26373.61748620016,multi_sweep
NAND,B,multi_5,1.0,1e-15,5e-07,4.0,27.0,0.0003195126747061,0.0004436686021397,1.161541831657979e-11,2.580630165439638e-11,1.8710859985488084e-11,27117.188384765337,multi_sweep
NAND,B,multi_5,1.0,1.325e-14,1e-07,2.0,27.0,8.049358212780615e-05,6.943941745506778e-05,1.2310594618316568e-10,1.9640831421896217e-10,1.5975713020106394e-10,17474.118698503033,multi_sweep
NAND,B,multi_5,1.0,1.325e-14,1e-07,2.5,27.0,8.054959366272411e-05,8.694482225352445e-05,1.0001277674392959e-10,1.9775095761876268e-10,1.4888186718134615e-10,16284.590339769884,multi_sweep
NAND,B,multi_5,1.0,1.325e-14,1e-07,3.0,27.0,8.060520896038353e-05,0.0001044032473359,8.408215252833031e-11,1.9973408538696958e-10,1.4190811895764997e-10,15521.806831572325,multi_sweep
NAND,B,multi_5,1.0,1.325e-14,1e-07,3.5,27.0,8.066182014367944e-05,0.0001217131062318,7.310267720002839e-11,2.016810562528886e-10,1.3739186672645848e-10,15027.822447520755,multi_sweep
NAND,B,multi_5,1.0,1.325e-14,1e-07,4.0,27.0,8.071619081677275e-05,0.0001387770258274,6.49547011720253e-11,2.035989588353701e-10,1.342768300036977e-10,14687.10199657618,multi_sweep
NAND,B,multi_5,1.0,1.325e-14,2e-07,2.0,27.0,0.000157012962258,0.0001396943395484,6.861535038743267e-11,1.0696898347209159e-10,8.779216692976212e-11,9602.64336119903,multi_sweep
NAND,B,multi_5,1.0,1.325e-14,2e-07,2.5,27.0,0.0001572582604864,0.0001743266343536,5.799668904831252e-11,1.088611359565485e-10,8.342891250243051e-11,9125.393765647308,multi_sweep
NAND,B,multi_5,1.0,1.325e-14,2e-07,3.0,27.0,0.0001574926959716,0.0002083452855154,5.012449013342648e-11,1.1071884647101949e-10,8.0421668302223e-11,8796.46358241433,multi_sweep
NAND,B,multi_5,1.0,1.325e-14,2e-07,3.5,27.0,0.0001577140270876,0.0002418970530342,4.470445375943893e-11,1.1253371864639609e-10,7.861908620291752e-11,8599.298463540337,multi_sweep
NAND,B,multi_5,1.0,1.325e-14,2e-07,4.0,27.0,0.0001579238830963,0.000281107810166,4.065468875106756e-11,1.1431194642048049e-10,7.748331758577402e-11,8475.068918323657,multi_sweep
NAND,B,multi_5,1.0,1.325e-14,3e-07,2.0,27.0,0.0002320475429647,0.0002086943913774,5.0990783526278197e-11,7.633503414948965e-11,6.366290883788393e-11,6963.4026620600425,multi_sweep
NAND,B,multi_5,1.0,1.325e-14,3e-07,2.5,27.0,0.0002326176069914,0.0002590691614114,4.324569481708615e-11,7.830191786636733e-11,6.077380634172674e-11,6647.394732483101,multi_sweep
NAND,B,multi_5,1.0,1.325e-14,3e-07,3.0,27.0,0.0002329237565403,0.0003151989503877,3.8025472358677805e-11,8.011082548003018e-11,5.906814891935401e-11,6460.831164271698,multi_sweep
NAND,B,multi_5,1.0,1.325e-14,3e-07,3.5,27.0,0.0002334294284547,0.0003645246849414,3.4371467845859857e-11,8.174410920570817e-11,5.8057788525784006e-11,6350.318679331039,multi_sweep
NAND,B,multi_5,1.0,1.325e-14,3e-07,4.0,27.0,0.0002339042429928,0.0004126770292491,3.160703160235624e-11,8.333570643321908e-11,5.747136901778766e-11,6286.176540091623,multi_sweep
NAND,B,multi_5,1.0,1.325e-14,4e-07,2.0,27.0,0.0003048174660913,0.0002762006144693,4.213257266577089e-11,6.197441774096043e-11,5.2053495203365654e-11,5693.57344308074,multi_sweep
NAND,B,multi_5,1.0,1.325e-14,4e-07,2.5,27.0,0.0003058835137485,0.0003491116213919,3.6164881746511866e-11,6.373895947678462e-11,4.995192061164825e-11,5463.704742865547,multi_sweep
NAND,B,multi_5,1.0,1.325e-14,4e-07,3.0,27.0,0.0003068667579034,0.0004139523046927,3.217274389545128e-11,6.553017345152858e-11,4.885145867348993e-11,5343.337016515169,multi_sweep
NAND,B,multi_5,1.0,1.325e-14,4e-07,3.5,27.0,0.000307324677085,0.0004766318164897,2.933596514482355e-11,6.727644573244319e-11,4.8306205438633366e-11,5283.697614288583,multi_sweep
NAND,B,multi_5,1.0,1.325e-14,4e-07,4.0,27.0,0.0003081919304685,0.0005245395607116,2.7217941614552496e-11,6.897394537291382e-11,4.809594349373316e-11,5260.699315694084,multi_sweep
NAND,B,multi_5,1.0,1.325e-14,5e-07,2.0,27.0,0.0003754738788935,0.0003499515262823,3.6827279889075536e-11,5.2790454636597886e-11,4.480886726283672e-11,4901.161308486379,multi_sweep
NAND,B,multi_5,1.0,1.325e-14,5e-07,2.5,27.0,0.0003771306697149,0.0004311205047443,3.192288329413475e-11,5.449149443936348e-11,4.3207188866749105e-11,4725.970890538596,multi_sweep
NAND,B,multi_5,1.0,1.325e-14,5e-07,3.0,27.0,0.0003786376320147,0.0005089597926649,2.8663361727203427e-11,5.6093635298940716e-11,4.2378498513072073e-11,4635.329342419697,multi_sweep
NAND,B,multi_5,1.0,1.325e-14,5e-07,3.5,27.0,0.0003800321362358,0.0005693070773879,2.634075753604217e-11,5.774317266128829e-11,4.2041965098665226e-11,4598.519562336914,multi_sweep
NAND,B,multi_5,1.0,1.325e-14,5e-07,4.0,27.0,0.0003813247911571,0.000636153392076,2.456699491232093e-11,5.957291182732754e-11,4.206995336982424e-11,4601.580899078397,multi_sweep
NAND,B,multi_5,1.0,2.55e-14,1e-07,2.0,27.0,8.12494285934946e-05,6.987848165948268e-05,2.25781368713951e-10,3.5980570309280975e-10,2.927935359033804e-10,16640.72383650926,multi_sweep
NAND,B,multi_5,1.0,2.55e-14,1e-07,2.5,27.0,8.12807706633732e-05,8.775536798118604e-05,1.8001708803475907e-10,3.6123092713989085e-10,2.70624007587325e-10,15380.733594050873,multi_sweep
NAND,B,multi_5,1.0,2.55e-14,1e-07,3.0,27.0,8.131281672736937e-05,0.0001056037316906,1.5229257320407888e-10,3.641163536568102e-10,2.5820446343044457e-10,14674.877148647036,multi_sweep
NAND,B,multi_5,1.0,2.55e-14,1e-07,3.5,27.0,8.134386748708729e-05,0.0001233730213151,1.305996312749324e-10,3.6612662397545364e-10,2.4836312762519304e-10,14115.551442182046,multi_sweep
NAND,B,multi_5,1.0,2.55e-14,1e-07,4.0,27.0,8.137403767162084e-05,0.0001410571775063,1.1459957927473939e-10,3.6811348554995847e-10,2.413565324123489e-10,13717.336312153964,multi_sweep
NAND,B,multi_5,1.0,2.55e-14,2e-07,2.0,27.0,0.000159531995101,0.0001412328517083,1.168592230630413e-10,1.8819773883680378e-10,1.5252848094992255e-10,8668.853705593781,multi_sweep
NAND,B,multi_5,1.0,2.55e-14,2e-07,2.5,27.0,0.0001596600370421,0.0001764712994451,9.568027299631368e-11,1.900010633208114e-10,1.4284066815856255e-10,8118.253376445728,multi_sweep
NAND,B,multi_5,1.0,2.55e-14,2e-07,3.0,27.0,0.0001597822350506,0.0002114390141184,8.127603749283427e-11,1.9205791021236518e-10,1.3666697385259975e-10,7767.375609695923,multi_sweep
NAND,B,multi_5,1.0,2.55e-14,2e-07,3.5,27.0,0.0001598992538126,0.0002461536807023,7.094160618950864e-11,1.9415667555272188e-10,1.325491408711153e-10,7533.341339648497,multi_sweep
NAND,B,multi_5,1.0,2.55e-14,2e-07,4.0,27.0,0.0001600629930994,0.0002805068546799,6.353183657753899e-11,1.9621655824263202e-10,1.298741974100855e-10,7381.3127257792285,multi_sweep
NAND,B,multi_5,1.0,2.55e-14,3e-07,2.0,27.0,0.0002371678910013,0.0002116702043118,8.211152247026155e-11,1.325279138196605e-10,1.0731971814496104e-10,6099.444054842913,multi_sweep
NAND,B,multi_5,1.0,2.55e-14,3e-07,2.5,27.0,0.0002374497807041,0.0002636479033097,6.767015877793735e-11,1.345511401333103e-10,1.0111064945562382e-10,5746.555808787942,multi_sweep
NAND,B,multi_5,1.0,2.55e-14,3e-07,3.0,27.0,0.0002377166941111,0.0003159951939704,5.992004472523503e-11,1.3652760389134438e-10,9.822382430828972e-11,5582.485041676029,multi_sweep
NAND,B,multi_5,1.0,2.55e-14,3e-07,3.5,27.0,0.0002379699766562,0.0003671842299864,5.279429482406735e-11,1.384658807982633e-10,9.563008781116531e-11,5435.07177102389,multi_sweep
NAND,B,multi_5,1.0,2.55e-14,3e-07,4.0,27.0,0.0002382112157651,0.0004178207627996,4.7748959499123816e-11,1.4037145149907587e-10,9.406020549909986e-11,5345.848564882062,multi_sweep
NAND,B,multi_5,1.0,2.55e-14,4e-07,2.0,27.0,0.0003136389110687,0.0002812572313245,6.517510708651635e-11,1.0354457465027839e-10,8.435984086839736e-11,4794.5348603806415,multi_sweep
NAND,B,multi_5,1.0,2.55e-14,4e-07,2.5,27.0,0.0003141476624668,0.0003505184472772,5.568442235498713e-11,1.053061783248321e-10,8.04953003399096e-11,4574.896296670056,multi_sweep
NAND,B,multi_5,1.0,2.55e-14,4e-07,3.0,27.0,0.0003146228471233,0.0004182670752156,4.830249515088889e-11,1.0702460538757008e-10,7.766355026922949e-11,4413.955684525689,multi_sweep
NAND,B,multi_5,1.0,2.55e-14,4e-07,3.5,27.0,0.0003150720984727,0.0004851565690957,4.3125231378235596e-11,1.0870627535434659e-10,7.591575336629109e-11,4314.620822181933,multi_sweep
NAND,B,multi_5,1.0,2.55e-14,4e-07,4.0,27.0,0.0003154976687156,0.0005630880083345,3.929393804264412e-11,1.1035732690659168e-10,7.482563247461791e-11,4252.664533936796,multi_sweep
NAND,B,multi_5,1.0,2.55e-14,5e-07,2.0,27.0,0.0003885450459228,0.0003508390510637,5.639127748770189e-11,8.571431336036464e-11,7.105279542403326e-11,4038.237875762051,multi_sweep
NAND,B,multi_5,1.0,2.55e-14,5e-07,2.5,27.0,0.0003893689654415,0.0004355069988326,4.741253198886215e-11,8.760724495636571e-11,6.750988847261393e-11,3836.87914024518,multi_sweep
NAND,B,multi_5,1.0,2.55e-14,5e-07,3.0,27.0,0.0003901369544385,0.0005301937178293,4.159570094435221e-11,8.956136392905879e-11,6.557853243670551e-11,3727.111817942911,multi_sweep
NAND,B,multi_5,1.0,2.55e-14,5e-07,3.5,27.0,0.0003908550578743,0.00061375737826,3.732926825730268e-11,9.145409890893615e-11,6.43916835831194e-11,3659.6580609900216,multi_sweep
NAND,B,multi_5,1.0,2.55e-14,5e-07,4.0,27.0,0.000391530119967,0.0006956974757776,3.4211055208287257e-11,9.329624876400492e-11,6.37536519861461e-11,3623.39596397534,multi_sweep
NAND,B,multi_5,1.0,3.775e-14,1e-07,2.0,27.0,8.153782491254779e-05,7.000035758947242e-05,3.2554233853108246e-10,5.212727768889953e-10,4.2340755771003896e-10,16255.209049238469,multi_sweep
NAND,B,multi_5,1.0,3.775e-14,1e-07,2.5,27.0,8.155960538892093e-05,8.799524979806605e-05,2.63185206739042e-10,5.225357324739371e-10,3.9286046960648956e-10,15082.463561051523,multi_sweep
NAND,B,multi_5,1.0,3.775e-14,1e-07,3.0,27.0,8.158154744492983e-05,0.0001059755303103,2.18105817385877e-10,5.235063851989108e-10,3.7080610129239385e-10,14235.765478160822,multi_sweep
NAND,B,multi_5,1.0,3.775e-14,1e-07,3.5,27.0,8.160290439463908e-05,0.0001239039929619,1.87457227722641e-10,5.256789339118031e-10,3.56568080817222e-10,13689.147934244056,multi_sweep
NAND,B,multi_5,1.0,3.775e-14,1e-07,4.0,27.0,8.162376400647534e-05,0.0001417814688677,1.652999902947592e-10,5.278287171112011e-10,3.465643537029801e-10,13305.090841845866,multi_sweep
NAND,B,multi_5,1.0,3.775e-14,2e-07,2.0,27.0,0.0001604625858058,0.0001418716375735,1.6651858859468428e-10,2.74375509792688e-10,2.2044704919368612e-10,8463.270916352287,multi_sweep
NAND,B,multi_5,1.0,3.775e-14,2e-07,2.5,27.0,0.0001605494756777,0.0001775179750465,1.3531290491085848e-10,2.76410180263126e-10,2.0586154258699223e-10,7903.312893252415,multi_sweep
NAND,B,multi_5,1.0,3.775e-14,2e-07,3.0,27.0,0.0001606331673886,0.000212971199376,1.1443654709657579e-10,2.7841344543104756e-10,1.9642499626381167e-10,7541.030665661263,multi_sweep
NAND,B,multi_5,1.0,3.775e-14,2e-07,3.5,27.0,0.0001607139928472,0.0002482331626493,9.942491616681118e-11,2.803890444956931e-10,1.899069803312521e-10,7290.794906660991,multi_sweep
NAND,B,multi_5,1.0,3.775e-14,2e-07,4.0,27.0,0.0001607921999337,0.0002833030494673,8.81839041750862e-11,2.822511787599518e-10,1.85217541467519e-10,7110.760781937576,multi_sweep
NAND,B,multi_5,1.0,3.775e-14,3e-07,2.0,27.0,0.0002390320326211,0.000213068730761,1.1491777707779289e-10,1.8665192233313601e-10,1.5078484970546445e-10,5788.841528187522,multi_sweep
NAND,B,multi_5,1.0,3.775e-14,3e-07,2.5,27.0,0.0002392215772932,0.0002658681473256,9.388325941275526e-11,1.884690352607424e-10,1.4117614733674882e-10,5419.949988933635,multi_sweep
NAND,B,multi_5,1.0,3.775e-14,3e-07,3.0,27.0,0.000239403765539,0.0003182343772192,7.987843590447826e-11,1.9025752043736502e-10,1.3506797817092158e-10,5185.448821227436,multi_sweep
NAND,B,multi_5,1.0,3.775e-14,3e-07,3.5,27.0,0.000239578188181,0.0003701840640354,6.962053566999812e-11,1.920168618913265e-10,1.3081869878066228e-10,5022.31303505758,multi_sweep
NAND,B,multi_5,1.0,3.775e-14,3e-07,4.0,27.0,0.0002397456050947,0.0004217296261051,6.246445991256269e-11,1.937503956761369e-10,1.281074277943498e-10,4918.2235452289015,multi_sweep
NAND,B,multi_5,1.0,3.775e-14,4e-07,2.0,27.0,0.0003168963865068,0.0002836228948715,8.973327884632871e-11,1.46112149991355e-10,1.1792271441884186e-10,4527.21813682088,multi_sweep
NAND,B,multi_5,1.0,3.775e-14,4e-07,2.5,27.0,0.00031723503195,0.0003533107039886,7.348173046339412e-11,1.4812872932120348e-10,1.108052298922988e-10,4253.967939045929,multi_sweep
NAND,B,multi_5,1.0,3.775e-14,4e-07,3.0,27.0,0.0003175553801831,0.000422071293886,6.302247493771373e-11,1.5010515575224308e-10,1.0656381534497842e-10,4091.134095209845,multi_sweep
NAND,B,multi_5,1.0,3.775e-14,4e-07,3.5,27.0,0.0003178604312013,0.000491934173698,5.718400668558725e-11,1.5204720034101228e-10,1.0461560351329978e-10,4016.339514859384,multi_sweep
NAND,B,multi_5,1.0,3.775e-14,4e-07,4.0,27.0,0.0003181515862064,0.0005599396246227,5.127219151528322e-11,1.538841011349621e-10,1.0257814632512264e-10,3938.118680300323,multi_sweep
NAND,B,multi_5,1.0,3.775e-14,5e-07,2.0,27.0,0.0003939441565849,0.0003533843871291,7.395359179056457e-11,1.186425400192949e-10,9.629806590492973e-11,3697.01759880717,multi_sweep
NAND,B,multi_5,1.0,3.775e-14,5e-07,2.5,27.0,0.0003944778387859,0.0004393678178278,6.131487808347328e-11,1.207267797375649e-10,9.102082891051907e-11,3494.417080737848,multi_sweep
NAND,B,multi_5,1.0,3.775e-14,5e-07,3.0,27.0,0.0003949803906688,0.0005263729645399,5.4515721943701036e-11,1.2275495760775108e-10,8.863533977572607e-11,3402.8348123899063,multi_sweep
NAND,B,multi_5,1.0,3.775e-14,5e-07,3.5,27.0,0.0003954561802151,0.000610953459432,4.838816903411773e-11,1.2473859370046968e-10,8.656338136729372e-11,3323.289427672281,multi_sweep
NAND,B,multi_5,1.0,3.775e-14,5e-07,4.0,27.0,0.0003959079841984,0.0006946427561798,4.3902180038396906e-11,1.2668063324864508e-10,8.529140664352101e-11,3274.456536846954,multi_sweep
NAND,B,multi_5,1.0,5e-14,1e-07,2.0,27.0,8.168610839207192e-05,7.001708386068976e-05,4.2918683387875524e-10,6.877315791870321e-10,5.584592065328936e-10,16187.223377765036,multi_sweep
NAND,B,multi_5,1.0,5e-14,1e-07,2.5,27.0,8.170288690727371e-05,8.806943964898983e-05,3.4071379654447876e-10,6.892227242421753e-10,5.14968260393327e-10,14926.616243284843,multi_sweep
NAND,B,multi_5,1.0,5e-14,1e-07,3.0,27.0,8.171967258494436e-05,0.0001061136151021,2.8607412807531286e-10,6.93978921135187e-10,4.900265246052498e-10,14203.667379862318,multi_sweep
NAND,B,multi_5,1.0,5e-14,1e-07,3.5,27.0,8.17360162292331e-05,0.0001241215558921,2.482061126917923e-10,6.960749008544162e-10,4.721405067731043e-10,13685.232080379836,multi_sweep
NAND,B,multi_5,1.0,5e-14,1e-07,4.0,27.0,8.175202140974831e-05,0.0001420936191235,2.1474978046886467e-10,6.981524290700601e-10,4.5645110476946236e-10,13230.466804911952,multi_sweep
NAND,B,multi_5,1.0,5e-14,2e-07,2.0,27.0,0.0001609421387361,0.0001421978803863,2.1631324553371258e-10,3.5221511338847567e-10,2.842641794610942e-10,8239.541433654904,multi_sweep
NAND,B,multi_5,1.0,5e-14,2e-07,2.5,27.0,0.000161008207405,0.0001780353986353,1.740991442848352e-10,3.544789570853469e-10,2.64289050685091e-10,7660.552193770754,multi_sweep
NAND,B,multi_5,1.0,5e-14,2e-07,3.0,27.0,0.000161072192487,0.0002137219207501,1.475432629925804e-10,3.5670740358404337e-10,2.521253332883119e-10,7307.980675023535,multi_sweep
NAND,B,multi_5,1.0,5e-14,2e-07,3.5,27.0,0.0001611343173613,0.0002492587087505,1.2721900396368118e-10,3.58904815425999e-10,2.4306190969484006e-10,7045.272744777974,multi_sweep
NAND,B,multi_5,1.0,5e-14,2e-07,4.0,27.0,0.0001611947358457,0.0002846467336456,1.1250497061276438e-10,3.610741541306434e-10,2.3678956237170385e-10,6863.465575991417,multi_sweep
NAND,B,multi_5,1.0,5e-14,3e-07,2.0,27.0,0.0002400088285936,0.0002138153273004,1.4800186580910278e-10,2.4399959434525836e-10,1.960007300771806e-10,5681.180581947265,multi_sweep
NAND,B,multi_5,1.0,5e-14,3e-07,2.5,27.0,0.0002401568152354,0.0002670720639559,1.199361326627964e-10,2.460743940129477e-10,1.8300526333787204e-10,5304.500386604987,multi_sweep
NAND,B,multi_5,1.0,5e-14,3e-07,3.0,27.0,0.0002402990088145,0.0003200467771891,1.014219864056796e-10,2.4811032415797107e-10,1.7476615528182536e-10,5065.685660342764,multi_sweep
NAND,B,multi_5,1.0,5e-14,3e-07,3.5,27.0,0.0002404359851759,0.0003726147992236,8.879081684578577e-11,2.501159806551178e-10,1.6945339875045178e-10,4911.692717404399,multi_sweep
NAND,B,multi_5,1.0,5e-14,3e-07,4.0,27.0,0.0002405682074591,0.0004248848909291,7.899961457551808e-11,2.5209426571246346e-10,1.655469401439908e-10,4798.462033159154,multi_sweep
NAND,B,multi_5,1.0,5e-14,4e-07,2.0,27.0,0.0003185907002805,0.0002848942238068,1.138786673026832e-10,1.858899561396923e-10,1.4988431172118775e-10,4344.472803512688,multi_sweep
NAND,B,multi_5,1.0,5e-14,4e-07,2.5,27.0,0.0003188465331895,0.0003552498510252,9.304074989937693e-11,1.8771435858230009e-10,1.403775542408385e-10,4068.914615676479,multi_sweep
NAND,B,multi_5,1.0,5e-14,4e-07,3.0,27.0,0.0003190901415501,0.0004250222448721,7.921219642622082e-11,1.895033694014072e-10,1.34357782913814e-10,3894.428490255478,multi_sweep
NAND,B,multi_5,1.0,5e-14,4e-07,3.5,27.0,0.0003193237536871,0.0004942304083841,6.905921955629288e-11,1.91264646784315e-10,1.3016193317030394e-10,3772.80965711026,multi_sweep
NAND,B,multi_5,1.0,5e-14,4e-07,4.0,27.0,0.0003195480622021,0.0005629031201391,6.197482891053919e-11,1.9299969846428459e-10,1.274872636874119e-10,3695.283005432229,multi_sweep
NAND,B,multi_5,1.0,5e-14,5e-07,2.0,27.0,0.0003965813085924,0.0003555458935248,9.401109517492572e-11,1.5396523453329478e-10,1.2398816485411026e-10,3593.8598508437763,multi_sweep
NAND,B,multi_5,1.0,5e-14,5e-07,2.5,27.0,0.000396982424943,0.0004428203054512,7.747326959007455e-11,1.558553048675576e-10,1.1666428722881608e-10,3381.573542864234,multi_sweep
NAND,B,multi_5,1.0,5e-14,5e-07,3.0,27.0,0.0003973631863459,0.000529181690686,6.592057691394983e-11,1.5767557676335137e-10,1.1179807683865059e-10,3240.523966337699,multi_sweep
NAND,B,multi_5,1.0,5e-14,5e-07,3.5,27.0,0.0003977257393681,0.0006165255118546,5.97250429495966e-11,1.594821038559523e-10,1.0960357340277443e-10,3176.915171094912,multi_sweep
NAND,B,multi_5,1.0,5e-14,5e-07,4.0,27.0,0.0003980721813293,0.0007018452922488,5.356918273270894e-11,1.6125388353396117e-10,1.0741153313333507e-10,3113.3777719807267,multi_sweep
